sample_id,group,batch,measure_1,tx_count_total,genes_detected,mito_fraction,ribo_fraction,mean_gc_percent,duplication_rate,median_tx_length,counts_gene_of_interest,target_a,target_b
GEN-500158,TreatmentB,B01,103.51,1274648,15103,0.0354,0.2627,45.95,0.2833,1681,595,0,1
GEN-500356,TreatmentB,B02,102.78,4967211,15502,0.1596,0.1346,47.15,0.134,2007,1006,0,1
GEN-500703,TreatmentA,B02,93.99,783147,14472,0.0542,0.1031,40.05,0.1496,2672,439,1,0
GEN-500508,TreatmentA,B03,99.69,2139657,13354,0.0414,0.1167,45.29,0.0777,1075,912,1,1
GEN-500030,Control,B03,108.78,712821,12008,0.1286,0.0868,44.01,0.0578,2421,159,0,1
GEN-500338,Control,B01,73.69,3223192,9434,0.0277,0.121,48.74,0.1216,1927,96,0,0
GEN-500761,TreatmentA,B01,85.4,1964237,11776,0.1019,0.1427,47.45,0.1547,2512,826,0,1
GEN-500807,Control,B02,119.43,1877356,13431,0.0642,0.0897,47.01,0.1758,4858,418,0,1
GEN-500963,TreatmentA,B02,98.51,1016029,16912,0.0157,0.1236,43.25,0.3759,1432,321,1,0
GEN-500514,TreatmentB,B03,95.35,607911,14216,0.0763,0.1863,48.32,0.2158,1462,641,0,1
GEN-500125,TreatmentA,B03,102.85,2913507,14071,0.0423,0.0659,46.7,0.2897,1261,325,0,0
GEN-500977,Control,B03,87.19,2338396,15439,0.027,0.0805,45.63,0.335,1106,489,1,0
GEN-500990,TreatmentB,B02,115.44,2123887,14863,0.008,0.1768,46.82,0.0609,2251,970,1,1
GEN-500832,Control,B01,118.7,893833,14960,0.0456,0.262,47.79,0.1944,1570,278,0,1
GEN-500612,TreatmentB,B03,97.84,1478441,16975,0.0394,0.1501,47.84,0.2636,1280,538,1,1
GEN-500719,Control,B03,79.02,2767243,15420,0.051,0.2385,47.96,0.1032,1859,240,0,0
GEN-500985,TreatmentA,B02,102.3,2442364,15834,0.0362,0.2021,47.51,0.1911,2062,354,0,0
GEN-500336,Control,B03,80.1,5327236,15217,0.0191,0.1024,45.34,0.3648,1436,66,0,0
GEN-500144,TreatmentA,B03,73.58,1466198,13787,0.1886,0.1458,47.6,0.0964,733,430,0,1
GEN-500651,Control,B03,120.91,1387275,14937,0.0372,0.1092,47.3,0.2626,1809,-38,0,0
GEN-500557,TreatmentA,B02,86.37,791571,16221,0.0212,0.0715,47.59,0.4173,1591,1444,1,1
GEN-500983,Control,B01,97.64,1038791,13907,0.0465,0.1854,48.01,0.3844,2216,-72,0,1
GEN-500775,Control,B02,125.89,1121318,16401,0.124,0.1184,48.23,0.1261,2418,-44,0,1
GEN-500543,Control,B03,104.03,391172,10659,0.0095,0.1563,50.87,0.2757,1051,580,1,1
GEN-500804,TreatmentB,B02,140.51,799792,13370,0.0272,0.1131,48.08,0.3241,2240,510,0,0
GEN-500166,TreatmentB,B03,56.86,2527898,13264,0.0234,0.2672,44.59,0.1914,954,640,1,0
GEN-500566,TreatmentB,B02,96.54,727268,13196,0.0296,0.0983,47.71,0.0548,1269,940,0,1
GEN-500029,TreatmentB,B02,111.46,766097,15247,0.1119,0.0809,44.9,0.2565,1445,549,0,0
GEN-500349,TreatmentB,B03,111.2,1024947,19322,0.069,0.158,47.01,0.1415,967,848,1,1
GEN-500404,Control,B01,107.59,1177364,18869,0.0609,0.1621,46.45,0.1745,1993,315,0,1
GEN-500652,TreatmentA,B01,82.56,685883,14399,0.038,0.1258,46.09,0.0505,2281,665,0,1
GEN-500063,TreatmentA,B03,95.48,2057556,17692,0.0239,0.1112,46.0,0.1844,808,524,1,1
GEN-500993,Control,B02,95.88,2619362,13140,0.0324,0.1822,46.04,0.2143,2487,121,1,1
GEN-500413,Control,B03,93.33,1174089,13588,0.0563,0.1354,49.54,0.2565,1312,5,1,0
GEN-500509,TreatmentB,B02,113.92,2100020,17529,0.0941,0.0481,48.84,0.0962,1913,1257,1,1
GEN-500695,TreatmentB,B03,102.96,1853111,15723,0.0472,0.1799,42.66,0.1053,3477,834,1,0
GEN-500515,Control,B01,84.86,894226,13765,0.0065,0.1977,46.92,0.2095,1370,-17,0,1
GEN-500051,TreatmentB,B02,87.85,716081,13978,0.031,0.0749,46.71,0.1415,3330,1477,1,1
GEN-500735,Control,B01,108.86,2403919,16780,0.046,0.113,47.62,0.0849,2523,-23,1,1
GEN-500115,TreatmentA,B02,58.77,3070375,12299,0.0792,0.1183,44.39,0.2616,2062,408,0,0
GEN-500538,Control,B03,100.53,2603220,12820,0.0774,0.2108,47.11,0.272,2113,3,0,1
GEN-500492,Control,B02,105.51,1845351,12018,0.0421,0.0922,46.41,0.2793,1525,893,0,0
GEN-500666,TreatmentB,B01,77.92,1072856,16667,0.0452,0.2403,47.28,0.0792,1638,807,1,0
GEN-500267,TreatmentB,B03,90.31,1057749,17490,0.0256,0.2665,46.11,0.1497,1140,886,1,1
GEN-500945,TreatmentA,B03,100.78,2566820,13732,0.0733,0.0425,45.82,0.2013,1399,530,0,0
GEN-500314,TreatmentB,B03,82.5,501144,19291,0.1575,0.0711,44.18,0.1269,1447,825,0,0
GEN-500173,Control,B01,106.83,1240832,10172,0.0352,0.1381,46.05,0.2002,1787,195,0,1
GEN-500911,Control,B03,87.26,1834612,15865,0.024,0.1125,44.99,0.2125,1455,-14,1,0
GEN-500099,Control,B02,75.93,2044008,14590,0.0534,0.2757,49.03,0.2409,1390,1137,1,0
GEN-500640,TreatmentB,B02,110.27,2403725,17851,0.0009,0.18,43.76,0.1688,2474,1726,1,0
GEN-500546,Control,B03,116.02,472497,10211,0.0557,0.0737,49.88,0.1566,1027,150,0,0
GEN-500687,TreatmentA,B01,96.02,2350762,16384,0.0238,0.1606,40.39,0.3003,1703,411,0,0
GEN-500399,Control,B01,92.63,3092316,17580,0.0057,0.15,46.46,0.149,2443,120,1,1
GEN-500473,Control,B01,133.88,1609451,11646,0.0217,0.1259,47.94,0.2593,1958,422,1,1
GEN-500147,Control,B01,90.75,1160990,13398,0.0165,0.0265,45.12,0.1541,1509,300,0,0
GEN-500159,TreatmentA,B02,93.45,1309023,13949,0.0566,0.0377,46.13,0.1013,1169,585,0,1
GEN-500442,TreatmentB,B01,99.09,675863,16411,0.0472,0.1029,48.28,0.059,1848,643,1,1
GEN-500732,TreatmentB,B02,117.0,2330743,15111,0.1189,0.1833,46.71,0.1405,2926,938,0,0
GEN-500701,TreatmentA,B03,106.76,1869566,15101,0.1253,0.1618,44.48,0.3187,1786,883,1,1
GEN-500198,TreatmentB,B01,112.78,3007347,18464,0.0558,0.1325,45.73,0.0882,1174,616,0,1
GEN-500595,TreatmentB,B01,90.32,1348196,16590,0.0707,0.0601,49.44,0.1292,2568,508,0,1
GEN-500307,TreatmentB,B01,148.23,2292986,20259,0.0319,0.0746,47.33,0.0762,1124,656,1,1
GEN-500222,Control,B02,92.43,517900,14240,0.045,0.1556,40.26,0.2944,1473,321,1,0
GEN-500261,Control,B01,107.32,531976,17549,0.0256,0.117,48.98,0.2195,1462,-25,0,0
GEN-500818,TreatmentB,B01,115.7,1502678,13595,0.0265,0.0785,46.69,0.0361,1534,1357,1,1
GEN-500956,Control,B01,118.07,2187166,12336,0.0624,0.1546,47.52,0.1332,1302,-97,0,0
GEN-500689,TreatmentB,B02,123.01,645230,16582,0.016,0.1982,46.53,0.2726,1576,560,0,1
GEN-500279,Control,B01,80.6,973038,12312,0.0351,0.1072,49.5,0.1398,935,429,1,0
GEN-500841,Control,B03,117.72,2436038,12954,0.0206,0.0682,45.8,0.1168,1058,627,0,1
GEN-500148,TreatmentB,B03,98.74,1677078,13127,0.0024,0.1441,45.49,0.1776,1455,1437,1,1
GEN-500946,Control,B03,106.65,3705408,13693,0.0415,0.1241,47.8,0.169,3278,610,0,0
GEN-500266,TreatmentA,B01,81.0,3866889,14194,0.0372,0.0601,48.62,0.3268,1989,437,0,0
GEN-500126,TreatmentA,B02,94.11,254738,14125,0.0273,0.0735,46.57,0.1332,1268,480,1,1
GEN-500052,TreatmentA,B02,104.02,1240049,12659,0.1333,0.1731,47.84,0.201,1011,460,0,1
GEN-500980,Control,B03,108.32,428462,13599,0.0471,0.2485,49.58,0.1842,1769,805,1,0
GEN-500202,TreatmentB,B01,87.05,679246,14066,0.0028,0.085,49.68,0.1038,1184,1452,1,0
GEN-500926,TreatmentA,B01,114.19,2125470,19785,0.1379,0.1495,47.58,0.1558,1960,269,0,0
GEN-500168,TreatmentB,B02,116.3,1783095,16807,0.0246,0.0786,47.79,0.0764,964,942,1,1
GEN-500089,TreatmentB,B03,118.16,3277471,14564,0.042,0.2036,50.14,0.153,1491,2249,1,0
GEN-500878,TreatmentA,B03,95.82,733262,18488,0.0304,0.0282,47.21,0.1129,1304,661,0,1
GEN-500503,TreatmentB,B03,105.85,3255552,16799,0.0147,0.1778,47.04,0.1448,2408,557,0,1
GEN-500042,TreatmentA,B01,96.63,2314460,13292,0.1102,0.0591,44.55,0.0962,1666,1206,0,1
GEN-500308,Control,B02,98.89,2566775,19270,0.0016,0.1316,44.73,0.2563,1205,1069,1,0
GEN-500231,TreatmentA,B02,112.1,2714009,14770,0.0407,0.1031,51.15,0.1421,1069,921,1,1
GEN-500872,TreatmentA,B02,108.44,2417467,12856,0.0359,0.0446,46.57,0.2377,1550,316,0,0
GEN-500346,TreatmentA,B03,111.89,1013830,14240,0.0576,0.1225,47.2,0.2676,1780,521,1,0
GEN-500118,TreatmentA,B03,114.09,3105878,13797,0.0208,0.1385,47.56,0.1603,2128,1356,1,1
GEN-500621,Control,B02,74.69,2408292,13702,0.1055,0.1557,46.13,0.2713,1106,454,0,1
GEN-500136,Control,B02,112.13,4015001,11207,0.0291,0.161,49.63,0.2152,1552,323,1,0
GEN-500897,Control,B01,110.09,2065061,15588,0.0108,0.0898,48.09,0.0945,1367,649,1,1
GEN-500833,TreatmentA,B03,110.27,2061777,15255,0.0152,0.1578,44.99,0.1397,1487,562,0,1
GEN-500242,Control,B02,104.41,2273015,12050,0.0155,0.1656,43.98,0.3283,2595,1661,1,1
GEN-500478,Control,B03,92.59,917325,12584,0.0819,0.0815,48.49,0.3142,2515,114,0,0
GEN-500741,Control,B02,87.08,2702030,12865,0.0526,0.1573,42.67,0.2008,2454,662,0,0
GEN-500673,TreatmentB,B02,93.01,2651297,20402,0.0416,0.2579,50.53,0.0392,690,652,0,0
GEN-500276,Control,B01,112.64,3316624,14137,0.0396,0.0543,45.43,0.1975,2207,291,1,0
GEN-500496,TreatmentA,B03,76.77,291780,15407,0.0519,0.1353,46.69,0.0878,998,195,1,1
GEN-500527,TreatmentB,B01,79.05,1371738,15296,0.0268,0.187,48.78,0.2056,1273,838,1,0
GEN-500510,Control,B02,95.96,1768122,12768,0.082,0.0892,47.46,0.0984,2379,386,1,1
GEN-500898,TreatmentA,B01,97.19,1013798,15761,0.0366,0.0914,44.96,0.2707,1369,1147,1,1
GEN-500121,TreatmentA,B03,85.79,1523055,15532,0.064,0.0832,46.66,0.1584,1098,578,0,0
GEN-500888,Control,B03,101.26,1593037,21266,0.0333,0.1049,45.64,0.1279,1540,57,0,1
GEN-500908,TreatmentB,B02,101.38,1544608,16389,0.0881,0.1443,49.22,0.2606,1204,512,0,0
GEN-500394,Control,B02,92.54,1148217,16836,0.1607,0.1349,45.48,0.4132,1161,57,0,1
GEN-500212,TreatmentB,B02,93.28,756157,15409,0.1023,0.0918,49.25,0.1831,1865,1353,1,0
GEN-500891,Control,B01,110.31,2157284,14369,0.0794,0.235,46.25,0.309,1493,105,0,1
GEN-500583,TreatmentA,B02,87.22,2229151,14211,0.0607,0.1878,48.03,0.1146,1976,344,0,0
GEN-500658,TreatmentB,B03,111.88,3600937,13807,0.0357,0.1465,44.7,0.3547,2366,472,1,1
GEN-500102,Control,B01,94.94,3706266,13071,0.0176,0.0766,46.57,0.2137,1637,740,1,1
GEN-500324,Control,B02,67.59,3672589,14324,0.0585,0.2045,48.0,0.2996,825,-46,0,1
GEN-500702,TreatmentA,B02,116.42,619067,19804,0.0452,0.1659,45.1,0.155,3050,1328,1,0
GEN-500822,TreatmentA,B02,109.2,1186872,16289,0.0328,0.1301,46.24,0.2141,1043,727,1,1
GEN-500726,Control,B03,113.53,1795241,13221,0.0555,0.0918,43.09,0.1381,1456,131,0,0
GEN-500116,TreatmentB,B02,93.86,1371889,14997,0.1202,0.094,48.68,0.3035,839,982,0,0
GEN-500643,TreatmentA,B03,73.27,4050229,14739,0.0961,0.2247,48.06,0.1448,1767,836,0,0
GEN-500071,Control,B01,102.03,1004599,13845,0.0252,0.1307,47.48,0.0559,2842,451,0,1
GEN-500396,Control,B03,107.57,1361415,16557,0.0597,0.1619,46.98,0.5186,1079,61,0,1
GEN-500053,Control,B01,109.7,1652179,13447,0.0086,0.0919,46.89,0.3001,1956,236,1,1
GEN-500861,TreatmentB,B02,85.02,649473,14346,0.0316,0.1965,44.31,0.2298,1158,1071,1,1
GEN-500809,TreatmentA,B02,108.2,1997354,14966,0.0815,0.1527,43.38,0.1734,1778,260,1,1
GEN-500992,Control,B03,105.8,1800174,9453,0.0256,0.152,47.86,0.1826,2269,249,0,0
GEN-500819,TreatmentB,B01,90.47,738515,15937,0.0137,0.1755,45.14,0.0414,2255,541,0,0
GEN-500045,TreatmentB,B01,87.26,1373898,19982,0.0474,0.0612,48.67,0.0548,2419,1296,1,1
GEN-500268,TreatmentB,B02,112.99,1889715,17389,0.0301,0.1745,47.75,0.3105,1280,551,1,1
GEN-500225,TreatmentA,B01,111.1,897696,12187,0.0436,0.1245,45.62,0.2749,1893,297,0,1
GEN-500014,Control,B03,90.8,2014503,13541,0.0768,0.2034,47.57,0.0556,2214,312,0,0
GEN-500618,Control,B02,85.31,1964603,10039,0.0376,0.0146,43.85,0.1699,1661,81,0,0
GEN-500370,TreatmentA,B03,123.19,1638070,13641,0.1047,0.2314,45.7,0.0678,1284,1281,1,0
GEN-500763,TreatmentB,B01,122.06,1370045,17394,0.0266,0.132,47.26,0.0981,1337,620,1,1
GEN-500769,TreatmentB,B01,100.35,2248780,10659,0.012,0.1576,44.61,0.1067,683,912,1,0
GEN-500305,Control,B03,122.78,1131301,13699,0.0576,0.2172,46.65,0.145,2154,61,0,1
GEN-500639,TreatmentA,B01,94.97,2046276,13271,0.0053,0.0983,47.47,0.3247,847,244,0,0
GEN-500056,Control,B03,106.6,1330438,14463,0.1673,0.0906,45.37,0.0928,1487,86,0,1
GEN-500423,TreatmentB,B02,75.11,1061346,13744,0.0623,0.0936,45.26,0.2077,2238,646,0,1
GEN-500395,Control,B01,97.5,3080925,17883,0.0316,0.1784,48.99,0.2715,1323,134,0,1
GEN-500713,TreatmentB,B03,101.71,1782837,17996,0.0051,0.0886,42.43,0.1726,918,597,1,0
GEN-500264,TreatmentA,B03,106.63,3214301,15816,0.0729,0.1594,46.4,0.2892,3936,399,0,1
GEN-500715,Control,B02,87.33,2342765,16888,0.0604,0.1746,45.89,0.18,3095,334,0,0
GEN-500495,TreatmentA,B02,91.12,4435170,12640,0.0094,0.1961,47.58,0.1737,837,192,0,1
GEN-500207,Control,B01,97.47,1910023,15472,0.0523,0.119,48.61,0.2938,1569,274,0,0
GEN-500218,TreatmentA,B01,77.34,1046373,15431,0.0116,0.1889,49.11,0.3669,1415,977,1,0
GEN-500892,TreatmentB,B03,74.07,4733863,14095,0.0132,0.1437,47.01,0.1271,1086,421,1,1
GEN-500617,TreatmentB,B03,112.74,4460494,11497,0.036,0.1157,47.0,0.1743,1059,429,0,1
GEN-500693,Control,B03,108.68,1557712,15936,0.0296,0.1542,47.37,0.1578,1148,346,1,1
GEN-500015,Control,B02,112.31,977768,18160,0.0409,0.1723,47.65,0.1272,1758,726,1,1
GEN-500403,TreatmentB,B02,104.42,992429,16585,0.0395,0.1677,47.25,0.2737,1132,468,1,1
GEN-500839,TreatmentB,B01,101.77,2165271,15734,0.063,0.1194,49.39,0.084,2684,1072,1,1
GEN-500750,TreatmentA,B01,117.67,2732510,15356,0.1139,0.1329,46.97,0.1287,1158,952,0,1
GEN-500816,TreatmentB,B02,110.65,2935493,12860,0.1134,0.161,50.16,0.053,2116,1105,1,0
GEN-500165,TreatmentB,B01,101.94,3853685,17429,0.0196,0.1076,44.84,0.1717,715,865,1,0
GEN-500138,TreatmentA,B01,110.65,1306064,17685,0.0253,0.1298,51.23,0.277,1811,285,0,0
GEN-500095,TreatmentA,B03,86.99,2496127,13902,0.0394,0.1449,45.66,0.1923,1747,218,0,1
GEN-500092,TreatmentA,B02,105.21,991223,17508,0.1131,0.1786,47.95,0.1704,2067,579,0,0
GEN-500740,TreatmentA,B02,103.18,2931951,13190,0.0406,0.131,50.03,0.0607,1468,479,0,0
GEN-500454,Control,B02,98.03,1716829,11116,0.0355,0.2309,46.43,0.2626,1295,259,0,1
GEN-500649,Control,B02,113.13,2602063,12202,0.0142,0.1062,44.01,0.2251,900,643,0,0
GEN-500479,TreatmentA,B02,108.92,2678810,13616,0.0095,0.0746,47.64,0.1154,1082,231,1,1
GEN-500028,Control,B02,84.24,1783462,18497,0.0135,0.1953,42.42,0.2693,1652,-93,1,1
GEN-500683,TreatmentB,B03,90.87,610531,18389,0.0226,0.1125,44.08,0.1525,1642,608,0,0
GEN-500084,Control,B03,102.52,1477020,17562,0.0764,0.1019,48.32,0.358,3430,461,0,0
GEN-500585,TreatmentA,B02,102.97,1541523,16784,0.0041,0.1481,48.87,0.356,1151,539,1,0
GEN-500686,Control,B03,70.53,3289805,13310,0.0553,0.1467,45.0,0.035,1837,-26,1,0
GEN-500700,TreatmentA,B03,112.61,2075271,17590,0.0459,0.0503,44.26,0.3602,1722,636,1,0
GEN-500291,TreatmentB,B01,116.59,1396549,14762,0.0297,0.1116,43.8,0.2481,871,869,0,0
GEN-500801,TreatmentA,B01,105.21,2331567,15857,0.0229,0.134,45.45,0.2704,1686,513,1,1
GEN-500812,TreatmentA,B02,79.44,1326153,13752,0.0395,0.1918,45.7,0.1232,1346,199,0,0
GEN-500998,Control,B03,96.46,4863885,14589,0.0935,0.0958,47.93,0.1923,2061,673,0,0
GEN-500003,TreatmentB,B02,84.76,802477,17095,0.0395,0.084,46.75,0.3581,1647,1038,1,0
GEN-500047,TreatmentB,B01,107.03,1210657,15557,0.0251,0.1941,43.39,0.1034,2351,673,1,0
GEN-500862,TreatmentB,B02,80.72,1442781,17618,0.0781,0.0456,45.83,0.1258,1616,1457,1,1
GEN-500064,TreatmentB,B03,125.23,418410,15607,0.0211,0.1451,50.13,0.1241,2514,661,1,0
GEN-500411,Control,B02,101.01,1750290,13021,0.0941,0.2381,43.11,0.0904,1242,307,1,0
GEN-500334,TreatmentA,B02,98.54,2137652,15350,0.0688,0.1577,45.65,0.2538,1100,266,0,1
GEN-500317,Control,B03,92.6,1694842,13796,0.0316,0.0982,44.96,0.0679,2239,978,1,1
GEN-500214,TreatmentB,B03,103.16,1143719,18334,0.0225,0.1761,46.36,0.2496,1769,530,1,1
GEN-500748,TreatmentB,B03,82.9,3108266,20789,0.1074,0.2182,47.96,0.1767,1429,829,1,0
GEN-500374,TreatmentB,B01,104.8,848444,13528,0.0161,0.147,41.4,0.5367,1863,664,0,0
GEN-500401,Control,B01,114.42,1414318,14194,0.0224,0.1874,47.15,0.0995,2035,27,1,0
GEN-500425,Control,B03,92.96,791722,16192,0.0795,0.1104,43.68,0.1362,2743,586,0,0
GEN-500441,Control,B01,76.71,2400423,13129,0.102,0.211,42.25,0.2179,1678,263,0,0
GEN-500439,TreatmentA,B02,103.24,1470045,13550,0.0799,0.1238,46.04,0.4585,2403,474,0,1
GEN-500951,Control,B03,99.21,1216745,11777,0.0086,0.0987,49.48,0.3096,1386,509,0,0
GEN-500722,TreatmentA,B03,97.5,1720900,17163,0.0085,0.0896,47.77,0.0913,1926,292,1,1
GEN-500429,TreatmentB,B02,86.0,924535,14284,0.0887,0.1806,48.05,0.2278,2132,1185,1,1
GEN-500070,TreatmentA,B03,104.76,2522504,14722,0.0908,0.1047,46.5,0.1584,2044,1952,1,1
GEN-500521,TreatmentB,B01,87.6,1188815,14430,0.0442,0.0342,46.21,0.2713,1854,452,0,0
GEN-500762,TreatmentB,B01,111.99,488596,18253,0.0277,0.1045,46.08,0.1666,3782,423,1,0
GEN-500766,TreatmentB,B01,125.79,2159378,16326,0.0377,0.1852,46.92,0.2787,1103,947,0,1
GEN-500835,Control,B03,80.98,1950529,18788,0.0586,0.1216,48.77,0.0565,1380,-89,0,0
GEN-500400,TreatmentA,B02,79.16,1039042,16708,0.0445,0.1356,46.1,0.2253,1271,422,0,1
GEN-500706,Control,B02,75.53,3154531,13215,0.0354,0.1356,46.98,0.0781,1305,194,0,1
GEN-500788,Control,B01,101.51,1641636,12134,0.0324,0.1701,44.24,0.3594,1474,187,0,1
GEN-500519,TreatmentB,B02,95.3,3726970,14438,0.0682,0.1458,46.45,0.2553,2402,721,1,1
GEN-500156,TreatmentB,B02,70.27,1303215,16870,0.0113,0.1005,43.92,0.4159,1389,930,1,0
GEN-500590,TreatmentB,B03,99.72,2106025,18680,0.1418,0.1713,44.88,0.2008,2342,1101,1,1
GEN-500501,Control,B01,78.54,1794717,14704,0.0291,0.1708,48.4,0.171,1655,914,1,1
GEN-500663,TreatmentB,B01,115.1,1248000,18744,0.0598,0.1467,50.33,0.2177,2469,482,0,0
GEN-500082,TreatmentA,B01,101.56,2677172,14486,0.0595,0.216,46.13,0.2096,2081,572,0,1
GEN-500669,TreatmentB,B02,67.56,483819,19220,0.0343,0.1803,44.53,0.2768,1412,708,1,1
GEN-500151,TreatmentB,B03,111.78,762013,14649,0.0202,0.0525,43.37,0.2308,523,1160,1,0
GEN-500182,TreatmentB,B03,98.07,1316830,17920,0.0806,0.1975,46.7,0.1894,1535,1208,1,1
GEN-500462,Control,B01,140.79,2017285,11697,0.0737,0.0529,46.37,0.0778,2498,511,0,1
GEN-500699,TreatmentB,B02,99.03,2297706,9993,0.0256,0.1188,46.78,0.2845,1851,917,1,0
GEN-500930,TreatmentA,B02,95.25,1227185,13255,0.0828,0.155,45.77,0.2386,1157,944,1,1
GEN-500377,Control,B01,116.0,1306188,13209,0.0212,0.4243,47.16,0.0789,1150,502,0,0
GEN-500435,Control,B02,72.74,1948699,14649,0.0153,0.1652,46.94,0.0949,2056,-93,0,0
GEN-500680,Control,B02,101.85,1969821,15133,0.0186,0.0651,47.48,0.1724,1077,73,0,1
GEN-500765,TreatmentA,B03,95.17,1963417,15355,0.0416,0.1666,45.61,0.3344,1375,240,1,1
GEN-500773,TreatmentA,B02,118.37,1743398,14137,0.0272,0.0857,51.06,0.1647,1969,439,1,1
GEN-500274,TreatmentB,B03,125.33,384881,17930,0.0368,0.3096,44.03,0.1798,1969,622,0,0
GEN-500097,TreatmentB,B01,98.66,3227958,16990,0.045,0.0941,44.01,0.2996,1938,698,1,0
GEN-500883,TreatmentA,B02,103.32,1071350,20584,0.0498,0.1634,48.24,0.079,1971,564,1,0
GEN-500555,TreatmentB,B03,97.19,1649910,16657,0.0439,0.0682,41.16,0.2102,1906,556,0,1
GEN-500288,Control,B01,80.77,3690592,15918,0.1115,0.0732,43.39,0.0924,2382,-17,0,0
GEN-500845,TreatmentB,B02,107.68,3103811,13935,0.0026,0.0569,44.96,0.1221,1480,699,1,1
GEN-500829,TreatmentB,B02,83.3,1247463,16459,0.0521,0.0318,45.57,0.2026,1399,1001,1,1
GEN-500236,TreatmentB,B02,102.93,2494340,14773,0.0234,0.1339,43.35,0.2572,1633,701,1,0
GEN-500466,TreatmentA,B03,107.56,4615187,13624,0.0311,0.2328,50.49,0.1756,1611,327,0,0
GEN-500823,Control,B03,115.07,4001031,11874,0.0359,0.0688,45.44,0.2104,2469,229,0,1
GEN-500601,TreatmentA,B03,95.04,2475410,13202,0.0567,0.1665,43.97,0.22,2117,868,1,0
GEN-500751,TreatmentB,B01,98.66,1480700,14459,0.0275,0.1662,44.33,0.2323,1529,551,0,1
GEN-500610,TreatmentA,B01,105.77,2134282,19121,0.0734,0.1419,45.42,0.2372,2134,644,0,1
GEN-500842,TreatmentB,B01,88.9,2796837,15464,0.0509,0.1329,46.55,0.059,1571,572,1,1
GEN-500613,TreatmentA,B02,104.4,470950,14844,0.0359,0.2344,44.06,0.2055,3109,1166,1,0
GEN-500738,TreatmentA,B02,94.69,1845259,13463,0.0768,0.0534,48.19,0.1372,999,595,0,1
GEN-500876,Control,B02,116.74,2566286,12347,0.0038,0.2007,46.64,0.131,1320,-5,0,0
GEN-500292,TreatmentB,B02,117.2,2523172,10528,0.1005,0.1839,43.1,0.047,2061,611,0,0
GEN-500285,TreatmentA,B02,88.94,597142,13434,0.051,0.1353,46.83,0.272,1061,403,0,1
GEN-500178,TreatmentA,B03,105.55,3780252,16435,0.0924,0.0813,45.96,0.0602,1658,218,1,1
GEN-500331,TreatmentA,B02,86.79,2578962,15749,0.1002,0.0708,46.28,0.0859,1505,603,1,1
GEN-500975,TreatmentB,B02,100.55,2095795,19656,0.1331,0.0916,46.35,0.2132,1380,1052,1,1
GEN-500955,TreatmentA,B02,106.24,1784156,13649,0.0662,0.0718,45.34,0.0566,1107,311,0,1
GEN-500209,TreatmentA,B01,132.76,1369829,16976,0.0592,0.0681,46.38,0.118,1069,541,0,1
GEN-500323,Control,B01,116.92,2545667,13943,0.0338,0.2224,45.8,0.283,1059,328,0,1
GEN-500989,TreatmentB,B01,84.85,1509369,18099,0.0353,0.2284,47.74,0.1713,1231,1059,1,0
GEN-500747,Control,B02,111.93,590453,13884,0.0699,0.105,43.37,0.1741,1148,169,0,0
GEN-500354,TreatmentB,B03,136.15,3090049,11927,0.0178,0.1643,50.92,0.3806,1036,732,1,0
GEN-500390,Control,B02,94.53,549840,11104,0.0254,0.1609,47.56,0.2136,1215,450,0,1
GEN-500440,Control,B03,110.34,693086,14702,0.0518,0.2397,50.01,0.2424,1389,1691,1,1
GEN-500130,Control,B01,107.75,905008,11581,0.043,0.1145,45.21,0.0657,2057,354,0,1
GEN-500529,Control,B01,92.35,2691763,13410,0.0405,0.1962,40.42,0.3056,1424,220,0,1
GEN-500802,Control,B02,108.77,1042772,12826,0.0759,0.1962,49.27,0.2625,1404,-35,0,1
GEN-500039,TreatmentB,B01,111.84,3859207,18461,0.0737,0.1031,47.38,0.1949,1092,676,1,1
GEN-500794,Control,B01,122.32,2506275,10594,0.0213,0.1653,43.16,0.0893,1541,24,0,0
GEN-500433,Control,B01,101.57,2755418,12631,0.02,0.2029,48.47,0.2704,1411,135,1,1
GEN-500477,TreatmentB,B03,84.4,1194539,13440,0.066,0.1388,48.16,0.1922,2758,439,0,0
GEN-500119,TreatmentA,B02,71.55,3102904,14796,0.0466,0.0888,45.31,0.2665,762,889,1,0
GEN-500321,TreatmentA,B02,85.39,1023221,16256,0.0337,0.1167,44.9,0.2026,1360,271,1,1
GEN-500463,TreatmentA,B01,90.59,2882763,15365,0.095,0.1278,43.36,0.1261,1513,196,1,0
GEN-500150,TreatmentA,B03,110.73,2340829,13662,0.0354,0.2058,46.97,0.1694,2173,471,0,1
GEN-500227,TreatmentA,B02,122.88,2380231,17157,0.0298,0.1131,47.97,0.2355,1643,480,1,0
GEN-500287,TreatmentA,B01,124.17,1889077,13377,0.0472,0.147,46.67,0.2508,2459,590,0,1
GEN-500690,TreatmentA,B01,70.97,1891787,12710,0.0453,0.1477,46.74,0.2993,2495,433,0,1
GEN-500924,TreatmentA,B01,102.9,1729194,18794,0.0068,0.1387,49.58,0.1964,1083,972,1,0
GEN-500243,TreatmentA,B01,98.77,2714957,17804,0.0614,0.077,45.63,0.1916,1183,276,1,0
GEN-500303,TreatmentB,B03,111.66,1663247,16038,0.0264,0.1296,45.24,0.1905,1183,763,1,1
GEN-500611,Control,B03,83.35,1819178,10054,0.0767,0.0885,46.48,0.1669,1549,448,0,1
GEN-500502,Control,B02,74.24,1384479,16726,0.1084,0.2223,47.54,0.2309,2199,400,1,1
GEN-500948,TreatmentB,B03,111.82,1055738,14752,0.0467,0.184,44.16,0.2089,1993,506,0,1
GEN-500609,TreatmentB,B03,111.5,4351778,16307,0.075,0.0485,48.11,0.0955,1925,496,1,1
GEN-500645,Control,B02,80.16,1641334,12598,0.0065,0.0524,48.43,0.0867,2653,1221,1,1
GEN-500345,Control,B03,87.83,1482224,16941,0.0167,0.0808,49.92,0.2144,1165,-25,1,0
GEN-500545,TreatmentA,B01,98.13,1705351,13610,0.0956,0.1346,44.79,0.0879,1039,551,0,1
GEN-500565,TreatmentA,B02,114.71,1099923,14234,0.0228,0.144,48.94,0.1185,2593,265,0,0
GEN-500650,TreatmentB,B03,89.83,1142450,12059,0.0343,0.1469,44.35,0.0822,1364,864,1,1
GEN-500313,Control,B02,103.76,1311301,12508,0.0868,0.0965,51.28,0.0405,2736,280,0,1
GEN-500270,Control,B02,123.84,1700813,13514,0.0107,0.0888,42.81,0.1089,3259,35,1,0
GEN-500237,TreatmentA,B02,95.39,1664827,13940,0.0463,0.0342,47.83,0.0421,2749,771,1,1
GEN-500445,TreatmentA,B02,122.75,796247,16044,0.0305,0.1353,44.14,0.1294,994,604,0,0
GEN-500919,TreatmentB,B01,112.78,1679068,14333,0.0531,0.1065,45.8,0.1969,1773,713,1,1
GEN-500241,Control,B03,73.61,2823472,12838,0.0367,0.1784,47.94,0.191,1413,511,1,1
GEN-500589,TreatmentA,B02,73.13,567030,14142,0.0488,0.1111,44.98,0.1549,2884,347,0,1
GEN-500078,Control,B03,101.08,1996773,13136,0.0314,0.1487,45.46,0.3655,1768,207,1,1
GEN-500778,Control,B02,77.53,2142332,15171,0.0314,0.1506,42.37,0.1071,2011,185,1,0
GEN-500754,TreatmentB,B03,71.74,2148010,13076,0.0519,0.1244,48.14,0.0457,2418,627,1,1
GEN-500057,Control,B02,72.75,1817722,12492,0.0432,0.1797,45.07,0.2784,1475,322,0,1
GEN-500880,TreatmentA,B01,96.84,2793744,17729,0.0401,0.1132,48.49,0.1779,2398,417,0,0
GEN-500155,Control,B01,103.36,1589761,11900,0.0311,0.3017,48.8,0.2614,2123,490,0,1
GEN-500598,TreatmentA,B01,99.61,1151001,14411,0.0289,0.0843,46.5,0.0994,3246,241,1,1
GEN-500662,TreatmentA,B01,114.69,2603617,15833,0.0552,0.1613,46.76,0.1055,1115,625,1,1
GEN-500584,TreatmentB,B01,108.85,2159207,16299,0.0304,0.1301,48.8,0.2132,1427,1150,1,0
GEN-500223,TreatmentA,B03,100.97,2879278,18658,0.0384,0.1359,46.57,0.1191,2271,294,1,1
GEN-500079,TreatmentB,B01,97.27,2800794,14250,0.1259,0.1075,48.59,0.0978,1653,468,0,1
GEN-500311,TreatmentB,B02,116.08,2560744,17057,0.1051,0.1673,45.7,0.2806,1740,491,0,1
GEN-500146,TreatmentA,B02,109.25,1529224,15520,0.0508,0.1159,45.42,0.3269,2246,524,0,0
GEN-500431,Control,B01,100.91,872710,18351,0.0368,0.1653,49.72,0.1964,1315,86,1,0
GEN-500322,TreatmentB,B01,122.43,1201331,18972,0.0298,0.2218,41.54,0.1722,1342,750,1,0
GEN-500626,TreatmentB,B03,109.3,4776550,17088,0.059,0.148,48.24,0.1226,1895,524,1,0
GEN-500286,TreatmentA,B01,94.97,1514742,15277,0.0605,0.1438,48.86,0.0256,1428,1099,1,0
GEN-500889,TreatmentB,B01,106.73,1575800,16295,0.0581,0.0927,49.26,0.2875,1754,748,1,0
GEN-500359,Control,B03,108.37,1961127,9849,0.0204,0.1113,48.1,0.1779,1581,818,0,0
GEN-500986,TreatmentA,B01,86.23,2749894,16754,0.0466,0.1245,43.58,0.2314,1409,1202,1,0
GEN-500913,TreatmentA,B01,71.96,516301,13940,0.0299,0.1162,45.07,0.1275,1884,591,0,1
GEN-500420,TreatmentB,B03,94.31,498042,17217,0.0277,0.1099,47.17,0.271,1765,492,1,1
GEN-500141,TreatmentB,B03,93.72,962748,15823,0.0136,0.2413,48.63,0.1267,1516,722,0,0
GEN-500900,TreatmentB,B03,99.17,670977,16920,0.0112,0.1612,45.7,0.2767,1269,471,1,1
GEN-500203,TreatmentA,B01,95.3,2858223,15311,0.1748,0.118,47.16,0.2397,1405,965,0,1
GEN-500531,TreatmentB,B01,99.38,2193902,11076,0.0917,0.1239,46.97,0.1411,1866,1253,0,1
GEN-500325,Control,B03,137.08,374951,17201,0.0186,0.1253,47.32,0.1734,1267,78,1,1
GEN-500175,TreatmentB,B02,122.7,1826624,13828,0.0348,0.1515,50.25,0.4042,961,538,0,0
GEN-500034,TreatmentA,B02,127.25,2047600,12940,0.0906,0.1673,47.19,0.3798,1483,656,0,1
GEN-500131,TreatmentB,B02,124.47,1899838,20338,0.0201,0.085,45.96,0.0745,2715,768,1,1
GEN-500972,TreatmentB,B01,96.08,3747115,16900,0.0743,0.1457,45.62,0.1607,938,635,0,1
GEN-500665,Control,B02,124.52,4004493,14994,0.0212,0.1599,49.63,0.1576,1804,321,0,0
GEN-500755,TreatmentA,B02,83.74,4735858,14118,0.0414,0.121,47.02,0.0564,1591,298,1,1
GEN-500275,Control,B01,100.87,1418283,15328,0.0027,0.176,48.69,0.0856,1644,283,1,0
GEN-500779,Control,B03,100.05,1339067,11748,0.0759,0.1014,48.21,0.2143,2409,648,0,0
GEN-500959,Control,B03,113.7,3808488,14542,0.0805,0.139,48.28,0.1799,1013,3,0,0
GEN-500157,Control,B02,103.68,868480,11131,0.038,0.1778,47.7,0.117,1371,111,0,0
GEN-500306,TreatmentA,B01,86.57,1351851,14911,0.0842,0.1627,46.62,0.3102,1371,585,0,1
GEN-500341,Control,B03,99.04,874544,13494,0.0674,0.1302,46.05,0.4953,1114,290,0,1
GEN-500127,TreatmentB,B02,84.71,818385,14017,0.0214,0.0821,49.46,0.3338,758,792,0,0
GEN-500296,TreatmentA,B02,107.74,2700739,15863,0.0519,0.1444,45.28,0.0288,1045,628,1,1
GEN-500933,TreatmentA,B01,111.88,2909540,14052,0.0667,0.2295,43.85,0.2867,2061,352,0,1
GEN-500143,TreatmentA,B03,99.65,3232160,18763,0.0358,0.1458,46.76,0.1099,2103,349,1,1
GEN-500298,TreatmentB,B03,119.72,1852991,16912,0.0658,0.087,45.74,0.1808,2081,1344,1,1
GEN-500723,Control,B03,121.52,1509996,13330,0.1167,0.2058,50.51,0.0849,1325,-43,0,0
GEN-500836,TreatmentB,B01,84.06,1392207,16468,0.018,0.1397,47.64,0.1671,2610,489,1,0
GEN-500847,TreatmentA,B01,109.52,2249412,13602,0.0317,0.0702,48.86,0.1336,2382,403,1,1
GEN-500350,TreatmentB,B02,100.22,2072341,14719,0.0462,0.1744,45.67,0.2206,1366,547,0,1
GEN-500577,TreatmentA,B01,101.87,1599795,16411,0.0844,0.2728,44.98,0.1189,2051,392,0,0
GEN-500976,TreatmentA,B01,106.95,1607613,16024,0.1046,0.2351,46.22,0.2201,1206,209,0,1
GEN-500965,TreatmentB,B03,121.21,1598051,15751,0.0761,0.1724,48.55,0.1054,2996,643,1,0
GEN-500500,TreatmentB,B03,103.57,2574968,15391,0.0218,0.0592,45.75,0.2647,3792,615,0,0
GEN-500797,Control,B01,116.64,2588273,15372,0.0129,0.2288,42.78,0.0737,1082,291,1,0
GEN-500744,TreatmentA,B01,110.39,1611389,16152,0.0298,0.1847,47.01,0.1645,1092,314,1,1
GEN-500393,TreatmentA,B02,108.21,1070958,16296,0.0164,0.1342,45.94,0.1675,1262,203,1,1
GEN-500937,Control,B01,94.9,1216452,15683,0.0185,0.112,44.07,0.1602,1440,-53,0,1
GEN-500582,TreatmentA,B01,139.84,2336810,11401,0.0487,0.2,44.97,0.5003,3719,264,1,1
GEN-500333,Control,B01,106.16,2916900,17584,0.0304,0.1614,44.5,0.2854,2620,197,1,1
GEN-500875,Control,B02,115.78,762616,13879,0.0379,0.1207,48.08,0.1511,692,440,0,1
GEN-500193,TreatmentA,B01,102.77,866611,12553,0.0502,0.1973,46.11,0.2508,1661,325,0,1
GEN-500020,TreatmentA,B01,118.17,1943252,17498,0.0503,0.0782,44.15,0.2565,2143,223,0,0
GEN-500958,Control,B02,118.03,1297555,15758,0.1344,0.1241,46.61,0.1526,1426,660,0,1
GEN-500851,TreatmentA,B03,87.34,2156172,15207,0.0285,0.1451,47.78,0.0443,1619,170,0,0
GEN-500731,Control,B02,132.08,1828300,12527,0.0158,0.0499,48.01,0.159,1930,421,0,0
GEN-500460,TreatmentB,B01,71.53,1303371,15980,0.0324,0.0827,47.1,0.127,2390,914,0,1
GEN-500991,TreatmentA,B03,132.39,1438044,15717,0.0013,0.0782,47.46,0.1964,1600,346,1,0
GEN-500670,Control,B01,82.16,1048135,12507,0.0034,0.1696,49.69,0.2938,1056,133,0,0
GEN-500792,Control,B01,101.96,1406436,15935,0.0142,0.0859,43.76,0.0951,1657,504,0,0
GEN-500271,TreatmentA,B02,97.35,2540726,11688,0.01,0.0448,46.39,0.2722,1250,473,0,0
GEN-500826,TreatmentA,B01,74.12,1168452,17255,0.0117,0.1229,47.56,0.3725,1655,482,1,0
GEN-500973,Control,B02,100.78,3192921,13567,0.0677,0.0717,44.29,0.2603,3318,604,0,0
GEN-500506,Control,B01,102.29,1694588,9909,0.0651,0.1767,45.42,0.1539,933,295,0,1
GEN-500698,Control,B01,81.95,771315,15792,0.0464,0.1447,45.25,0.1077,1462,-45,1,0
GEN-500512,Control,B03,99.19,3186314,11718,0.0088,0.1177,43.51,0.1911,1864,843,1,0
GEN-500849,TreatmentB,B01,104.05,1930558,11341,0.0648,0.2563,43.71,0.1201,1345,914,0,0
GEN-500191,TreatmentA,B02,116.4,1392578,13806,0.0285,0.1125,44.19,0.0755,1599,318,0,1
GEN-500484,TreatmentB,B03,97.56,1330046,16687,0.0535,0.2089,45.56,0.2599,1194,1042,1,1
GEN-500406,Control,B01,76.86,809374,15904,0.0041,0.087,45.51,0.1296,2964,429,1,1
GEN-500019,Control,B03,103.24,1265284,14508,0.0928,0.1927,49.55,0.2948,1347,150,0,1
GEN-500777,TreatmentB,B02,103.16,2199556,14658,0.074,0.108,47.36,0.1964,1169,953,0,1
GEN-500685,TreatmentA,B01,97.28,3346290,11473,0.0224,0.1275,47.2,0.05,1090,378,0,1
GEN-500342,Control,B02,93.03,802148,13974,0.1028,0.1134,48.33,0.1934,757,479,0,0
GEN-500578,Control,B03,89.05,258757,20095,0.0154,0.0749,49.04,0.1783,2648,115,1,0
GEN-500869,Control,B01,126.32,233501,14177,0.0277,0.2258,43.59,0.0674,1650,530,1,0
GEN-500054,Control,B03,95.32,634876,12488,0.0228,0.0597,47.36,0.1104,1340,400,0,0
GEN-500682,TreatmentB,B03,85.29,2177264,12480,0.0915,0.0695,50.06,0.2267,3138,605,0,0
GEN-500065,TreatmentB,B03,103.83,1795547,11411,0.0413,0.0608,50.29,0.0855,1113,768,0,1
GEN-500783,TreatmentA,B01,112.37,1207753,18348,0.0568,0.2314,47.11,0.08,1480,1164,1,0
GEN-500637,TreatmentB,B01,108.86,2939527,14124,0.0796,0.1312,44.61,0.2684,1326,685,0,0
GEN-500964,TreatmentB,B01,106.43,1308645,12896,0.0695,0.1211,47.11,0.1669,2094,538,0,1
GEN-500562,Control,B02,110.79,1179837,14637,0.0462,0.2005,51.39,0.1993,3224,185,0,0
GEN-500482,Control,B01,103.77,930206,17870,0.0714,0.1098,43.13,0.0916,1262,917,1,1
GEN-500456,TreatmentB,B03,97.58,2852537,12813,0.0129,0.2771,47.62,0.1753,2217,746,1,1
GEN-500185,Control,B03,119.85,2364667,14806,0.0321,0.1274,45.68,0.178,1488,590,0,1
GEN-500049,TreatmentB,B02,82.68,451739,16196,0.019,0.2927,47.17,0.1982,1534,1239,1,1
GEN-500553,TreatmentA,B03,86.25,1788313,11300,0.1034,0.1891,45.22,0.1505,2724,502,0,0
GEN-500348,TreatmentB,B01,84.41,1793070,15800,0.0165,0.1678,47.9,0.1745,1252,565,1,1
GEN-500172,Control,B01,101.2,1683449,12185,0.0361,0.092,46.85,0.337,1874,288,1,1
GEN-500074,TreatmentB,B03,81.39,1786178,16824,0.1033,0.2066,49.39,0.1501,2110,1317,0,0
GEN-500942,TreatmentB,B02,90.78,3181076,10403,0.0262,0.1263,46.63,0.2701,1572,787,0,1
GEN-500935,TreatmentB,B03,118.59,2073647,16396,0.0608,0.1214,46.08,0.1072,1048,564,1,1
GEN-500001,TreatmentB,B03,85.4,1413201,16359,0.0453,0.3174,47.93,0.3129,776,564,1,1
GEN-500997,TreatmentB,B02,85.97,1488636,14561,0.0395,0.1004,48.0,0.3319,1587,1012,1,0
GEN-500016,TreatmentB,B01,84.62,2070949,15958,0.0517,0.2116,44.62,0.1251,2412,531,1,0
GEN-500340,TreatmentA,B03,98.9,1168693,13500,0.0408,0.2191,46.01,0.2407,1666,390,0,1
GEN-500518,Control,B03,93.98,2560921,15542,0.0792,0.0754,47.26,0.0454,2693,67,0,1
GEN-500060,Control,B01,82.26,1333492,15274,0.0001,0.0828,51.4,0.1302,1472,21,1,0
GEN-500103,TreatmentA,B02,92.76,2271913,15796,0.0644,0.1125,41.75,0.2413,987,150,0,0
GEN-500062,TreatmentA,B01,77.05,3927556,15692,0.0132,0.2213,44.92,0.2298,1655,757,1,1
GEN-500318,TreatmentB,B03,97.23,731961,17145,0.0658,0.139,45.53,0.2042,2390,889,1,1
GEN-500491,TreatmentB,B03,64.97,2398091,14793,0.0474,0.0687,47.15,0.3065,1418,695,0,0
GEN-500154,TreatmentB,B03,109.14,2883738,15444,0.0163,0.1285,44.69,0.234,1286,672,0,1
GEN-500023,Control,B02,96.03,2386256,12245,0.0329,0.182,48.39,0.5745,1705,11,0,1
GEN-500083,TreatmentB,B01,102.2,1667442,15081,0.0339,0.2546,46.72,0.2072,1215,849,1,1
GEN-500854,TreatmentB,B01,99.24,1468563,18239,0.0047,0.0498,47.32,0.1514,2673,1264,1,1
GEN-500385,TreatmentB,B01,125.02,1526017,16125,0.0225,0.0746,44.12,0.1895,2664,781,1,0
GEN-500636,TreatmentB,B01,107.95,1182043,15391,0.025,0.1426,45.73,0.2665,1198,1656,1,1
GEN-500493,TreatmentB,B02,89.66,2839018,16683,0.1007,0.0985,46.06,0.2514,1533,524,1,0
GEN-500634,TreatmentA,B02,100.32,2404096,14112,0.0281,0.1986,48.36,0.1513,2409,514,0,0
GEN-500544,Control,B02,90.59,1333112,15238,0.0609,0.0651,44.36,0.4357,1842,52,1,0
GEN-500805,TreatmentA,B03,124.59,1509955,12511,0.0166,0.1452,48.43,0.2556,1035,1399,1,0
GEN-500283,Control,B01,94.95,928230,14141,0.0251,0.1279,46.64,0.1782,2975,401,0,1
GEN-500885,Control,B02,125.84,1926311,13594,0.0489,0.1262,48.47,0.0728,1125,1017,0,1
GEN-500691,TreatmentB,B03,122.66,606905,19802,0.0426,0.108,43.26,0.1166,2029,541,1,0
GEN-500258,TreatmentB,B02,118.33,1366974,18022,0.0402,0.1514,45.58,0.1277,964,566,0,1
GEN-500830,TreatmentA,B02,116.07,3810978,14115,0.0111,0.1019,44.93,0.053,2395,206,1,1
GEN-500489,Control,B03,79.82,2783096,11946,0.1206,0.2085,46.11,0.152,1277,1151,0,1
GEN-500254,TreatmentB,B02,84.93,700148,13185,0.0464,0.139,43.4,0.1659,844,749,0,1
GEN-500915,Control,B02,116.15,1559849,16059,0.0333,0.2043,44.35,0.2137,1107,339,1,1
GEN-500879,TreatmentA,B02,80.73,1726839,17291,0.0759,0.1637,45.71,0.2813,921,514,0,1
GEN-500362,TreatmentA,B02,111.75,910422,14671,0.1114,0.1069,48.39,0.11,1379,1592,0,1
GEN-500828,Control,B03,111.18,823058,12429,0.0639,0.2298,47.73,0.2409,1594,-100,0,1
GEN-500397,TreatmentB,B02,102.0,3345958,16198,0.0369,0.135,49.05,0.1345,2167,1288,1,0
GEN-500776,Control,B03,95.77,2490130,15872,0.0231,0.0709,46.24,0.1658,1459,62,1,1
GEN-500021,Control,B02,115.35,2776972,10941,0.0738,0.1499,42.99,0.2364,1253,457,0,0
GEN-500205,Control,B01,82.66,641311,12292,0.0674,0.0588,43.19,0.1565,1548,369,0,0
GEN-500446,Control,B01,113.24,1497106,13220,0.011,0.1835,46.07,0.3181,1454,-23,0,1
GEN-500344,Control,B03,125.46,2617343,14982,0.0302,0.0751,42.23,0.0853,1555,1,0,1
GEN-500300,TreatmentA,B02,96.11,2442082,18578,0.0305,0.1214,46.41,0.2446,2209,767,1,1
GEN-500771,Control,B03,123.51,1247772,14260,0.0284,0.0942,49.25,0.2409,2137,347,0,1
GEN-500743,TreatmentA,B03,110.55,1619432,14638,0.1132,0.1327,46.54,0.2585,1871,509,0,1
GEN-500164,TreatmentB,B03,78.48,2670872,13291,0.0782,0.1605,48.52,0.5401,2525,669,1,1
GEN-500430,TreatmentB,B01,125.19,2676708,16292,0.0254,0.2431,44.9,0.1632,2178,920,1,0
GEN-500129,TreatmentA,B02,118.05,2544385,12252,0.0061,0.08,46.08,0.2467,1387,663,1,1
GEN-500228,Control,B01,92.19,1211236,15498,0.0267,0.1619,46.27,0.1465,1089,694,0,1
GEN-500117,TreatmentA,B01,101.74,1886206,14595,0.0136,0.1525,43.86,0.0914,1730,327,0,0
GEN-500017,TreatmentA,B02,85.77,2732533,12972,0.0318,0.1623,46.45,0.1445,1130,352,0,1
GEN-500458,TreatmentA,B03,99.93,1229650,15909,0.0112,0.2072,46.15,0.1353,881,1158,1,0
GEN-500452,TreatmentB,B02,103.63,2962098,17174,0.0374,0.0925,45.5,0.2562,1437,618,1,1
GEN-500122,Control,B01,111.23,965589,8316,0.0483,0.0536,49.6,0.3329,2753,-10,0,0
GEN-500226,TreatmentB,B02,99.54,2213250,17184,0.0382,0.1427,52.66,0.1354,1402,821,0,0
GEN-500940,TreatmentB,B02,115.32,3798675,19446,0.0871,0.219,44.84,0.1881,1658,973,1,1
GEN-500319,Control,B01,100.94,1683645,15388,0.0914,0.1142,48.35,0.2187,1988,-6,0,0
GEN-500770,Control,B01,92.23,2352371,14359,0.0406,0.0562,46.93,0.237,1215,43,0,0
GEN-500547,TreatmentA,B02,89.07,3680058,16801,0.061,0.0432,44.88,0.2219,1685,1703,1,0
GEN-500069,Control,B02,80.37,276024,12495,0.0192,0.1172,47.63,0.2388,988,685,0,0
GEN-500551,Control,B03,110.36,2800361,13483,0.1441,0.1386,45.98,0.0299,1660,-30,0,1
GEN-500196,TreatmentA,B02,94.36,1995562,12089,0.0019,0.1041,48.6,0.189,2143,643,1,0
GEN-500293,TreatmentB,B01,76.72,1091047,19522,0.1624,0.1045,46.67,0.0553,1827,566,0,1
GEN-500981,Control,B01,124.39,1522251,11640,0.0934,0.0901,47.91,0.2117,2471,220,0,0
GEN-500197,TreatmentB,B01,110.9,4422496,17310,0.0266,0.0897,44.7,0.2613,3016,851,0,0
GEN-500471,Control,B03,124.78,1345214,13882,0.1032,0.1268,45.09,0.2817,2200,173,0,0
GEN-500011,TreatmentA,B01,90.38,1769670,16091,0.0512,0.097,45.27,0.2055,1482,371,0,0
GEN-500604,Control,B02,101.87,3051590,13471,0.0568,0.1595,49.56,0.2269,1815,157,0,0
GEN-500162,TreatmentA,B01,106.01,2304542,13544,0.0452,0.1837,46.93,0.2425,1405,578,0,0
GEN-500785,Control,B03,106.76,2214768,13986,0.0148,0.2353,47.22,0.1075,831,5,0,0
GEN-500105,TreatmentB,B02,86.87,3547669,19771,0.025,0.1473,46.73,0.0636,871,1214,1,1
GEN-500694,Control,B03,95.47,2828688,9107,0.0119,0.1759,45.94,0.2084,2121,303,0,1
GEN-500525,TreatmentA,B01,95.14,1254866,11281,0.0277,0.1625,41.6,0.1629,1179,1211,1,0
GEN-500427,TreatmentA,B01,107.31,2968089,13589,0.1276,0.2191,48.21,0.3399,1917,828,0,1
GEN-500541,TreatmentA,B02,120.76,1061984,22512,0.0345,0.1062,46.05,0.3792,1112,530,1,0
GEN-500297,TreatmentB,B03,116.34,629466,14571,0.0612,0.1128,42.93,0.1704,2383,1064,1,0
GEN-500280,TreatmentB,B02,83.06,479888,15762,0.0511,0.3286,46.61,0.2728,1232,662,0,1
GEN-500681,TreatmentB,B03,85.94,1456482,17428,0.1041,0.1031,49.13,0.1938,1536,547,0,1
GEN-500760,Control,B01,86.67,1085085,19612,0.055,0.0574,44.62,0.1853,1159,369,0,1
GEN-500623,Control,B03,111.21,1704989,14864,0.0267,0.1085,45.55,0.234,2553,14,0,0
GEN-500628,TreatmentA,B01,103.63,1570170,12971,0.0223,0.1908,46.91,0.0852,1036,441,0,0
GEN-500627,Control,B02,65.82,1251083,13721,0.0151,0.1071,48.22,0.146,2947,344,0,0
GEN-500664,TreatmentA,B01,99.43,720664,14406,0.0792,0.1281,49.48,0.1744,1108,234,0,0
GEN-500995,Control,B03,93.88,2682012,14246,0.0218,0.1572,46.43,0.282,1179,-25,0,1
GEN-500438,Control,B03,94.78,660070,9891,0.0375,0.1987,46.38,0.4073,1866,-105,0,1
GEN-500360,TreatmentB,B01,74.33,1771579,13228,0.037,0.2248,44.29,0.3507,1302,2029,1,1
GEN-500422,Control,B03,108.87,2232352,16418,0.0295,0.0864,45.9,0.1874,2012,-97,0,1
GEN-500581,TreatmentB,B02,128.18,712393,12699,0.0199,0.1604,47.82,0.1047,2034,725,1,0
GEN-500450,TreatmentA,B01,85.77,1159324,15975,0.0826,0.2114,48.31,0.3864,1440,222,1,1
GEN-500874,Control,B03,84.03,3063574,14171,0.0993,0.1864,40.55,0.222,1873,72,0,0
GEN-500081,TreatmentA,B01,101.32,1937331,14932,0.0407,0.2962,50.52,0.1854,2020,714,1,0
GEN-500309,TreatmentA,B01,97.84,1050792,15547,0.0137,0.0756,42.67,0.2438,1957,898,1,0
GEN-500927,Control,B03,104.63,1753557,19878,0.0372,0.1512,44.12,0.1338,1809,84,1,0
GEN-500978,Control,B02,95.67,2058416,14817,0.0898,0.0878,47.55,0.1875,2170,418,0,1
GEN-500540,TreatmentA,B01,103.42,1279211,12681,0.0745,0.1514,49.76,0.3312,1099,228,0,0
GEN-500384,Control,B03,118.3,1337938,14188,0.0471,0.1098,46.79,0.0682,1785,226,1,1
GEN-500033,Control,B02,79.19,854914,15653,0.0263,0.3062,49.61,0.0816,1011,-29,0,0
GEN-500050,Control,B01,86.12,2912753,10901,0.072,0.0785,45.83,0.1207,1590,148,0,1
GEN-500240,TreatmentB,B03,97.34,1825582,16380,0.0328,0.0556,46.34,0.242,2422,710,0,0
GEN-500206,TreatmentA,B02,122.31,737368,16001,0.0361,0.1243,47.91,0.283,2019,939,0,0
GEN-500088,TreatmentB,B01,108.63,812610,12841,0.0135,0.0651,46.73,0.1252,1424,840,0,1
GEN-500351,Control,B01,119.4,3899842,13545,0.056,0.1602,46.91,0.1502,1439,493,0,1
GEN-500142,TreatmentA,B03,118.94,4683752,13666,0.0744,0.1261,46.83,0.2332,1905,319,0,1
GEN-500677,Control,B02,99.81,1198888,15693,0.1018,0.1562,41.67,0.2337,1894,179,0,0
GEN-500459,TreatmentA,B02,109.23,1296136,12373,0.065,0.175,46.41,0.3959,1503,443,1,1
GEN-500781,Control,B02,89.98,1662696,12856,0.052,0.0996,45.31,0.2403,1889,-132,0,1
GEN-500653,TreatmentA,B02,101.54,1669852,15443,0.0172,0.0889,45.68,0.3169,1385,434,1,0
GEN-500022,TreatmentB,B03,97.04,3484892,15797,0.0551,0.1244,47.53,0.2558,1324,982,1,0
GEN-500905,Control,B03,75.79,1179833,15506,0.0197,0.0579,44.87,0.1732,1472,529,1,0
GEN-500232,TreatmentA,B02,79.03,2291800,12880,0.1179,0.0697,44.42,0.1423,1532,132,0,0
GEN-500375,TreatmentB,B03,91.31,947704,15947,0.0401,0.1688,49.01,0.4634,3893,1575,1,1
GEN-500171,TreatmentB,B03,109.93,1343065,14254,0.0335,0.112,47.05,0.0979,1803,751,1,1
GEN-500944,TreatmentB,B01,85.64,1691789,16197,0.0196,0.125,47.64,0.1748,1153,736,0,0
GEN-500251,Control,B03,83.98,676268,15807,0.0308,0.1774,47.96,0.1698,1289,-6,1,1
GEN-500712,Control,B03,90.48,2788353,16944,0.0261,0.0779,43.45,0.392,595,241,1,0
GEN-500068,TreatmentA,B02,91.66,1038937,13416,0.0961,0.221,44.55,0.2888,1043,167,0,1
GEN-500646,Control,B03,117.55,2352450,12222,0.0635,0.1559,48.48,0.0635,1320,466,0,0
GEN-500352,TreatmentB,B03,93.25,1459575,12388,0.0304,0.0638,48.15,0.2166,2099,949,1,0
GEN-500012,Control,B02,124.46,1992784,15292,0.0377,0.2765,47.31,0.229,1846,-10,0,1
GEN-500899,TreatmentB,B01,89.47,1389693,17382,0.0477,0.0866,42.75,0.2031,1191,869,0,0
GEN-500827,Control,B02,112.81,3700233,14043,0.0395,0.1109,43.5,0.1643,1679,744,1,0
GEN-500574,Control,B03,115.81,863847,12184,0.0739,0.2573,45.52,0.427,1590,-100,0,1
GEN-500979,Control,B01,105.28,1401880,14392,0.0207,0.0626,48.91,0.2027,2472,198,0,0
GEN-500808,Control,B03,115.34,1827993,12011,0.0072,0.1433,47.04,0.1189,1319,517,1,1
GEN-500894,TreatmentA,B03,84.91,868328,13721,0.0893,0.0836,45.88,0.0579,1788,489,0,1
GEN-500035,Control,B02,113.6,2009334,17111,0.0338,0.1757,46.55,0.1565,1804,536,1,1
GEN-500409,TreatmentA,B01,94.5,1459540,15303,0.0691,0.1996,46.56,0.3002,2729,364,1,1
GEN-500542,TreatmentB,B02,97.07,484757,14437,0.0704,0.1586,44.87,0.1201,1477,1562,0,1
GEN-500907,TreatmentA,B02,101.64,2950793,15017,0.035,0.1582,46.73,0.3117,2070,759,1,1
GEN-500008,TreatmentA,B03,93.8,844452,17181,0.0239,0.1456,45.86,0.0777,1366,303,0,0
GEN-500048,TreatmentB,B02,115.49,4356076,17487,0.0168,0.1389,43.32,0.1249,2494,590,1,0
GEN-500675,TreatmentB,B03,112.32,1071221,17485,0.0911,0.0985,42.37,0.1361,978,869,0,0
GEN-500104,TreatmentB,B01,99.64,2955028,13109,0.0335,0.1272,50.4,0.0812,2229,1952,1,0
GEN-500245,TreatmentB,B02,105.09,681274,16770,0.0309,0.1875,47.89,0.1785,1891,2672,1,1
GEN-500657,TreatmentB,B01,88.47,2762277,10547,0.0456,0.1939,44.41,0.1435,1401,916,1,0
GEN-500464,TreatmentB,B02,119.67,3230210,15133,0.0049,0.1777,46.15,0.2501,1926,663,1,1
GEN-500947,TreatmentA,B03,98.61,2421216,10430,0.0261,0.1546,42.11,0.1632,1299,459,0,0
GEN-500024,TreatmentA,B02,107.23,1130228,12132,0.0084,0.089,41.6,0.1366,1311,551,1,0
GEN-500923,Control,B02,120.99,1777059,15042,0.0465,0.1905,46.93,0.3999,882,-59,0,1
GEN-500366,TreatmentB,B03,98.86,1217950,17528,0.0435,0.201,46.38,0.4862,1212,1277,1,1
GEN-500524,TreatmentA,B01,105.17,3381113,15560,0.0467,0.1098,46.34,0.2965,1252,525,0,0
GEN-500483,Control,B01,75.85,2762476,14494,0.1155,0.1057,44.86,0.2819,1245,56,0,0
GEN-500216,Control,B03,79.39,1689381,14049,0.032,0.1088,49.44,0.4571,1490,317,0,0
GEN-500326,TreatmentA,B01,106.19,969256,16149,0.01,0.1737,49.33,0.433,1954,287,1,1
GEN-500918,Control,B01,89.87,2659612,14271,0.0451,0.0925,46.16,0.0604,3182,96,0,1
GEN-500247,TreatmentA,B02,101.12,414685,17176,0.0264,0.0972,45.62,0.3177,1116,1550,1,1
GEN-500533,TreatmentA,B01,115.79,810240,15605,0.0833,0.2869,50.42,0.0567,819,373,0,0
GEN-500134,TreatmentA,B01,111.78,1890551,14196,0.0379,0.096,47.84,0.0654,794,908,1,1
GEN-500467,TreatmentA,B01,93.54,687965,12102,0.064,0.1265,46.21,0.1678,2534,919,1,1
GEN-500391,TreatmentB,B02,110.59,2614034,15061,0.0096,0.1,48.56,0.0927,970,539,1,1
GEN-500960,TreatmentA,B02,89.1,2853854,13285,0.025,0.1103,48.2,0.3324,1228,618,1,0
GEN-500573,TreatmentB,B03,121.77,1442994,17499,0.0284,0.1614,47.13,0.3472,1768,753,1,1
GEN-500871,TreatmentB,B01,99.62,5529623,15293,0.0725,0.0797,48.92,0.3074,1138,793,0,0
GEN-500179,Control,B01,108.92,2187792,14007,0.019,0.2326,46.18,0.1019,2066,634,1,0
GEN-500928,TreatmentA,B01,84.93,2995809,13675,0.0786,0.1061,48.12,0.2373,1109,487,0,0
GEN-500246,TreatmentA,B02,113.69,3176133,13779,0.0878,0.1946,49.57,0.2526,3108,435,0,1
GEN-500534,TreatmentB,B03,121.5,3266861,13735,0.0932,0.2162,44.48,0.2564,1504,783,0,1
GEN-500301,TreatmentA,B03,110.03,975483,14220,0.0412,0.1757,46.32,0.2845,1088,695,0,1
GEN-500273,Control,B02,102.05,830308,14952,0.0453,0.1812,46.47,0.2035,1388,18,0,1
GEN-500517,Control,B03,112.57,2521964,12027,0.0409,0.149,43.74,0.0897,1561,528,0,0
GEN-500659,TreatmentA,B01,107.53,1286852,14287,0.0348,0.2322,46.53,0.1479,1399,316,0,1
GEN-500133,TreatmentB,B03,89.23,2312422,15576,0.0112,0.2159,47.51,0.2204,1833,1108,1,1
GEN-500186,Control,B02,86.22,1039828,13286,0.0349,0.0829,48.02,0.2248,1361,-127,0,1
GEN-500195,TreatmentA,B01,109.11,2368988,12735,0.0914,0.2865,44.95,0.1677,1723,579,0,0
GEN-500858,TreatmentB,B02,107.6,1937784,14016,0.0257,0.1192,47.54,0.1799,2219,1160,1,1
GEN-500353,TreatmentA,B01,114.18,1906288,15538,0.0094,0.1521,46.34,0.1937,3070,364,1,1
GEN-500124,TreatmentA,B02,118.61,1780548,18715,0.0149,0.1257,47.3,0.1292,3393,308,1,1
GEN-500793,TreatmentB,B03,106.77,807029,14316,0.0093,0.2759,42.12,0.2969,2134,2204,1,1
GEN-500328,TreatmentA,B01,99.35,1530152,15603,0.0208,0.145,48.03,0.082,2015,498,1,0
GEN-500363,TreatmentB,B03,96.33,2458241,15498,0.0828,0.0575,44.83,0.0346,979,654,0,1
GEN-500901,TreatmentA,B03,78.2,1482411,14212,0.0981,0.1768,45.22,0.0708,1690,1233,1,1
GEN-500327,TreatmentA,B03,95.55,2402726,13977,0.0238,0.1377,49.73,0.1471,1490,265,1,0
GEN-500299,TreatmentB,B02,108.03,1943056,15421,0.056,0.1086,45.99,0.2055,2256,882,1,1
GEN-500890,TreatmentA,B03,99.22,1454673,15366,0.0659,0.1121,43.83,0.1401,2382,215,0,0
GEN-500790,TreatmentA,B03,101.72,1961054,17052,0.0815,0.1918,48.49,0.2451,1001,764,1,0
GEN-500570,TreatmentA,B01,114.29,1162186,13494,0.027,0.1239,44.87,0.1995,1863,623,1,1
GEN-500032,TreatmentB,B03,94.65,2012382,11938,0.0284,0.3202,48.66,0.1184,1471,755,1,0
GEN-500447,Control,B01,105.47,3163059,14375,0.0312,0.108,47.9,0.4308,1310,254,1,0
GEN-500602,Control,B02,76.95,827518,13941,0.0221,0.1391,46.25,0.1161,1767,727,1,1
GEN-500487,Control,B01,116.3,1068304,11958,0.0219,0.252,43.86,0.0974,984,415,1,0
GEN-500046,Control,B02,110.42,1528855,12790,0.1876,0.1841,47.35,0.2778,1177,372,0,1
GEN-500764,Control,B03,80.31,513164,15522,0.0376,0.1076,42.92,0.1228,1143,717,1,0
GEN-500382,TreatmentA,B03,116.0,3016081,13924,0.0097,0.0865,47.81,0.2128,1875,745,1,1
GEN-500332,Control,B01,124.32,1251821,11930,0.0535,0.097,43.4,0.2909,1044,1749,1,0
GEN-500221,TreatmentB,B02,92.67,3579796,16140,0.1079,0.0742,43.25,0.1899,980,559,1,0
GEN-500137,Control,B01,88.7,1244868,11112,0.0822,0.2099,44.65,0.0898,1092,441,0,0
GEN-500870,TreatmentB,B02,100.13,2992677,13758,0.022,0.1014,49.27,0.4108,1310,760,0,0
GEN-500504,TreatmentB,B03,95.79,3232468,16049,0.0717,0.0988,46.63,0.0707,1666,901,1,1
GEN-500705,TreatmentA,B03,112.88,1225115,15020,0.0616,0.0599,43.52,0.2768,1732,579,1,0
GEN-500468,TreatmentB,B02,99.49,2433002,17122,0.0272,0.1652,44.2,0.3054,2080,609,1,1
GEN-500277,TreatmentB,B02,122.41,1045470,16025,0.0106,0.2265,42.85,0.4112,1301,1219,1,1
GEN-500810,TreatmentA,B01,100.39,1832287,19000,0.0631,0.041,47.02,0.0318,2726,221,1,1
GEN-500220,TreatmentA,B01,102.26,842411,13899,0.0469,0.103,45.94,0.1223,1720,1199,1,1
GEN-500004,TreatmentA,B01,77.5,721441,16648,0.112,0.118,44.85,0.0485,1126,782,1,1
GEN-500416,Control,B03,78.27,1655496,12355,0.0506,0.1122,48.21,0.2142,1291,1531,1,0
GEN-500330,TreatmentB,B02,75.99,1544717,16334,0.1062,0.0418,49.62,0.095,2655,896,1,1
GEN-500717,TreatmentA,B01,115.01,910645,11813,0.042,0.1631,44.86,0.1882,1722,275,0,0
GEN-500364,TreatmentB,B03,91.29,3036379,19046,0.0121,0.1435,46.46,0.2389,1587,803,1,1
GEN-500310,TreatmentB,B02,80.92,2863492,14080,0.012,0.0884,47.27,0.0817,698,687,1,1
GEN-500616,Control,B02,73.55,3574229,15652,0.0237,0.3529,45.0,0.2193,2195,269,1,1
GEN-500932,Control,B01,83.52,3298347,16443,0.0634,0.1894,48.1,0.2387,2531,203,0,1
GEN-500278,TreatmentB,B03,103.6,445685,15778,0.0255,0.1781,49.77,0.1697,1219,1846,1,0
GEN-500132,Control,B02,79.77,910732,14628,0.0202,0.0985,44.61,0.4072,1100,313,0,0
GEN-500263,TreatmentB,B02,99.91,1354646,16835,0.0319,0.1554,44.28,0.1631,1204,1618,1,1
GEN-500569,Control,B01,108.2,1298854,13268,0.0476,0.1184,42.2,0.4352,2065,-62,0,0
GEN-500269,Control,B03,107.65,1330195,11506,0.0094,0.1314,46.92,0.1117,1538,154,1,1
GEN-500710,Control,B03,119.98,1185223,18857,0.0814,0.221,49.05,0.2529,2714,22,0,1
GEN-500684,Control,B01,111.19,1932566,14193,0.0164,0.0789,46.73,0.2426,2520,540,0,0
GEN-500167,TreatmentA,B02,71.44,902566,14915,0.0278,0.1125,45.33,0.3842,3395,1097,1,0
GEN-500513,TreatmentA,B02,92.55,724961,15170,0.043,0.1148,43.9,0.2419,1719,611,0,0
GEN-500815,TreatmentA,B01,97.51,2216100,18458,0.0513,0.1508,44.31,0.076,1920,1249,0,0
GEN-500383,TreatmentA,B01,122.05,479670,13644,0.0102,0.0836,44.09,0.1563,4523,482,1,1
GEN-500729,TreatmentA,B03,103.84,2579449,12488,0.0015,0.1234,46.72,0.1794,2309,1751,1,0
GEN-500520,TreatmentA,B03,92.42,1205175,15866,0.0149,0.0817,47.4,0.189,1339,552,1,1
GEN-500380,TreatmentA,B02,134.3,2329966,13855,0.0913,0.1212,46.12,0.3581,1965,283,0,0
GEN-500072,TreatmentA,B02,124.92,1814414,10799,0.0642,0.1311,45.57,0.3693,930,218,0,1
GEN-500904,TreatmentA,B02,99.78,1929033,15336,0.0328,0.1352,45.74,0.0508,1510,985,1,1
GEN-500289,Control,B03,92.52,1458650,14306,0.0106,0.1372,45.37,0.2022,1184,644,1,1
GEN-500967,TreatmentB,B02,101.96,1375825,19421,0.0393,0.2362,44.37,0.1439,903,626,1,0
GEN-500211,TreatmentB,B02,118.88,1326359,13706,0.0067,0.2217,44.06,0.1107,1229,912,1,0
GEN-500038,TreatmentA,B02,116.5,2334136,16066,0.0722,0.0743,48.87,0.2626,1688,251,1,0
GEN-500969,Control,B02,77.89,455407,12518,0.0315,0.0955,44.76,0.0849,1324,102,0,1
GEN-500449,TreatmentB,B01,110.9,241195,15122,0.0396,0.0877,45.45,0.2228,1706,1367,1,0
GEN-500661,Control,B01,133.34,1081094,14318,0.1187,0.1576,44.22,0.1654,1136,347,0,0
GEN-500615,TreatmentB,B03,87.96,2120454,17055,0.0151,0.1886,44.68,0.2064,1132,406,1,0
GEN-500622,TreatmentA,B01,86.45,1126960,15873,0.0325,0.0838,46.67,0.1494,1334,409,0,1
GEN-500005,TreatmentB,B01,123.15,976455,12626,0.028,0.0532,48.35,0.183,3018,1274,1,1
GEN-500576,Control,B03,104.3,2531053,14465,0.0506,0.126,44.81,0.1432,2018,565,1,0
GEN-500757,TreatmentB,B02,95.89,2063168,15125,0.033,0.2057,43.18,0.1196,1338,496,0,0
GEN-500974,Control,B02,101.59,1143311,14101,0.0346,0.1719,49.27,0.1999,1676,1088,0,0
GEN-500511,TreatmentA,B01,80.64,2033525,12901,0.0546,0.1427,46.24,0.3431,1902,389,0,1
GEN-500857,TreatmentA,B03,88.25,2116645,16341,0.0044,0.1857,45.15,0.1066,2339,242,0,0
GEN-500210,TreatmentB,B03,103.44,3129170,13369,0.0236,0.2849,47.23,0.1343,2387,506,1,0
GEN-500455,Control,B02,110.65,845615,16957,0.0884,0.2681,43.97,0.0778,1690,12,0,0
GEN-500920,TreatmentB,B03,83.75,2100993,18459,0.0184,0.3069,44.1,0.1955,1840,535,1,0
GEN-500256,TreatmentA,B03,96.26,1270079,18345,0.0493,0.2774,44.39,0.2339,1302,157,1,1
GEN-500737,TreatmentB,B03,81.61,1072673,18400,0.0382,0.2327,45.12,0.2736,2404,924,1,1
GEN-500282,TreatmentA,B02,102.98,2122357,17147,0.0664,0.1403,43.85,0.0293,986,651,0,0
GEN-500837,Control,B02,98.85,1887815,13985,0.0518,0.1494,47.62,0.1773,1541,551,0,1
GEN-500444,Control,B02,112.41,4323928,12830,0.0369,0.1404,46.52,0.2388,1377,281,1,1
GEN-500733,TreatmentB,B01,91.02,2464595,18823,0.035,0.153,41.79,0.2326,3207,623,1,1
GEN-500180,Control,B03,109.27,1699298,14658,0.0229,0.1066,45.61,0.2695,1825,70,0,1
GEN-500886,Control,B02,98.56,914838,15035,0.0933,0.1068,43.56,0.2878,1216,-95,0,0
GEN-500059,TreatmentA,B02,83.56,999941,18322,0.033,0.171,47.93,0.3133,1903,488,1,1
GEN-500184,Control,B03,106.36,819349,11456,0.0224,0.0721,50.67,0.1979,2705,809,1,0
GEN-500720,TreatmentA,B03,100.29,2074426,16494,0.0326,0.1223,46.22,0.2409,689,171,1,1
GEN-500055,TreatmentA,B01,94.94,1275771,14640,0.0176,0.132,44.94,0.2168,1269,785,0,0
GEN-500840,TreatmentB,B01,96.52,1341760,17296,0.0092,0.0588,49.77,0.1314,1918,678,1,0
GEN-500934,Control,B03,110.49,1789480,12421,0.0199,0.1351,47.19,0.3973,1199,653,0,1
GEN-500855,TreatmentA,B02,113.21,2007285,13704,0.0093,0.2581,47.07,0.1314,1587,571,1,0
GEN-500987,Control,B01,145.29,2773062,16320,0.0177,0.0943,50.89,0.1396,2732,129,0,0
GEN-500177,TreatmentA,B01,131.69,399031,16647,0.0162,0.133,46.38,0.4242,1415,453,0,1
GEN-500457,TreatmentA,B02,98.87,1625782,18951,0.058,0.1642,45.17,0.1364,1674,437,1,1
GEN-500868,TreatmentB,B03,98.94,871308,14857,0.0344,0.1795,47.23,0.4077,878,574,1,1
GEN-500368,Control,B01,98.55,1314583,14207,0.0177,0.1918,44.56,0.2548,2170,329,1,1
GEN-500494,TreatmentA,B03,113.97,1703560,16006,0.0627,0.2896,45.35,0.2065,1485,1308,1,1
GEN-500343,TreatmentA,B03,123.21,664625,11598,0.0855,0.1723,48.02,0.2263,1727,587,0,1
GEN-500516,Control,B01,90.06,1567997,13058,0.039,0.0915,49.08,0.2362,1872,836,1,0
GEN-500859,Control,B01,87.83,3202183,12992,0.0522,0.2227,46.5,0.1131,1148,208,0,0
GEN-500909,Control,B01,130.35,1444483,10826,0.0323,0.1149,47.76,0.3981,1043,166,0,0
GEN-500265,TreatmentA,B03,104.05,1046418,17465,0.0131,0.2187,44.54,0.2535,867,272,1,1
GEN-500031,TreatmentA,B01,107.95,1391725,16000,0.0161,0.1094,51.11,0.2818,1705,324,0,0
GEN-500373,Control,B01,124.0,1407281,13242,0.0048,0.103,46.7,0.0842,1130,1165,1,1
GEN-500181,TreatmentA,B01,105.54,1822497,15614,0.1166,0.147,49.83,0.1464,2954,1031,1,0
GEN-500593,TreatmentB,B01,99.73,2144513,15044,0.0438,0.142,43.79,0.3586,1332,783,1,0
GEN-500952,Control,B03,100.27,2034158,16372,0.0432,0.166,44.61,0.2375,1706,24,1,1
GEN-500369,TreatmentA,B02,110.15,2568382,14489,0.0709,0.1176,44.36,0.288,2572,526,0,0
GEN-500711,TreatmentA,B02,109.69,1140872,16076,0.1497,0.1227,45.56,0.0845,1255,431,0,1
GEN-500075,TreatmentA,B02,97.87,3198647,13792,0.0768,0.0983,47.66,0.1205,2047,959,1,1
GEN-500229,Control,B03,91.58,2097425,13295,0.0259,0.0456,45.67,0.1746,1936,361,0,1
GEN-500281,Control,B03,98.0,1135980,13703,0.0309,0.1812,47.09,0.0978,1021,437,1,0
GEN-500392,Control,B01,87.35,1355213,16577,0.0824,0.2299,46.37,0.2314,1147,629,0,1
GEN-500984,TreatmentA,B01,105.84,1865582,16295,0.0949,0.2918,46.5,0.1716,2202,323,1,1
GEN-500620,TreatmentA,B03,101.26,2031588,14448,0.0283,0.1478,46.59,0.3555,2158,135,0,1
GEN-500607,Control,B02,99.0,3092991,11233,0.0335,0.1316,46.02,0.4576,2189,251,1,1
GEN-500367,Control,B03,122.14,1697661,12343,0.0722,0.0754,46.04,0.1949,2958,81,1,1
GEN-500800,Control,B01,107.58,577964,10629,0.08,0.2331,45.4,0.1765,1366,304,0,1
GEN-500294,TreatmentA,B03,78.55,2236075,12006,0.0121,0.0925,43.59,0.1117,926,1487,1,1
GEN-500852,TreatmentA,B02,69.68,604164,15152,0.1518,0.1883,43.15,0.3316,1421,278,0,1
GEN-500863,TreatmentA,B03,111.61,2629374,16568,0.0947,0.218,48.25,0.1492,1604,422,1,0
GEN-500398,TreatmentB,B01,106.99,3955348,14052,0.1255,0.04,50.19,0.2328,1059,1072,0,0
GEN-500572,TreatmentB,B01,119.05,791565,17485,0.04,0.2376,50.41,0.2236,2379,972,1,0
GEN-500560,TreatmentB,B01,119.72,2742177,17407,0.1461,0.0589,46.98,0.3555,2967,1482,1,0
GEN-500448,TreatmentB,B01,121.76,684001,15340,0.028,0.0733,45.48,0.1062,1572,515,0,1
GEN-500235,TreatmentA,B01,100.15,2110960,17101,0.0811,0.0527,47.35,0.3379,1309,456,0,0
GEN-500526,Control,B01,105.5,617279,14063,0.0344,0.099,44.46,0.1196,1630,326,0,0
GEN-500633,TreatmentB,B03,77.62,2084907,11402,0.027,0.2424,46.8,0.3467,1699,759,0,1
GEN-500996,TreatmentA,B01,104.06,615475,16079,0.0547,0.0719,47.87,0.3701,1290,1082,1,0
GEN-500844,TreatmentA,B01,84.05,651523,12221,0.0945,0.0753,44.37,0.091,1467,949,0,0
GEN-500415,Control,B01,115.83,1449096,17411,0.0419,0.1772,46.79,0.197,2939,360,1,1
GEN-500954,TreatmentA,B02,110.45,5509088,15268,0.0324,0.1447,46.17,0.0936,1273,532,1,1
GEN-500768,TreatmentA,B03,88.1,704060,16147,0.0848,0.1694,48.61,0.2647,1003,995,0,0
GEN-500848,TreatmentB,B03,88.07,1332216,13871,0.0393,0.2762,47.11,0.1138,1457,780,1,0
GEN-500488,TreatmentA,B02,90.71,1609613,15871,0.0579,0.1453,44.57,0.1456,3294,696,1,0
GEN-500128,TreatmentB,B02,106.86,835677,15427,0.0106,0.1249,44.31,0.2487,2137,1331,1,0
GEN-500759,TreatmentA,B01,113.35,1260804,15323,0.0257,0.1347,47.81,0.1142,1285,673,0,1
GEN-500100,TreatmentB,B01,100.2,1001366,17005,0.0261,0.0814,48.03,0.2058,1100,584,1,1
GEN-500086,Control,B02,84.02,2667962,16382,0.0381,0.1459,47.15,0.2876,942,76,0,1
GEN-500507,TreatmentA,B01,84.52,1688716,16629,0.0403,0.1639,47.51,0.1457,1271,993,1,1
GEN-500606,Control,B01,75.08,4188799,13151,0.0262,0.0897,48.14,0.1254,824,355,0,1
GEN-500962,Control,B02,96.53,1181304,13817,0.0293,0.135,49.09,0.121,1748,596,1,0
GEN-500742,Control,B02,99.68,420697,15645,0.0668,0.1178,46.27,0.1678,1928,71,1,1
GEN-500672,TreatmentA,B01,100.17,3334828,12985,0.0162,0.1328,47.28,0.2279,1436,565,1,1
GEN-500284,TreatmentA,B01,100.14,1134687,14386,0.0879,0.1346,46.85,0.3289,2256,429,0,1
GEN-500402,TreatmentA,B02,92.64,564993,16998,0.0573,0.131,44.81,0.2674,2094,496,0,0
GEN-500767,TreatmentB,B02,116.62,4224480,15808,0.034,0.049,45.36,0.1368,1699,1379,1,1
GEN-500073,Control,B02,111.58,1789961,13197,0.1174,0.1106,44.81,0.2214,1738,345,0,0
GEN-500357,TreatmentA,B02,101.08,3466402,17214,0.0052,0.1333,48.2,0.0753,1684,904,1,0
GEN-500080,TreatmentB,B02,114.79,1576513,11194,0.015,0.0544,47.02,0.2732,2000,795,1,0
GEN-500238,Control,B01,118.32,1274739,12621,0.031,0.1646,45.34,0.3107,1788,30,1,1
GEN-500480,Control,B02,102.07,247112,19986,0.013,0.104,48.29,0.0693,1600,807,1,1
GEN-500866,TreatmentA,B01,91.76,1502902,13918,0.0158,0.1598,47.14,0.4223,1958,254,1,1
GEN-500608,Control,B02,116.52,1174360,11928,0.0349,0.0988,45.17,0.1481,1254,722,1,1
GEN-500217,Control,B03,87.22,4505791,12517,0.055,0.1249,42.76,0.0714,1782,572,0,0
GEN-500922,Control,B03,94.97,309114,10558,0.108,0.1536,42.17,0.1383,2044,543,0,0
GEN-500539,Control,B02,115.19,1740903,14823,0.0116,0.0583,45.96,0.0747,1667,519,1,1
GEN-500090,TreatmentA,B01,95.91,324780,14825,0.0389,0.1153,44.7,0.1895,1785,801,1,0
GEN-500752,Control,B01,122.53,946758,8248,0.0123,0.2179,45.19,0.0474,3087,169,0,0
GEN-500704,TreatmentB,B01,111.26,1285863,12301,0.0581,0.1594,47.69,0.3049,1140,614,0,1
GEN-500865,TreatmentA,B02,131.24,1332841,16083,0.0192,0.1227,44.23,0.3607,2306,322,1,0
GEN-500230,Control,B01,101.61,2228629,13673,0.0186,0.0416,46.92,0.0198,1676,318,1,1
GEN-500378,Control,B01,76.18,425225,14496,0.0408,0.2179,44.49,0.1994,2424,-81,0,1
GEN-500564,TreatmentB,B03,104.79,1307802,15372,0.0413,0.1687,43.93,0.186,2901,701,0,0
GEN-500803,Control,B02,122.55,617543,9433,0.0836,0.3109,49.46,0.0729,1174,121,0,0
GEN-500499,Control,B02,100.09,1984931,15444,0.0436,0.1423,45.69,0.2039,1351,235,0,0
GEN-500135,TreatmentA,B01,87.27,415842,14589,0.0211,0.0934,45.26,0.3063,3294,1068,1,0
GEN-500189,Control,B02,124.3,2270862,15399,0.1055,0.1434,45.94,0.0936,1276,236,1,1
GEN-500428,Control,B01,99.73,1005684,15643,0.0697,0.0229,47.2,0.1993,1271,186,0,0
GEN-500113,TreatmentB,B01,131.53,852564,14941,0.0371,0.1834,46.89,0.0867,1158,841,1,0
GEN-500603,TreatmentA,B03,105.37,2864607,12210,0.0419,0.1278,49.17,0.1583,1292,455,0,0
GEN-500925,TreatmentB,B03,86.69,3081627,14985,0.0207,0.2359,45.18,0.2859,1928,1172,1,1
GEN-500472,TreatmentA,B03,131.41,2503393,12199,0.0103,0.0945,43.19,0.0577,2186,489,1,1
GEN-500655,Control,B03,91.54,1076577,13578,0.0201,0.1066,47.41,0.3142,2108,558,1,0
GEN-500250,Control,B03,132.39,1589958,11449,0.0668,0.1865,45.38,0.2438,1448,248,0,1
GEN-500192,Control,B02,106.96,3031127,13173,0.0216,0.172,45.17,0.1065,1365,166,0,0
GEN-500739,Control,B01,108.02,684499,12857,0.0211,0.1603,49.75,0.2513,1042,502,1,0
GEN-500505,TreatmentB,B02,119.35,1192722,12044,0.042,0.1923,42.12,0.0598,1253,733,0,0
GEN-500535,TreatmentB,B01,109.95,2022190,17057,0.0251,0.1279,46.52,0.1338,1383,1103,1,1
GEN-500475,TreatmentA,B03,92.03,1162814,13616,0.0293,0.2209,44.42,0.2302,1146,318,0,0
GEN-500329,Control,B02,105.83,2098870,12708,0.0895,0.124,47.1,0.032,1444,103,0,1
GEN-500421,Control,B02,90.17,5525880,18115,0.0177,0.1694,51.39,0.1394,1174,53,1,0
GEN-500714,TreatmentB,B03,97.85,1254877,17223,0.0714,0.1497,41.87,0.2111,1960,882,1,0
GEN-500916,TreatmentA,B03,100.73,857150,14606,0.0571,0.224,47.45,0.0808,1592,270,0,0
GEN-500824,Control,B01,98.54,1354948,15414,0.0483,0.162,44.19,0.2221,1823,10,1,0
GEN-500554,Control,B02,68.19,2434828,11271,0.0394,0.1241,45.81,0.336,1448,244,0,1
GEN-500692,Control,B03,101.43,353562,11873,0.0051,0.2352,47.93,0.1892,1946,188,0,1
GEN-500408,TreatmentA,B02,100.77,3407410,12593,0.0771,0.1921,48.03,0.138,1285,479,0,0
GEN-500481,TreatmentA,B02,86.28,930718,15761,0.0386,0.14,47.01,0.1937,2389,1032,0,0
GEN-500860,TreatmentA,B02,78.66,1139547,14303,0.0331,0.1144,48.1,0.1452,3477,430,1,0
GEN-500093,Control,B02,98.46,769337,18031,0.0191,0.0891,47.74,0.1129,2262,360,0,1
GEN-500111,TreatmentA,B02,113.07,1615742,10907,0.0312,0.132,45.34,0.1631,1944,406,0,0
GEN-500302,TreatmentB,B01,125.68,2308079,17265,0.0365,0.1804,46.02,0.2953,1641,598,0,1
GEN-500098,Control,B01,80.56,2809662,10384,0.0351,0.0859,47.98,0.278,1122,1352,1,0
GEN-500376,Control,B02,76.13,1807824,17752,0.056,0.0842,44.69,0.3011,1271,147,0,0
GEN-500365,Control,B03,112.55,909872,15005,0.0695,0.0479,48.96,0.092,1478,765,0,1
GEN-500906,TreatmentB,B03,86.03,2418815,13566,0.0342,0.138,44.8,0.0899,774,572,1,1
GEN-500149,TreatmentB,B01,100.66,3778563,17241,0.068,0.104,44.08,0.2921,4483,904,1,0
GEN-500864,Control,B01,85.95,1077378,15468,0.0526,0.134,45.3,0.1009,2013,353,1,1
GEN-500094,TreatmentB,B01,83.34,616815,11654,0.0198,0.1851,43.45,0.0879,2107,425,0,0
GEN-500814,TreatmentA,B03,83.04,2027940,11628,0.0566,0.0964,46.01,0.4123,1436,1241,1,0
GEN-500912,Control,B02,103.73,336574,16493,0.0194,0.1164,49.96,0.1296,1254,27,1,0
GEN-500648,TreatmentA,B01,97.24,1851124,16441,0.0506,0.0649,47.03,0.1633,2075,809,1,1
GEN-500668,TreatmentA,B02,82.69,1724751,16851,0.0832,0.1297,41.21,0.0577,1542,777,1,0
GEN-500418,TreatmentA,B03,85.09,2036666,13370,0.1072,0.1921,46.01,0.0889,1356,1482,1,0
GEN-500523,Control,B01,77.47,394394,9473,0.0338,0.1548,48.82,0.2996,1367,322,0,1
GEN-500968,Control,B01,104.44,1106492,12548,0.0407,0.0433,42.35,0.2967,2009,139,1,0
GEN-500728,TreatmentA,B02,103.52,778929,13878,0.0064,0.1106,45.6,0.2598,1042,305,0,0
GEN-500656,TreatmentA,B03,85.84,1113322,14474,0.0423,0.0887,45.2,0.251,1495,141,0,0
GEN-500575,TreatmentB,B03,89.04,640655,12802,0.0294,0.1657,47.87,0.2763,810,1263,1,1
GEN-500631,Control,B02,122.98,2399724,17868,0.0347,0.2101,46.21,0.2131,1539,455,1,1
GEN-500939,TreatmentA,B02,102.89,1314238,13931,0.0587,0.1623,46.28,0.2087,1246,524,0,0
GEN-500867,Control,B01,107.94,1405784,12964,0.0188,0.1918,47.13,0.3214,1750,683,1,1
GEN-500838,Control,B03,89.65,3192138,12412,0.1249,0.133,46.0,0.3445,1264,-4,0,1
GEN-500999,TreatmentA,B02,110.29,3565454,13961,0.0174,0.0846,46.37,0.1441,1845,577,1,1
GEN-500007,TreatmentA,B01,82.04,660540,16461,0.0196,0.1606,46.54,0.193,1365,1205,0,1
GEN-500252,TreatmentB,B02,92.73,565988,19729,0.1126,0.131,50.18,0.1584,1061,674,0,0
GEN-500688,Control,B03,97.9,1116484,14694,0.0448,0.1368,47.88,0.2812,1361,-52,0,1
GEN-500107,Control,B02,88.78,717142,16255,0.0616,0.1819,46.1,0.0828,898,267,1,0
GEN-500101,TreatmentB,B01,87.2,750277,18663,0.0041,0.171,48.92,0.0621,892,834,1,0
GEN-500796,TreatmentA,B01,113.02,2772613,13548,0.0971,0.1823,47.59,0.1525,1471,281,0,1
GEN-500718,Control,B02,116.81,1656579,10536,0.0062,0.0578,50.1,0.1998,1151,500,1,0
GEN-500791,TreatmentB,B03,138.93,1689168,12771,0.0304,0.0872,42.38,0.0678,3082,775,1,0
GEN-500966,Control,B01,72.42,1119062,15203,0.0573,0.0985,48.44,0.0669,1708,349,0,1
GEN-500667,TreatmentA,B01,96.66,865793,13230,0.0587,0.1195,47.19,0.275,972,378,1,1
GEN-500834,TreatmentA,B01,124.76,1345743,18578,0.0455,0.1908,45.61,0.0909,1312,436,1,0
GEN-500213,TreatmentB,B02,104.45,550796,15198,0.0413,0.2383,46.63,0.0748,2021,950,1,0
GEN-500110,TreatmentA,B03,99.38,3186331,15000,0.0162,0.1565,44.61,0.2008,2370,246,0,0
GEN-500013,TreatmentB,B03,139.8,1162453,13622,0.0369,0.1099,48.67,0.0619,2661,1020,1,1
GEN-500638,TreatmentB,B03,109.72,752387,14301,0.0086,0.0748,49.97,0.3256,1865,578,1,0
GEN-500676,Control,B02,105.04,1673136,14511,0.0511,0.0576,45.95,0.1317,1624,-100,0,1
GEN-500387,TreatmentA,B03,89.28,700248,15396,0.0063,0.2244,44.54,0.257,2355,314,1,1
GEN-500850,TreatmentB,B01,103.63,1994097,16197,0.0102,0.2339,49.46,0.1965,1724,611,1,0
GEN-500187,Control,B01,125.57,2179530,13062,0.0388,0.1191,48.29,0.377,1196,-55,0,0
GEN-500831,TreatmentA,B03,111.64,896736,17416,0.1144,0.1821,43.9,0.1365,2027,512,1,0
GEN-500026,TreatmentA,B03,93.22,600675,15341,0.0695,0.1449,46.17,0.2066,1656,339,1,1
GEN-500120,TreatmentB,B02,120.42,683151,17596,0.0255,0.0823,48.06,0.2672,1720,668,1,0
GEN-500941,Control,B03,98.57,2393659,15185,0.0646,0.0836,45.08,0.2528,2999,344,1,0
GEN-500200,TreatmentA,B03,91.12,2796677,13924,0.009,0.2293,45.47,0.2701,2368,325,0,1
GEN-500725,TreatmentA,B01,113.95,4005158,16143,0.0258,0.0754,47.07,0.2492,1351,750,1,1
GEN-500461,TreatmentA,B01,96.74,3239635,11823,0.0613,0.0852,48.1,0.0782,2781,699,0,1
GEN-500295,TreatmentA,B02,112.69,1887766,15082,0.0826,0.1009,44.85,0.1215,1800,216,0,1
GEN-500140,TreatmentA,B03,104.16,1709456,13063,0.045,0.2135,47.59,0.2157,2196,944,0,1
GEN-500600,TreatmentB,B02,133.75,979374,15938,0.086,0.2484,47.18,0.2126,1653,800,0,1
GEN-500316,TreatmentA,B03,90.16,818734,15011,0.021,0.0984,47.73,0.2024,1633,356,1,1
GEN-500579,Control,B01,120.54,460697,14785,0.0193,0.1941,44.81,0.2075,646,302,1,0
GEN-500320,TreatmentB,B01,110.9,424630,18543,0.0832,0.232,47.24,0.2243,1841,977,1,1
GEN-500204,Control,B01,92.82,1067030,9084,0.0163,0.0827,46.06,0.2793,1893,-103,0,0
GEN-500315,Control,B02,95.61,3097526,10693,0.0508,0.1044,42.51,0.1404,2632,-39,0,1
GEN-500163,TreatmentB,B02,104.4,1394586,17462,0.0377,0.1982,46.38,0.1267,1120,772,1,1
GEN-500591,TreatmentA,B02,93.66,1318268,17768,0.0661,0.1548,46.95,0.114,1879,614,1,1
GEN-500654,Control,B02,81.37,663215,13894,0.0763,0.1212,44.87,0.196,1714,884,0,1
GEN-500630,TreatmentB,B01,103.29,2087476,14075,0.087,0.2043,49.55,0.1895,3184,1001,0,0
GEN-500188,TreatmentA,B03,96.37,580208,16072,0.0239,0.1144,48.97,0.1596,1793,709,1,0
GEN-500596,TreatmentA,B02,96.83,444289,15904,0.0464,0.1086,44.21,0.2273,1570,1397,1,0
GEN-500774,TreatmentA,B02,105.3,2353959,14597,0.0603,0.1475,45.66,0.1126,2360,297,0,1
GEN-500528,Control,B02,107.4,1639165,14995,0.1289,0.0624,50.59,0.0325,1349,310,0,1
GEN-500787,TreatmentB,B01,101.77,1940382,16609,0.0124,0.183,46.8,0.1772,2588,628,1,0
GEN-500903,TreatmentB,B03,100.19,901368,16066,0.081,0.1813,48.13,0.0999,1083,664,1,0
GEN-500486,TreatmentA,B03,84.51,2797246,13349,0.091,0.0924,45.67,0.1863,2394,275,0,1
GEN-500123,TreatmentA,B03,120.31,1248909,15238,0.0507,0.1799,45.37,0.2918,1895,307,0,1
GEN-500671,TreatmentA,B01,88.72,1390784,17359,0.0302,0.0985,47.11,0.1819,1441,744,1,1
GEN-500950,TreatmentB,B01,96.45,1813280,23248,0.0191,0.0677,47.98,0.1734,1942,715,1,1
GEN-500895,TreatmentB,B03,104.94,892134,16474,0.0184,0.1193,48.12,0.1424,2578,477,1,1
GEN-500469,Control,B03,95.65,1860195,16444,0.0415,0.191,45.8,0.0676,1652,-102,1,0
GEN-500716,Control,B02,79.07,3104998,12808,0.138,0.127,47.88,0.149,1775,486,0,0
GEN-500174,TreatmentB,B01,93.21,2480306,13635,0.0502,0.2124,48.65,0.2008,1250,701,1,0
GEN-500465,TreatmentB,B01,107.98,3182281,13124,0.0581,0.085,43.7,0.1593,2227,1347,1,0
GEN-500806,TreatmentA,B01,133.66,2304427,13347,0.0347,0.1213,48.5,0.197,1844,588,1,0
GEN-500037,TreatmentB,B03,105.57,3908521,16780,0.0307,0.1748,47.71,0.0884,839,1203,1,1
GEN-500152,Control,B02,110.01,3207159,15704,0.0396,0.1286,48.1,0.1899,1253,70,0,1
GEN-500161,TreatmentA,B02,102.74,4931734,16471,0.0466,0.1845,47.46,0.1666,2034,824,1,0
GEN-500006,Control,B03,72.26,1974902,11579,0.1163,0.1365,45.31,0.0474,1295,403,0,1
GEN-500786,Control,B02,114.56,4760346,14280,0.0482,0.1152,45.85,0.1638,1867,-51,1,1
GEN-500018,TreatmentB,B03,90.79,1700540,16252,0.035,0.0562,46.53,0.164,1687,1550,1,1
GEN-500426,TreatmentA,B02,99.98,717022,16324,0.0205,0.1788,48.42,0.0761,3732,309,1,0
GEN-500642,TreatmentB,B03,99.68,2109198,16938,0.0244,0.2285,46.89,0.0635,1164,445,1,0
GEN-500619,Control,B01,105.27,889088,10167,0.0837,0.2102,45.34,0.148,1070,138,0,0
GEN-500532,TreatmentA,B01,104.38,1504401,19448,0.1637,0.1806,47.49,0.2308,1468,554,0,1
GEN-500253,Control,B02,118.89,1122097,13586,0.0303,0.0697,46.48,0.1431,1545,-9,0,1
GEN-500036,TreatmentA,B02,107.24,2740768,14622,0.0245,0.1014,50.22,0.1458,1821,610,1,0
GEN-500884,TreatmentB,B01,92.05,1332219,12779,0.0406,0.0955,49.02,0.1174,1255,409,0,1
GEN-500262,TreatmentB,B03,95.38,811283,15418,0.0129,0.1424,45.16,0.1391,2934,950,1,0
GEN-500910,Control,B03,97.07,1199743,15651,0.0642,0.08,47.98,0.066,1413,14,0,1
GEN-500780,TreatmentB,B02,93.07,932249,16712,0.0965,0.1491,45.19,0.1541,1607,720,0,0
GEN-500257,Control,B02,93.73,2290975,14343,0.0315,0.1635,43.88,0.1189,2036,405,0,0
GEN-500561,Control,B02,97.28,2193848,14690,0.0997,0.1989,47.47,0.3495,973,19,0,1
GEN-500044,Control,B02,102.0,2842300,12122,0.0769,0.1091,45.56,0.3069,1788,45,0,0
GEN-500936,Control,B01,94.25,1262615,15147,0.0178,0.1336,46.88,0.1745,1417,101,0,1
GEN-500825,TreatmentB,B01,98.3,644101,19421,0.0746,0.1432,45.65,0.0965,1778,1751,1,0
GEN-500169,Control,B03,80.11,1286324,11460,0.1157,0.1188,48.39,0.0639,1346,80,0,1
GEN-500853,TreatmentB,B01,100.11,2481204,15400,0.0674,0.0931,51.18,0.2128,1376,588,0,0
GEN-500586,TreatmentB,B02,115.93,2204308,20601,0.0158,0.1739,48.87,0.0836,1582,620,1,0
GEN-500734,TreatmentA,B02,91.97,1911937,14989,0.0511,0.1491,48.81,0.3637,1810,191,0,0
GEN-500559,Control,B02,98.29,3020020,10796,0.0158,0.1537,46.29,0.2153,1358,70,1,1
GEN-500660,TreatmentA,B03,108.15,2199043,15227,0.0277,0.1636,45.64,0.2195,1966,1159,1,1
GEN-500470,Control,B02,84.81,549025,15212,0.0201,0.0573,43.28,0.3345,1426,-38,1,0
GEN-500436,Control,B03,75.81,2693826,13678,0.0706,0.1292,46.91,0.2115,1214,106,0,0
GEN-500239,TreatmentA,B01,103.47,1437329,14490,0.0185,0.106,44.79,0.1075,2041,386,1,1
GEN-500199,Control,B01,94.74,2534225,15118,0.0239,0.1662,48.42,0.0995,1359,267,0,0
GEN-500881,Control,B02,97.42,2175810,14168,0.0314,0.2283,46.79,0.1794,2082,400,0,1
GEN-500625,TreatmentA,B01,116.82,1634446,15996,0.0242,0.0873,47.11,0.2226,935,421,0,0
GEN-500259,TreatmentB,B01,102.23,1845810,13293,0.0271,0.2214,49.93,0.1802,1331,648,1,0
GEN-500215,TreatmentA,B02,87.97,1661493,15295,0.0247,0.1081,46.1,0.1682,2168,367,1,1
GEN-500567,TreatmentA,B03,114.71,1873969,18575,0.1967,0.061,53.33,0.22,1619,290,0,0
GEN-500244,TreatmentB,B01,98.36,1007386,16781,0.0447,0.1459,48.12,0.158,1856,620,1,0
GEN-500025,TreatmentB,B02,119.96,1208075,16539,0.1094,0.1165,49.06,0.1136,1404,496,0,0
GEN-500337,TreatmentB,B01,104.2,253086,16778,0.1672,0.1268,50.02,0.2504,2505,701,0,0
GEN-500312,TreatmentB,B01,83.65,1022322,12976,0.0175,0.097,45.58,0.1327,1523,946,1,1
GEN-500109,TreatmentB,B03,96.81,1836352,19183,0.0065,0.2023,49.59,0.1849,817,439,1,1
GEN-500789,Control,B01,80.57,2040776,16993,0.0175,0.1905,50.04,0.2029,1375,360,1,0
GEN-500067,TreatmentB,B01,102.61,366236,18785,0.1371,0.168,47.06,0.2002,1313,618,0,1
GEN-500219,TreatmentA,B01,106.82,3025425,15657,0.0303,0.1868,45.0,0.0558,2905,403,1,0
GEN-500139,TreatmentB,B03,77.25,2048774,13408,0.0727,0.2075,43.63,0.1551,1048,686,1,0
GEN-500949,Control,B03,80.1,3101753,14807,0.0367,0.1364,45.27,0.2806,1476,362,1,0
GEN-500994,Control,B01,99.55,1395963,8704,0.0578,0.1846,49.69,0.2359,1701,352,0,0
GEN-500106,TreatmentA,B03,123.2,3143144,13596,0.1542,0.0903,49.53,0.2027,1506,243,0,0
GEN-500407,TreatmentB,B03,78.85,1094733,17649,0.1267,0.2359,46.42,0.1277,1646,609,0,0
GEN-500114,TreatmentB,B03,90.44,940484,16201,0.0223,0.1296,44.1,0.135,1925,607,1,0
GEN-500568,TreatmentB,B03,91.38,2449954,15373,0.0352,0.1598,46.46,0.2992,1614,631,1,1
GEN-500756,TreatmentA,B03,95.08,1613290,18506,0.0806,0.143,46.12,0.108,1682,790,1,1
GEN-500410,TreatmentB,B02,115.31,1137843,16181,0.1203,0.1578,48.58,0.328,1173,920,0,0
GEN-500497,Control,B02,86.96,2329585,11758,0.1065,0.2113,48.0,0.1056,2246,313,0,0
GEN-500696,Control,B03,100.85,649096,16819,0.1141,0.0982,44.44,0.1149,1605,162,0,1
GEN-500388,TreatmentA,B02,117.83,782446,15066,0.0464,0.1198,44.21,0.2313,1648,897,1,1
GEN-500347,TreatmentA,B03,91.9,2720061,16335,0.0264,0.1091,45.89,0.0301,1092,1125,1,1
GEN-500938,Control,B03,122.5,1688981,9782,0.0148,0.1242,44.82,0.4096,1447,-108,0,0
GEN-500753,Control,B02,92.63,3878883,15127,0.0876,0.159,47.11,0.1347,2052,-79,0,0
GEN-500587,TreatmentB,B01,87.06,969228,14466,0.065,0.214,46.26,0.2773,1061,602,1,1
GEN-500929,TreatmentA,B01,119.25,1493321,11683,0.019,0.1647,46.02,0.1065,1703,272,1,0
GEN-500846,Control,B02,110.85,1083666,15091,0.0246,0.1805,46.45,0.3258,1869,522,0,1
GEN-500730,Control,B02,93.66,1702331,11449,0.0032,0.1041,49.34,0.2422,1344,44,0,0
GEN-500183,TreatmentA,B01,82.99,869051,17544,0.0464,0.0882,45.64,0.0864,925,759,1,1
GEN-500887,TreatmentA,B01,102.94,2300216,15883,0.0665,0.2064,49.04,0.255,2491,1862,0,1
GEN-500727,TreatmentA,B01,99.78,1741845,15392,0.0856,0.2054,46.28,0.1014,1005,501,0,0
GEN-500799,Control,B02,113.71,1005206,14922,0.094,0.2219,49.36,0.3329,987,792,1,1
GEN-500453,TreatmentB,B01,88.18,2859938,14966,0.0353,0.1397,48.98,0.185,2247,1241,1,0
GEN-500736,Control,B01,72.84,1462527,12760,0.0915,0.2078,48.09,0.0919,835,139,0,1
GEN-500679,TreatmentB,B03,89.05,3270813,14678,0.0187,0.2088,46.39,0.1886,2108,715,0,1
GEN-500588,TreatmentB,B02,103.73,807802,18142,0.0944,0.193,44.75,0.1917,894,734,0,0
GEN-500820,TreatmentB,B02,121.06,1023621,15132,0.0388,0.1719,43.16,0.0889,1671,518,1,0
GEN-500724,TreatmentB,B03,89.71,1195434,11207,0.0609,0.262,48.9,0.2378,1504,755,0,1
GEN-500782,Control,B03,79.39,1485138,14475,0.0668,0.091,44.95,0.4278,1340,227,1,0
GEN-500795,TreatmentA,B02,111.95,1335602,15975,0.0823,0.1065,43.8,0.039,843,565,1,0
GEN-500405,TreatmentA,B02,114.63,2511237,11138,0.021,0.1324,48.22,0.1931,1510,1254,1,0
GEN-500556,TreatmentA,B02,103.2,2891970,10808,0.0219,0.0936,46.01,0.2357,1669,575,1,0
GEN-500530,TreatmentB,B02,91.77,2177441,18197,0.0572,0.1327,50.31,0.0368,1041,816,1,0
GEN-500476,TreatmentB,B03,105.9,1286623,17002,0.0289,0.1768,44.73,0.4327,2903,716,1,1
GEN-500817,TreatmentB,B02,100.64,1781168,10841,0.0219,0.1015,47.46,0.1464,1536,1034,1,1
GEN-500201,TreatmentA,B03,98.2,1091721,18947,0.0397,0.099,46.85,0.2132,1188,849,1,1
GEN-500537,TreatmentA,B03,122.97,2358492,12610,0.1184,0.1073,43.25,0.375,2445,757,0,1
GEN-500902,Control,B01,74.13,1217133,12852,0.0352,0.0497,44.84,0.1664,1004,17,0,0
GEN-500697,TreatmentA,B03,77.68,787255,19426,0.0408,0.1837,43.93,0.3321,1467,423,1,1
GEN-500372,Control,B01,88.76,1955947,14027,0.0259,0.1542,48.85,0.1483,1483,192,1,0
GEN-501000,TreatmentB,B02,103.79,1112915,15952,0.009,0.1822,45.72,0.0815,1860,1252,1,0
GEN-500877,TreatmentB,B01,107.7,862831,13085,0.0356,0.1327,46.3,0.0752,1665,1192,1,1
GEN-500233,TreatmentA,B03,91.41,527856,18958,0.0704,0.0835,43.84,0.1168,1328,1183,1,1
GEN-500260,TreatmentB,B03,118.36,2858224,16814,0.0962,0.0659,45.55,0.2611,2411,850,1,0
GEN-500594,TreatmentB,B02,90.86,2448335,14609,0.0386,0.1054,46.75,0.0464,4373,634,0,1
GEN-500536,TreatmentB,B03,84.65,1074515,16822,0.0935,0.1336,45.55,0.1458,2576,824,1,1
GEN-500371,TreatmentB,B03,80.67,4661049,14712,0.02,0.1153,45.36,0.3784,888,686,0,0
GEN-500772,TreatmentA,B01,79.77,1071128,16804,0.0761,0.1214,48.36,0.1083,1215,932,0,0
GEN-500027,Control,B01,79.32,3086139,13749,0.0607,0.0615,45.81,0.2056,1384,739,1,0
GEN-500419,TreatmentB,B01,77.36,1383362,17147,0.0906,0.152,46.72,0.2637,3134,609,0,1
GEN-500943,TreatmentA,B01,80.96,1807676,20159,0.0561,0.2098,48.35,0.1805,1596,348,0,0
GEN-500558,Control,B02,111.58,1073598,11620,0.0764,0.2264,46.77,0.1005,2552,448,0,0
GEN-500644,TreatmentB,B02,85.73,1982544,13218,0.0339,0.2903,46.34,0.1503,1956,539,0,1
GEN-500678,TreatmentB,B02,83.01,1868799,15475,0.0618,0.1253,44.53,0.2409,2072,871,0,0
GEN-500490,TreatmentA,B01,91.65,2350488,11016,0.0169,0.1919,45.52,0.1862,2087,961,1,1
GEN-500009,TreatmentA,B03,116.08,2813164,13959,0.0867,0.0541,48.12,0.1751,2518,170,0,0
GEN-500381,TreatmentA,B01,88.96,1596377,17940,0.0139,0.0707,47.85,0.149,1641,263,1,1
GEN-500255,TreatmentB,B01,112.86,1547353,17468,0.0876,0.2279,46.85,0.3251,1806,761,0,1
GEN-500614,TreatmentB,B01,85.31,1659937,17955,0.0252,0.1515,46.55,0.3033,1073,531,1,1
GEN-500548,TreatmentB,B01,108.66,778373,17968,0.0504,0.0731,48.43,0.1416,2632,731,1,0
GEN-500160,TreatmentA,B03,84.54,1408570,17403,0.02,0.1917,45.12,0.2279,1921,492,1,1
GEN-500041,TreatmentA,B03,91.12,554645,13701,0.0274,0.1192,50.89,0.0431,2462,199,0,0
GEN-500412,Control,B02,81.67,3189227,9985,0.0731,0.1477,45.63,0.116,1503,361,0,1
GEN-500058,Control,B01,106.53,1599625,12279,0.072,0.1596,44.22,0.085,2692,1043,0,0
GEN-500474,Control,B01,113.45,631346,11768,0.0409,0.2221,47.23,0.3234,2004,-98,0,1
GEN-500290,TreatmentB,B02,97.84,905695,11299,0.0372,0.1347,46.67,0.1357,1670,672,1,1
GEN-500272,TreatmentA,B02,112.97,822445,14171,0.0142,0.1259,49.03,0.1367,2788,822,1,0
GEN-500443,Control,B03,104.85,493188,15031,0.0271,0.0899,44.15,0.1831,1568,320,1,1
GEN-500170,TreatmentA,B02,127.05,1234335,11569,0.0459,0.1729,47.92,0.1283,2017,707,0,0
GEN-500599,TreatmentA,B03,81.53,1287132,15625,0.0974,0.1622,49.13,0.3571,995,466,0,0
GEN-500379,Control,B02,94.19,1847182,13349,0.0229,0.1719,47.46,0.2183,2285,71,0,1
GEN-500485,Control,B03,93.3,1670164,13817,0.0312,0.0664,47.73,0.3582,1768,332,1,0
GEN-500077,TreatmentA,B01,108.7,2785271,15202,0.076,0.2418,45.57,0.2085,2479,355,0,0
GEN-500358,Control,B02,115.46,2113977,13340,0.0552,0.1252,49.37,0.1722,2291,74,0,0
GEN-500091,Control,B01,88.65,2793544,11259,0.0191,0.0785,48.32,0.3623,1361,814,0,0
GEN-500988,TreatmentB,B02,85.39,1649736,11569,0.016,0.0605,43.9,0.2983,2469,1157,0,0
GEN-500234,Control,B01,129.12,295593,14550,0.0205,0.1675,45.91,0.2278,3053,386,1,1
GEN-500335,TreatmentA,B01,138.93,1922333,15973,0.084,0.2407,45.31,0.0727,2815,234,0,0
GEN-500361,TreatmentB,B01,128.07,2111416,15911,0.0866,0.202,44.88,0.227,1771,647,0,1
GEN-500085,TreatmentA,B01,119.18,1894850,15933,0.0623,0.2279,46.92,0.1793,1434,848,0,1
GEN-500641,Control,B02,118.32,4634263,14583,0.1275,0.1224,44.92,0.2356,2014,614,0,1
GEN-500061,Control,B03,129.78,1077421,15048,0.031,0.0611,45.41,0.0864,1188,585,1,1
GEN-500674,Control,B02,92.57,1593076,16306,0.0869,0.1198,43.34,0.357,1557,791,0,0
GEN-500108,Control,B02,111.25,2024025,17232,0.0618,0.2036,43.37,0.0959,2656,63,0,0
GEN-500040,TreatmentA,B02,99.5,832053,12615,0.0749,0.0815,47.8,0.1137,2006,1129,0,1
GEN-500882,Control,B02,113.8,1018018,15635,0.0219,0.0688,41.72,0.2555,2335,458,0,0
GEN-500921,Control,B02,108.65,709761,9523,0.0132,0.1386,44.97,0.3036,1026,982,1,0
GEN-500632,TreatmentA,B02,119.58,1011171,14408,0.0938,0.1344,48.05,0.2406,1895,515,0,0
GEN-500002,TreatmentB,B02,101.24,1877372,14579,0.0648,0.2061,47.75,0.2417,1979,862,1,0
GEN-500896,Control,B03,97.96,1457355,13330,0.0224,0.094,48.93,0.3773,2914,138,0,0
GEN-500153,Control,B03,86.06,574779,14267,0.1249,0.0483,43.39,0.4538,1460,93,0,0
GEN-500707,TreatmentB,B01,88.58,3934782,13730,0.0233,0.0705,51.38,0.4261,1237,498,1,0
GEN-500843,TreatmentB,B01,126.8,906429,13691,0.0244,0.1517,46.36,0.1729,993,682,0,1
GEN-500749,Control,B01,109.4,3177055,13310,0.0836,0.1023,45.56,0.1536,1234,665,1,1
GEN-500811,Control,B03,93.98,1288746,12883,0.0023,0.1866,44.88,0.2099,962,1,0,0
GEN-500498,TreatmentB,B02,77.92,3981366,16763,0.0244,0.1377,44.63,0.427,949,463,1,1
GEN-500066,Control,B03,90.54,780279,11734,0.0908,0.0943,48.96,0.1839,1919,160,0,0
GEN-500208,Control,B01,127.5,1506332,13328,0.0568,0.1271,42.23,0.0963,1287,16,0,0
GEN-500709,TreatmentB,B03,95.15,649076,17018,0.0669,0.312,42.33,0.1614,1699,719,1,0
GEN-500624,TreatmentB,B01,67.81,1368730,14585,0.0165,0.1147,47.41,0.1617,1000,625,1,0
GEN-500931,TreatmentB,B03,93.85,3632767,16984,0.0262,0.1317,45.93,0.1578,794,743,1,1
GEN-500194,TreatmentA,B01,92.66,1223900,13940,0.0522,0.1372,49.26,0.38,1115,865,0,0
GEN-500190,Control,B02,91.3,2292178,8110,0.0385,0.2164,48.3,0.0809,1631,66,0,0
GEN-500145,Control,B01,70.11,803778,16778,0.0588,0.1237,45.27,0.2076,1912,808,1,1
GEN-500087,Control,B01,111.83,2365323,13523,0.1606,0.039,46.47,0.3393,1036,60,0,0
GEN-500112,TreatmentB,B01,106.94,767809,13747,0.0833,0.0679,48.85,0.1694,1293,829,0,0
GEN-500355,TreatmentA,B02,119.0,1038265,15280,0.0537,0.2791,48.79,0.204,1019,286,0,0
GEN-500010,TreatmentA,B01,127.75,1662821,11595,0.053,0.1572,48.41,0.3683,2236,281,0,1
GEN-500629,Control,B02,115.31,3197297,11953,0.1258,0.1131,47.15,0.1483,1692,94,0,1
GEN-500798,TreatmentA,B02,98.05,3589061,16056,0.0962,0.1671,46.55,0.2223,883,771,0,1
GEN-500386,Control,B03,64.62,459285,13108,0.0054,0.165,44.08,0.2188,1466,274,1,1
GEN-500893,TreatmentA,B01,104.95,1739721,10152,0.0525,0.0487,42.93,0.0502,1888,147,0,1
GEN-500784,TreatmentB,B03,68.36,1720715,15364,0.0488,0.2224,48.85,0.1679,1840,1101,1,0
GEN-500953,TreatmentB,B01,92.08,1432441,18237,0.0285,0.1515,46.78,0.4276,1053,630,1,1
GEN-500873,Control,B03,114.92,1268077,10432,0.0122,0.1291,42.42,0.3616,1488,248,0,0
GEN-500434,TreatmentB,B03,93.8,1623376,17020,0.0309,0.1531,44.47,0.2187,2181,1186,1,0
GEN-500424,TreatmentA,B03,103.18,1367194,17243,0.086,0.1092,48.69,0.1232,1152,760,1,1
GEN-500432,TreatmentB,B03,118.74,3225643,14731,0.0038,0.1281,44.09,0.1404,1557,543,1,0
GEN-500597,Control,B02,122.74,1303011,18045,0.0701,0.1321,48.47,0.138,3616,691,1,0
GEN-500914,Control,B03,111.09,1502355,12458,0.0369,0.1349,45.66,0.179,751,-20,0,1
GEN-500746,TreatmentB,B02,120.63,1712916,16727,0.0712,0.17,50.1,0.1408,1667,645,1,0
GEN-500339,TreatmentB,B01,90.98,1363631,16370,0.0189,0.107,40.05,0.1572,3305,517,1,0
GEN-500451,TreatmentA,B03,98.36,1521268,13363,0.0765,0.1476,45.64,0.1667,1750,1440,1,0
GEN-500745,TreatmentB,B02,94.64,2587690,17028,0.0731,0.1092,50.93,0.2475,1101,663,1,0
GEN-500961,TreatmentA,B01,110.9,2429982,9224,0.0854,0.1113,43.72,0.179,1379,266,0,0
GEN-500605,Control,B03,90.39,2102932,12266,0.0226,0.1945,45.56,0.2403,1278,139,0,1
GEN-500758,TreatmentB,B02,102.27,2693635,16689,0.1149,0.2029,45.96,0.3888,1747,1386,0,1
GEN-500522,TreatmentA,B01,96.13,572907,10093,0.0137,0.0839,48.7,0.0906,1332,196,0,1
GEN-500970,Control,B03,91.24,1204371,12721,0.0144,0.1588,50.11,0.2684,1139,165,0,0
GEN-500856,TreatmentA,B02,123.25,1267958,16651,0.018,0.139,44.4,0.2132,2008,407,1,0
GEN-500176,TreatmentA,B02,114.62,1557333,13543,0.01,0.1115,48.18,0.2262,1779,918,1,0
GEN-500563,Control,B03,116.63,769397,14373,0.0327,0.2063,48.44,0.119,807,86,0,0
GEN-500437,TreatmentA,B02,92.22,1344489,16719,0.0254,0.1596,48.12,0.0701,2018,320,1,0
GEN-500552,TreatmentA,B03,95.9,1068818,14382,0.003,0.1141,47.36,0.1083,2370,779,1,1
GEN-500304,TreatmentB,B01,95.89,1771555,14682,0.0509,0.1504,47.5,0.4618,1647,948,0,1
GEN-500549,TreatmentB,B02,89.81,2360811,14876,0.0399,0.0465,44.1,0.2231,1672,725,0,0
GEN-500982,TreatmentA,B01,104.93,737814,14617,0.0123,0.0988,46.42,0.1071,1408,220,0,1
GEN-500417,Control,B01,94.45,1885873,15966,0.0148,0.0492,48.57,0.0866,2126,-2,0,1
GEN-500096,TreatmentA,B01,132.76,1678662,16735,0.0306,0.1682,46.54,0.2667,2999,333,1,1
GEN-500592,TreatmentA,B03,82.51,1492130,17735,0.1149,0.1468,46.43,0.2336,1407,614,0,1
GEN-500647,TreatmentA,B02,100.68,1845880,14735,0.0153,0.06,46.17,0.2044,1227,493,0,1
GEN-500721,TreatmentA,B03,86.95,4050272,10364,0.0319,0.2305,45.01,0.2275,1947,376,0,1
GEN-500248,Control,B02,112.72,2291594,13538,0.0389,0.1731,43.54,0.2362,1807,540,1,0
GEN-500571,TreatmentA,B01,98.79,1823724,18572,0.0423,0.1787,48.08,0.2485,1196,371,1,1
GEN-500043,TreatmentA,B02,115.63,2101157,16313,0.0459,0.125,47.45,0.065,1129,405,0,0
GEN-500224,TreatmentA,B02,107.94,1161783,14758,0.0718,0.1724,48.07,0.1924,2137,430,0,1
GEN-500580,TreatmentA,B03,104.16,936548,14907,0.0105,0.3289,47.44,0.3102,1181,571,1,1
GEN-500076,TreatmentA,B03,89.24,1134293,17070,0.0067,0.1802,46.02,0.183,1614,1267,1,1
GEN-500708,Control,B02,109.8,1635906,13799,0.1055,0.1979,44.5,0.1561,1313,47,0,1
GEN-500635,Control,B01,90.14,1919925,13864,0.0151,0.2014,43.71,0.2638,1759,537,1,1
GEN-500957,TreatmentA,B02,73.5,805029,15440,0.0946,0.1534,45.88,0.156,3080,576,0,0
GEN-500389,Control,B03,93.49,1831322,16253,0.0351,0.1202,44.29,0.0616,1607,603,0,0
GEN-500821,TreatmentB,B01,74.44,1829715,17132,0.0498,0.0566,45.18,0.0312,1808,1944,1,1
GEN-500917,Control,B01,95.13,1274760,11669,0.032,0.2076,48.6,0.0684,1542,1256,0,0
GEN-500249,Control,B02,106.16,904321,11238,0.051,0.1329,45.06,0.09,2175,173,0,1
GEN-500813,TreatmentA,B03,99.04,2031491,13858,0.0339,0.2072,49.75,0.271,702,527,0,1
GEN-500414,TreatmentA,B01,92.86,2994301,16060,0.0091,0.1445,48.13,0.2398,1458,1079,1,1
GEN-500971,Control,B03,128.8,2218452,14074,0.0723,0.0914,40.67,0.2419,1489,342,0,0
GEN-500550,Control,B01,94.83,2641830,12116,0.1225,0.0857,47.54,0.2129,2879,331,0,1
