sample_id,group,batch,measure_1,nuclei_count,mean_nuclear_area,mean_cell_area,mean_intensity_dapi,mean_intensity_gfp,nuclear_circularity,fraction_in_focus,background_sd,target_a,target_b
IMG-500819,Control,B03,93.53,235,201.92,679.64,1751.7,368.9,0.7335,0.9121,16.64,0,0
IMG-500923,TreatmentB,B01,60.73,262,176.39,698.04,1378.5,995.7,0.9135,0.9562,17.49,0,1
IMG-500299,TreatmentA,B02,82.06,224,271.56,657.6,1594.7,534.6,0.9045,0.8838,17.15,1,0
IMG-500941,TreatmentB,B01,124.59,248,220.59,630.5,1415.8,1660.9,0.7047,0.944,41.91,1,0
IMG-500903,TreatmentA,B03,89.46,250,194.54,496.87,1177.7,599.6,0.769,0.9637,23.73,1,1
IMG-500182,TreatmentB,B01,93.46,225,199.51,775.34,1216.7,995.8,0.7299,0.9148,37.78,1,1
IMG-500170,Control,B01,123.72,242,175.28,631.65,1540.8,451.8,0.8822,0.7491,12.22,0,0
IMG-500596,TreatmentB,B01,99.34,249,219.79,509.8,1322.7,830.8,0.9478,0.8937,13.53,0,0
IMG-500817,Control,B03,104.2,228,166.45,968.04,1247.4,1326.1,0.9608,0.969,20.94,1,0
IMG-500948,TreatmentA,B02,73.14,244,239.05,724.41,1725.3,363.5,0.8906,0.9011,14.53,0,0
IMG-500712,TreatmentA,B02,95.44,230,198.2,1137.71,1875.8,529.6,0.6851,0.9729,33.44,0,1
IMG-500121,TreatmentB,B02,104.38,247,188.19,853.46,1654.1,977.8,0.8642,0.969,20.86,0,1
IMG-500756,TreatmentA,B01,98.06,232,204.51,953.28,1480.1,299.7,0.9483,0.8637,22.58,0,0
IMG-500419,TreatmentB,B02,90.31,237,134.35,411.04,1698.8,872.2,0.8659,0.9832,17.28,1,0
IMG-500797,TreatmentB,B03,91.38,257,151.3,933.12,1143.8,1494.5,0.6998,0.9016,13.45,1,0
IMG-500461,Control,B03,64.5,256,214.56,788.56,1367.3,353.1,0.8975,0.9366,23.78,0,0
IMG-500492,Control,B02,105.5,253,196.61,647.79,1195.5,1.1,0.7848,0.8059,19.25,0,1
IMG-500650,TreatmentB,B03,85.66,228,147.29,682.91,1428.7,721.6,0.6326,0.9448,16.23,0,0
IMG-500495,TreatmentA,B01,100.52,266,253.18,471.22,1490.8,597.5,0.7858,0.9546,20.92,1,0
IMG-500904,TreatmentA,B02,110.91,274,203.8,851.87,1350.7,573.2,0.8703,0.8118,20.47,0,1
IMG-500609,TreatmentB,B02,92.33,256,141.79,824.17,1243.5,774.7,0.95,0.8147,22.99,0,0
IMG-500303,TreatmentB,B03,99.45,237,179.14,728.54,1585.5,819.5,0.9437,0.9169,22.67,0,1
IMG-500485,Control,B01,94.12,244,146.95,635.31,1488.9,263.0,0.8103,0.9205,32.39,0,0
IMG-500720,TreatmentB,B01,102.42,256,200.56,1116.51,1278.2,745.2,0.8946,0.9937,21.57,1,0
IMG-500234,Control,B03,90.67,255,164.52,764.73,1240.3,182.3,0.6488,0.9641,25.36,0,0
IMG-500798,Control,B01,97.36,224,148.16,579.34,899.6,80.5,0.8611,0.9586,21.82,0,1
IMG-500679,TreatmentA,B02,85.58,227,165.07,810.58,1024.2,561.7,0.8941,0.9281,22.45,0,0
IMG-500218,TreatmentA,B03,91.09,257,187.25,716.64,1085.5,773.7,0.6436,0.854,22.89,1,1
IMG-500793,TreatmentA,B03,109.67,233,188.38,650.26,1515.7,532.8,0.7398,0.8933,13.82,0,0
IMG-500806,TreatmentA,B03,113.77,240,156.92,737.55,1533.2,384.7,0.8006,0.9701,19.48,0,0
IMG-500477,TreatmentA,B02,93.29,230,102.56,642.86,905.9,1092.2,0.78,0.8699,19.07,1,0
IMG-500646,TreatmentA,B02,100.92,243,209.33,767.24,1624.3,853.4,0.8585,0.8393,15.15,0,1
IMG-500141,Control,B02,87.4,232,164.86,571.07,1419.0,30.6,0.7244,0.7057,23.72,0,1
IMG-500544,TreatmentB,B03,127.09,241,205.81,630.68,1751.2,794.4,0.7358,0.9048,9.73,1,0
IMG-500282,TreatmentB,B02,98.93,251,189.86,822.66,932.0,881.0,0.8854,0.9684,23.06,1,1
IMG-500202,TreatmentA,B02,90.2,233,217.54,811.81,1565.3,684.2,0.9396,0.8862,27.34,0,1
IMG-500464,Control,B03,91.36,234,154.91,924.88,1405.7,962.5,0.8288,0.8909,14.02,1,1
IMG-500034,TreatmentB,B01,86.93,242,206.82,818.08,1555.2,897.4,0.6767,0.773,26.58,1,1
IMG-500643,TreatmentB,B02,79.09,281,230.16,679.6,1769.9,792.6,0.8902,0.9285,18.62,1,0
IMG-500219,TreatmentB,B03,96.97,271,138.72,519.56,1341.6,605.5,0.81,0.9223,6.39,0,0
IMG-500348,TreatmentB,B01,108.1,250,188.34,773.82,1605.5,556.8,0.4707,0.9787,7.63,0,1
IMG-500860,TreatmentB,B01,102.76,257,252.71,1010.45,1831.5,1161.8,0.8218,0.8923,16.54,0,1
IMG-500990,TreatmentB,B02,89.55,275,212.07,594.15,1310.7,882.6,0.8616,0.9029,28.23,1,1
IMG-500087,TreatmentA,B03,88.11,241,188.76,554.11,1276.2,504.2,0.8325,0.9737,42.23,1,1
IMG-500324,Control,B01,89.73,242,150.84,694.15,1774.6,146.3,0.85,0.9618,22.28,0,0
IMG-500309,Control,B03,79.43,199,150.0,651.37,1622.6,178.6,0.8225,0.9784,19.1,0,0
IMG-500597,TreatmentB,B03,97.78,234,151.56,845.7,1035.1,973.4,0.6667,0.9354,16.6,1,0
IMG-500823,TreatmentA,B01,115.66,244,155.32,601.18,1281.4,1204.9,0.7901,0.8837,14.9,1,1
IMG-500157,TreatmentA,B03,94.95,235,187.23,918.55,1537.6,1564.9,0.87,0.914,19.28,1,1
IMG-500639,TreatmentA,B02,100.83,234,224.53,711.89,1866.3,611.9,0.702,0.8888,22.15,1,0
IMG-500963,TreatmentB,B01,82.24,239,204.37,737.6,1707.5,1073.3,0.9376,0.9086,18.85,1,1
IMG-500908,Control,B01,101.9,244,111.34,715.08,1780.3,927.6,0.6831,0.9417,35.18,1,0
IMG-500980,Control,B03,78.71,225,184.87,471.01,1749.7,847.9,0.666,0.9451,19.13,0,1
IMG-501000,TreatmentA,B02,103.48,233,204.44,751.61,1338.8,592.4,0.9124,0.8746,10.74,0,1
IMG-500945,Control,B02,86.11,241,213.84,938.84,1466.4,445.0,0.8136,0.9515,13.53,0,1
IMG-500449,Control,B03,85.04,240,256.7,696.59,1548.2,250.5,0.6399,0.9729,31.55,0,1
IMG-500048,TreatmentB,B02,107.4,243,256.11,640.93,1415.1,1543.6,0.8067,0.8523,21.7,1,0
IMG-500537,TreatmentA,B01,104.74,216,175.07,461.24,1828.6,619.4,0.7572,0.9913,28.27,1,0
IMG-500286,Control,B03,98.85,235,228.42,449.07,1653.4,243.1,0.898,0.8611,23.23,0,0
IMG-500208,Control,B03,99.14,230,241.83,778.91,1454.9,384.1,0.8492,0.8863,23.15,0,0
IMG-500554,TreatmentA,B02,90.16,250,146.31,740.83,1307.5,880.8,0.5885,0.9005,22.99,1,0
IMG-500308,TreatmentA,B01,84.23,231,195.45,713.31,2056.7,1007.1,0.8866,0.9492,15.72,0,1
IMG-500489,TreatmentA,B01,126.62,251,131.68,261.7,1181.6,431.0,0.6993,0.8883,18.61,1,0
IMG-500431,Control,B03,86.41,248,203.21,557.19,1346.6,872.9,0.6263,0.959,16.92,1,1
IMG-500158,TreatmentA,B02,116.93,259,228.08,860.51,1383.3,877.0,0.5514,0.9625,10.67,1,0
IMG-500237,Control,B01,110.49,246,156.86,735.28,1267.2,415.3,0.7162,0.9685,32.32,0,0
IMG-500580,TreatmentB,B03,127.08,231,233.48,923.81,1277.2,950.8,0.8813,0.9376,79.55,1,0
IMG-500795,TreatmentB,B03,101.45,248,136.28,438.98,1161.6,1254.1,0.9543,0.7658,18.38,1,1
IMG-500203,Control,B03,115.08,223,213.62,503.6,1259.2,153.4,0.7159,0.9709,24.96,0,1
IMG-500826,TreatmentA,B01,104.97,230,185.97,922.08,1559.6,481.3,0.7092,0.7374,20.52,0,1
IMG-500387,TreatmentA,B01,110.57,226,203.48,797.05,1151.8,407.5,0.6631,0.9498,13.43,1,0
IMG-500491,TreatmentB,B03,97.29,257,204.17,836.3,1221.9,698.8,0.8568,0.9663,28.7,0,1
IMG-500605,Control,B03,109.65,242,160.48,854.01,1233.2,643.8,0.9667,0.9437,29.75,0,0
IMG-500729,TreatmentB,B03,82.58,266,227.62,900.02,1355.3,689.0,0.788,0.9804,24.57,1,0
IMG-500316,TreatmentA,B03,118.81,221,181.48,752.69,1534.2,766.4,0.8775,0.968,42.7,0,1
IMG-500290,Control,B01,120.49,227,230.12,519.41,1100.8,85.0,0.8464,0.946,20.04,1,0
IMG-500104,TreatmentA,B01,121.03,228,158.71,454.43,1441.0,505.7,0.9006,0.9034,27.25,0,1
IMG-500607,TreatmentB,B03,101.98,245,163.36,826.28,1111.1,1161.3,0.7759,0.9821,16.3,1,1
IMG-500852,TreatmentA,B02,104.26,255,207.48,818.27,806.3,411.4,0.7634,0.8852,25.07,1,0
IMG-500907,TreatmentB,B03,92.39,253,223.95,815.57,910.2,908.1,0.8953,0.9707,16.99,1,0
IMG-500750,Control,B03,70.05,241,194.78,852.41,1654.1,117.8,0.9012,0.99,32.69,0,1
IMG-500520,Control,B02,80.97,232,168.05,753.54,1207.2,418.0,0.547,0.9964,23.52,1,1
IMG-500526,TreatmentB,B02,94.26,255,184.95,787.6,1881.4,1206.9,0.5915,0.9039,14.44,1,1
IMG-500682,TreatmentB,B01,117.56,246,189.07,604.37,1297.6,1089.0,0.7274,0.9168,17.11,1,1
IMG-500439,TreatmentA,B02,91.75,231,156.05,859.99,1423.9,733.4,0.6923,0.9253,16.43,0,0
IMG-500046,Control,B02,84.69,220,192.52,638.97,1230.6,468.4,0.8759,0.8964,29.33,0,1
IMG-500768,TreatmentB,B01,104.21,227,271.05,842.04,1376.7,1191.8,0.9193,0.8534,27.98,1,0
IMG-500638,Control,B01,110.53,254,172.85,644.55,1419.4,401.1,0.7042,0.9441,28.11,0,0
IMG-500188,TreatmentB,B02,79.33,255,171.49,859.27,1347.6,823.1,0.7327,0.8887,19.82,1,0
IMG-500668,Control,B01,79.64,229,231.17,729.64,889.1,442.7,0.892,0.9796,18.47,0,0
IMG-500042,Control,B02,129.62,221,188.9,523.1,1158.0,1337.1,0.8021,0.9103,34.98,1,1
IMG-500981,TreatmentA,B01,130.65,277,141.48,718.82,1721.4,644.5,0.7809,0.9479,22.56,1,0
IMG-500600,Control,B03,105.31,212,262.41,507.86,1631.7,295.4,0.932,0.8773,23.68,0,0
IMG-500291,TreatmentA,B02,110.63,273,205.96,511.82,1801.0,926.9,0.688,0.9275,15.54,1,0
IMG-500373,Control,B01,101.92,241,197.07,722.76,1559.7,328.9,0.8601,0.87,35.41,0,1
IMG-500752,TreatmentA,B03,101.1,246,119.0,733.45,1937.9,744.9,0.7964,0.9449,26.06,1,0
IMG-500345,TreatmentB,B03,125.74,251,186.35,415.35,1361.7,805.4,0.8317,0.765,31.3,1,1
IMG-500041,Control,B01,113.72,228,205.46,624.58,1380.2,1167.8,0.8745,0.9865,32.81,0,1
IMG-500522,TreatmentA,B01,95.1,268,170.18,739.29,1344.1,506.5,0.729,0.9318,18.48,1,1
IMG-500054,Control,B02,91.22,230,209.49,797.38,1260.8,619.8,0.5945,0.8254,9.57,1,1
IMG-500223,TreatmentB,B02,103.27,267,211.39,611.97,1611.9,977.9,0.6813,0.992,15.62,1,0
IMG-500366,TreatmentB,B03,100.54,251,203.88,809.58,1475.5,744.6,0.779,0.9182,56.19,1,1
IMG-500003,TreatmentB,B03,72.11,258,209.82,976.42,1288.5,661.9,0.7337,0.9808,20.13,0,0
IMG-500589,Control,B03,97.83,205,257.31,783.94,1721.2,454.3,0.8738,0.9605,32.2,0,0
IMG-500362,Control,B03,90.18,240,188.3,628.16,1181.2,253.0,0.7991,0.93,34.61,0,1
IMG-500991,TreatmentA,B02,121.75,255,151.28,582.72,1503.9,527.4,0.7807,0.8421,25.32,1,0
IMG-500659,Control,B02,98.27,221,204.06,653.58,1477.5,199.6,0.7431,0.8778,40.18,0,1
IMG-500327,TreatmentB,B01,91.66,251,165.75,639.29,1925.3,1220.0,0.7328,0.8648,22.35,1,0
IMG-500556,TreatmentB,B03,113.26,232,204.82,593.33,1367.9,868.3,0.7649,0.7804,15.86,0,1
IMG-500511,Control,B02,97.59,257,183.94,705.84,1386.0,273.4,0.6803,0.8918,22.69,0,1
IMG-500956,Control,B02,110.31,221,213.07,721.16,1620.6,622.6,0.7611,0.9509,18.06,0,1
IMG-500161,Control,B02,97.25,249,200.55,825.57,1387.3,160.2,0.6952,0.8893,17.45,0,1
IMG-500811,TreatmentB,B02,107.82,297,133.06,633.57,1176.4,817.9,0.595,0.9423,19.62,1,0
IMG-500922,TreatmentA,B02,87.49,233,125.03,642.11,1288.7,373.3,0.6354,0.9477,25.55,1,0
IMG-500627,TreatmentB,B03,78.35,247,172.25,601.2,1117.4,1166.7,0.7844,0.9491,29.41,1,1
IMG-500425,TreatmentB,B02,96.78,250,190.78,794.94,1394.8,754.5,0.8055,0.932,16.66,1,1
IMG-500146,TreatmentB,B02,88.68,268,86.75,625.68,1318.2,933.6,0.7207,0.8831,21.7,1,0
IMG-500033,TreatmentB,B01,99.95,250,201.73,795.49,1330.3,1182.1,0.7588,0.8882,19.02,1,1
IMG-500063,Control,B03,101.89,230,180.85,510.04,1487.9,28.1,0.9091,0.9458,18.93,0,1
IMG-500518,TreatmentB,B03,119.0,242,136.1,691.26,1449.3,1087.8,0.8264,0.9152,32.4,1,1
IMG-500833,Control,B03,86.9,253,178.94,844.27,1254.2,665.4,0.8386,0.9493,30.07,0,1
IMG-500393,Control,B02,103.32,258,167.43,609.37,1451.8,137.1,0.8351,0.9296,20.16,0,1
IMG-500742,Control,B01,109.22,197,219.47,596.11,1319.0,465.7,0.8667,0.9455,32.91,0,1
IMG-500268,TreatmentA,B02,109.82,249,198.33,694.95,1846.7,743.8,0.6597,0.9142,20.16,1,0
IMG-500634,TreatmentA,B01,119.04,249,219.79,678.01,1225.1,595.6,0.7604,0.9487,29.44,0,0
IMG-500130,TreatmentA,B03,81.41,246,154.0,674.8,1638.7,1885.8,0.874,0.8827,29.94,1,0
IMG-500300,TreatmentB,B01,99.5,241,122.15,835.49,1485.2,1013.8,0.7449,0.8857,21.3,1,0
IMG-500839,TreatmentA,B01,99.5,249,115.89,562.97,1422.5,1027.3,0.8532,0.8558,33.06,1,0
IMG-500910,TreatmentB,B02,127.52,222,217.26,632.75,1793.5,1202.2,0.7059,0.9572,29.69,1,0
IMG-500744,Control,B02,113.3,221,221.09,1052.39,952.4,329.4,0.6902,0.779,34.93,0,0
IMG-500060,TreatmentB,B03,86.13,244,187.34,864.16,2005.5,778.3,0.9148,0.8933,30.96,1,1
IMG-500263,TreatmentA,B01,93.73,258,194.56,804.42,1368.3,1661.7,0.9555,0.8413,28.28,1,1
IMG-500988,Control,B03,106.29,243,182.87,560.23,1675.6,222.4,0.8155,0.8886,15.94,0,0
IMG-500524,TreatmentB,B01,123.46,262,159.61,642.12,1748.8,1113.8,0.8056,0.9341,27.3,1,0
IMG-500969,TreatmentA,B01,113.72,227,197.7,875.65,1688.3,912.4,0.8,0.8824,25.56,1,1
IMG-500367,TreatmentA,B01,127.63,236,206.76,655.18,1273.5,542.0,0.8085,0.9713,14.0,0,1
IMG-500315,TreatmentB,B03,84.38,243,201.83,676.6,1669.5,1460.5,0.7752,0.9729,34.07,1,1
IMG-500012,TreatmentB,B02,83.28,252,227.64,822.53,1643.6,897.7,0.8365,0.8104,50.14,1,0
IMG-500249,Control,B03,101.97,250,215.34,796.53,1677.0,854.3,0.7631,0.6886,35.85,1,1
IMG-500145,TreatmentA,B01,126.26,246,163.79,810.55,1708.4,652.1,0.8724,0.9157,29.54,1,1
IMG-500658,TreatmentB,B03,95.56,267,247.38,803.9,1300.6,784.2,0.8561,0.9517,34.01,1,0
IMG-500521,Control,B01,137.16,227,216.94,523.95,1500.4,858.6,0.8427,0.9325,49.44,1,0
IMG-500565,TreatmentB,B01,109.9,244,136.7,809.18,1590.7,949.9,0.8509,0.9504,13.11,1,0
IMG-500835,TreatmentB,B03,96.03,265,217.59,1077.12,1558.2,1138.7,0.7568,0.8715,42.49,1,1
IMG-500786,Control,B03,86.7,230,222.66,650.52,1308.2,116.2,0.7517,0.8978,14.53,0,0
IMG-500037,TreatmentB,B01,102.9,223,214.08,670.4,1300.8,1808.2,0.8527,0.9855,10.77,0,1
IMG-500633,Control,B03,115.0,234,148.64,632.68,1770.4,229.5,0.8688,0.8957,16.48,0,1
IMG-500432,TreatmentB,B02,94.67,272,146.02,671.39,1433.1,715.5,0.6872,0.9391,14.42,1,0
IMG-500734,TreatmentB,B03,126.84,263,195.34,675.21,1407.9,1093.6,0.893,0.9078,27.1,1,0
IMG-500064,TreatmentA,B01,129.45,246,236.8,407.73,1775.1,412.5,0.9247,0.8148,29.54,0,0
IMG-500243,Control,B01,93.86,237,204.23,556.07,1185.9,190.2,0.8408,0.913,23.36,0,1
IMG-500878,TreatmentA,B03,108.3,217,192.61,762.78,1632.7,426.1,0.68,0.9498,34.29,0,1
IMG-500379,TreatmentA,B01,87.01,250,225.98,671.45,1164.7,973.4,0.8235,0.8523,21.48,0,0
IMG-500928,Control,B03,117.11,238,156.84,822.73,1067.6,286.9,0.9061,0.8298,12.37,0,0
IMG-500160,TreatmentB,B01,140.74,247,162.2,582.13,1456.1,759.1,0.8471,0.9352,12.92,0,0
IMG-500670,TreatmentB,B03,87.39,234,131.21,950.51,942.3,807.6,0.891,0.9783,26.5,1,0
IMG-500914,TreatmentB,B02,99.41,271,184.18,712.16,2108.3,748.4,0.702,0.9073,40.18,1,1
IMG-500244,TreatmentB,B02,104.66,246,117.15,983.64,910.7,611.8,0.5515,0.9457,11.84,1,0
IMG-500940,TreatmentA,B03,135.9,257,200.49,655.21,1623.5,770.2,0.8889,0.9394,17.17,1,1
IMG-500467,Control,B01,94.2,254,205.68,593.41,1678.9,68.5,0.7961,0.9426,14.05,1,0
IMG-500887,TreatmentA,B02,119.95,243,234.06,321.7,1149.8,924.8,0.7109,0.9899,42.13,1,1
IMG-500325,TreatmentA,B01,100.44,245,153.04,460.87,1202.9,579.9,0.8591,0.8668,28.82,0,1
IMG-500232,Control,B03,95.0,237,183.31,497.45,1407.1,330.5,0.8427,0.8889,15.03,0,0
IMG-500588,TreatmentA,B02,95.31,254,156.33,794.17,1452.4,838.7,0.7816,0.788,19.26,1,0
IMG-500721,Control,B03,93.91,226,178.68,829.2,1722.6,210.3,0.6782,0.8779,15.98,0,1
IMG-500233,Control,B01,87.71,244,198.58,722.24,1498.7,64.5,0.8084,0.8738,43.53,0,0
IMG-500685,Control,B03,95.87,247,234.0,810.1,1138.2,236.3,0.7372,0.8483,11.32,1,0
IMG-500224,Control,B01,89.25,247,176.83,775.08,1725.5,468.4,0.8069,0.9698,24.98,1,1
IMG-500200,TreatmentB,B03,101.47,251,198.38,706.51,1687.4,1223.9,0.7247,0.9366,15.61,1,1
IMG-500927,Control,B01,113.54,217,214.67,796.5,1254.9,293.5,0.859,0.8789,18.34,0,0
IMG-500843,TreatmentB,B03,105.77,252,105.28,760.38,1139.8,793.5,0.8626,0.9442,27.3,1,0
IMG-500371,TreatmentA,B03,101.56,259,186.5,694.94,1721.2,508.7,0.873,0.9475,20.35,0,1
IMG-500029,TreatmentB,B01,90.87,223,204.5,567.64,1389.5,1076.9,0.8814,0.9666,18.93,1,1
IMG-500069,TreatmentB,B03,104.86,247,179.2,961.11,1214.4,598.6,0.6815,0.9429,22.44,0,0
IMG-500973,TreatmentA,B01,122.25,226,179.75,622.36,1536.3,1315.2,0.7897,0.6365,26.36,0,0
IMG-500741,Control,B03,104.64,239,209.82,513.14,1235.8,569.3,0.7959,0.7882,26.02,0,1
IMG-500024,TreatmentB,B02,82.84,262,211.96,641.34,1484.1,788.3,0.8706,0.9421,24.37,0,0
IMG-500982,TreatmentB,B03,115.34,252,191.24,852.2,1078.8,973.2,0.7604,0.9773,16.28,1,0
IMG-500229,Control,B03,98.09,237,162.99,579.24,1213.6,186.1,0.755,0.858,24.08,0,1
IMG-500411,Control,B01,114.68,228,165.89,858.07,1423.5,384.4,0.9405,0.7663,20.61,0,1
IMG-500313,TreatmentB,B01,78.04,240,190.58,655.25,1841.0,624.7,0.9166,0.887,39.72,0,1
IMG-500418,TreatmentB,B01,101.26,264,160.64,973.24,1682.4,646.5,0.8681,0.8915,17.95,0,1
IMG-500743,TreatmentB,B02,91.15,269,216.09,700.3,1872.5,1262.2,0.609,0.796,13.42,1,0
IMG-500587,Control,B03,108.28,234,210.81,735.02,1734.5,798.2,0.5651,0.9829,22.1,1,1
IMG-500052,TreatmentB,B02,82.76,258,205.24,890.55,1633.5,1164.8,0.6809,0.8593,17.22,1,1
IMG-500865,TreatmentB,B02,100.38,247,201.87,621.49,1780.3,1753.3,0.7857,0.7019,22.74,1,1
IMG-500131,TreatmentB,B03,89.14,251,142.55,839.03,1048.8,816.8,0.8715,0.9645,39.62,0,0
IMG-500254,TreatmentB,B02,102.32,247,211.41,608.22,1513.8,794.4,0.7805,0.9602,39.72,0,1
IMG-500090,TreatmentA,B02,119.78,260,197.26,880.1,1427.6,491.7,0.8463,0.9342,18.97,0,1
IMG-500488,TreatmentA,B02,91.74,237,178.43,795.29,1617.1,552.5,0.6077,0.9469,23.9,1,1
IMG-500287,Control,B02,108.27,235,177.62,967.58,1005.8,3200.8,0.9282,0.9481,33.89,1,0
IMG-500321,Control,B02,112.84,245,135.5,592.88,1715.0,432.2,0.8943,0.8943,24.9,0,0
IMG-500897,TreatmentA,B01,101.48,243,224.16,732.59,1261.4,967.0,0.7762,0.9695,16.03,1,0
IMG-500192,Control,B03,85.69,220,136.28,674.55,1968.7,836.1,0.8976,0.784,46.54,0,0
IMG-500824,TreatmentA,B03,109.88,218,274.1,797.79,1240.4,1024.5,0.749,0.888,15.22,0,0
IMG-500691,TreatmentA,B02,101.46,250,218.16,768.41,975.8,929.1,0.6741,0.9853,14.11,1,0
IMG-500086,TreatmentB,B01,94.81,237,143.59,652.04,1597.1,1013.9,0.9284,0.8069,33.07,0,0
IMG-500214,TreatmentA,B02,83.91,239,164.24,501.45,1701.0,634.2,0.6747,0.9093,21.71,0,0
IMG-500107,Control,B02,117.79,233,203.9,654.53,1479.4,86.7,0.875,0.8584,20.19,0,1
IMG-500472,Control,B02,99.89,250,171.65,764.66,1237.5,286.2,0.7646,0.9866,13.39,1,0
IMG-500736,Control,B01,101.22,226,243.07,815.42,1371.3,158.9,0.8654,0.877,19.7,0,0
IMG-500476,TreatmentA,B03,107.71,242,220.57,767.89,1582.0,427.3,0.7775,0.8751,20.14,1,1
IMG-500617,TreatmentA,B02,102.07,248,198.49,308.68,1382.3,712.6,0.7766,0.9721,12.67,0,1
IMG-500269,TreatmentB,B01,121.64,247,170.42,751.9,1458.5,756.4,0.7686,0.9459,25.03,0,1
IMG-500231,TreatmentA,B03,107.46,225,194.37,767.14,892.6,266.0,0.7291,0.8634,11.06,0,1
IMG-500770,TreatmentA,B03,84.22,221,151.44,393.01,1573.7,476.5,0.934,0.857,29.9,0,0
IMG-500713,TreatmentA,B03,117.67,227,224.59,720.35,1175.8,492.4,0.6872,0.8614,16.57,0,0
IMG-500996,Control,B01,98.86,240,127.79,817.83,1154.8,885.6,0.7351,0.9801,21.33,0,0
IMG-500473,TreatmentB,B03,86.48,249,187.45,462.4,1554.3,1372.6,0.8538,0.9184,10.33,1,1
IMG-500296,Control,B03,112.81,213,216.26,645.93,1393.1,343.0,0.9676,0.8055,20.22,0,1
IMG-500312,TreatmentB,B03,121.59,239,208.93,659.27,1615.7,751.4,0.5885,0.8499,29.66,1,0
IMG-500999,Control,B01,86.58,221,183.36,745.59,1386.5,522.3,0.7433,0.7949,25.72,0,0
IMG-500530,TreatmentA,B03,103.88,248,154.61,745.81,1635.2,501.0,0.8088,0.8699,26.97,0,1
IMG-500851,Control,B01,126.27,233,173.59,569.81,1537.3,612.6,0.7767,0.9557,27.09,1,1
IMG-500005,Control,B02,102.26,230,198.51,988.34,925.2,399.6,0.6002,0.9824,15.29,1,0
IMG-500227,Control,B02,76.12,226,266.08,629.37,1127.4,531.6,0.8947,0.8392,9.29,0,1
IMG-500555,TreatmentB,B03,94.25,253,233.39,942.21,1564.1,884.1,0.6528,0.972,24.85,0,1
IMG-500406,TreatmentA,B02,92.28,248,208.43,676.87,1089.9,430.4,0.7795,0.8947,9.1,1,1
IMG-500818,TreatmentA,B03,113.07,235,246.83,790.61,1873.2,643.9,0.9642,0.9017,31.06,1,0
IMG-500050,TreatmentA,B03,94.91,253,145.34,817.52,1494.8,515.6,0.7565,0.91,17.87,1,0
IMG-500810,TreatmentB,B03,89.17,263,161.99,810.8,1274.8,733.4,0.9409,0.9123,10.15,0,0
IMG-500569,TreatmentB,B02,101.45,248,133.93,526.46,890.1,814.5,0.7596,0.9266,9.21,0,1
IMG-500577,TreatmentA,B02,81.6,254,216.57,955.45,1738.2,560.4,0.7219,0.9379,40.77,1,1
IMG-500065,TreatmentA,B03,96.38,268,192.08,835.33,1120.2,422.9,0.8634,0.9834,33.43,0,0
IMG-500347,TreatmentA,B01,72.84,249,180.2,767.84,908.3,653.3,0.7255,0.9068,33.7,1,1
IMG-500459,TreatmentA,B03,87.64,220,129.95,836.6,1612.1,731.0,0.7342,0.966,13.22,0,0
IMG-500932,TreatmentA,B03,98.29,247,177.14,759.96,904.7,962.5,0.7707,0.9368,19.09,1,1
IMG-500868,TreatmentA,B02,96.25,258,181.12,565.82,1109.6,833.5,0.9153,0.977,22.78,1,1
IMG-500210,TreatmentA,B01,118.28,248,120.43,718.81,1113.8,658.7,0.8168,0.9173,19.38,1,0
IMG-500083,Control,B02,89.33,241,178.6,673.87,1473.9,359.3,0.6119,0.9439,13.21,1,1
IMG-500239,TreatmentA,B03,96.84,235,182.07,755.01,1054.5,259.2,0.8725,0.9027,13.5,0,0
IMG-500339,TreatmentA,B02,109.91,240,206.35,570.61,1120.3,389.8,0.8432,0.8489,27.2,1,1
IMG-500622,Control,B01,80.45,216,160.42,853.06,1191.2,1393.1,0.9582,0.8502,62.92,0,0
IMG-500497,TreatmentA,B01,139.24,217,213.8,786.0,1448.7,588.4,0.7789,0.8178,23.05,1,1
IMG-500731,TreatmentA,B03,110.05,225,223.85,669.43,1351.3,909.2,0.8358,0.9974,27.29,0,0
IMG-500676,TreatmentB,B01,91.18,249,65.02,558.63,1169.6,1338.2,0.8806,0.7992,14.63,1,1
IMG-500993,Control,B03,113.41,209,159.56,662.61,1505.9,170.0,0.6706,0.9287,37.88,0,0
IMG-500380,TreatmentB,B02,66.27,248,144.95,730.48,1420.9,1140.0,0.6765,0.9194,23.15,1,0
IMG-500191,TreatmentB,B03,86.89,248,138.76,733.9,1268.6,876.0,0.8222,0.9278,25.62,1,0
IMG-500764,TreatmentB,B02,119.94,236,225.81,764.57,1548.5,881.5,0.9315,0.9547,28.89,1,0
IMG-500934,TreatmentA,B02,121.21,244,197.6,870.2,1609.3,278.2,0.861,0.7924,12.14,0,1
IMG-500273,Control,B03,91.56,263,202.5,743.98,1400.5,376.5,0.4952,0.7769,14.19,1,1
IMG-500272,Control,B03,105.88,250,116.71,555.21,1280.9,282.7,0.7568,0.9828,15.68,0,0
IMG-500515,Control,B03,92.84,237,130.13,890.47,1379.1,87.1,0.7547,0.8949,24.04,0,0
IMG-500610,TreatmentB,B02,110.46,211,224.67,851.7,1465.3,769.1,0.7943,0.8846,57.27,0,0
IMG-500578,TreatmentA,B01,138.62,226,189.79,725.17,1076.0,1743.9,0.9652,0.9848,20.22,0,0
IMG-500949,Control,B02,87.1,216,192.38,642.89,1025.6,247.4,0.7441,0.923,14.84,0,1
IMG-500143,Control,B03,92.59,231,181.59,342.83,1054.1,32.9,0.8581,0.9287,40.71,0,1
IMG-500284,TreatmentB,B02,92.74,250,199.72,720.34,1149.0,1263.1,0.7235,0.7837,21.29,0,0
IMG-500667,Control,B02,101.0,237,187.23,989.03,991.3,279.1,0.8957,0.9429,13.36,0,0
IMG-500423,TreatmentB,B01,118.76,247,164.89,605.42,1304.9,1119.7,0.9218,0.8503,26.71,1,1
IMG-500400,Control,B03,92.88,250,198.14,743.02,1539.1,611.0,0.7154,0.9298,14.38,0,0
IMG-500420,Control,B01,112.7,241,197.31,841.69,1378.2,421.2,0.6475,0.959,18.0,0,0
IMG-500089,TreatmentB,B02,109.14,263,247.21,578.82,1151.9,1160.2,0.8096,0.8404,19.58,1,1
IMG-500009,Control,B01,113.34,245,197.05,616.75,1575.8,953.6,0.8661,0.8814,24.3,1,0
IMG-500755,Control,B03,117.66,233,234.38,678.52,1430.9,967.3,0.8333,0.9016,44.75,0,0
IMG-500696,TreatmentB,B02,116.18,253,221.22,587.65,1700.7,1118.9,0.7571,0.9916,29.97,0,0
IMG-500018,TreatmentB,B01,102.14,260,229.01,1018.22,1148.4,871.7,0.792,0.981,20.5,0,0
IMG-500604,Control,B01,85.38,252,198.85,656.48,1192.0,828.7,0.892,0.9576,45.92,0,1
IMG-500912,TreatmentB,B02,89.73,259,184.56,647.5,2000.0,894.9,0.9456,0.9328,17.09,0,1
IMG-500557,Control,B03,94.76,254,220.75,829.51,1319.9,191.7,0.6612,0.9313,20.35,0,0
IMG-500656,Control,B03,102.5,220,162.9,685.08,1806.3,334.6,0.7596,0.8567,11.32,1,0
IMG-500942,TreatmentA,B03,130.08,234,215.57,491.51,1353.5,514.9,0.8566,0.9783,21.22,0,1
IMG-500976,TreatmentB,B02,102.96,266,216.8,658.95,1140.3,749.4,0.8355,0.9489,31.79,0,1
IMG-500985,TreatmentB,B01,102.07,239,170.54,783.15,1393.0,637.6,0.8454,0.8815,21.26,1,1
IMG-500487,TreatmentA,B02,99.89,230,194.02,624.52,1664.6,670.3,0.8089,0.8906,46.29,1,1
IMG-500255,TreatmentB,B02,91.48,245,199.56,638.99,1776.4,826.2,0.9008,0.8758,28.47,0,0
IMG-500093,TreatmentB,B01,136.1,245,226.78,946.91,1749.3,627.1,0.8808,0.969,33.9,0,1
IMG-500974,TreatmentB,B01,101.08,260,186.05,952.16,1532.2,829.2,0.8898,0.7748,23.06,1,1
IMG-500772,Control,B01,107.61,216,221.4,332.59,971.8,212.2,0.8992,0.7578,14.11,0,1
IMG-500212,TreatmentB,B02,97.8,282,165.65,1052.31,1495.1,894.0,0.6413,0.8489,9.95,1,1
IMG-500382,Control,B03,76.34,250,177.76,654.3,1256.1,275.9,0.8511,0.9277,16.5,1,1
IMG-500775,TreatmentA,B01,118.96,222,189.05,614.03,1462.6,571.1,0.9473,0.9078,37.0,0,1
IMG-500015,TreatmentB,B03,97.87,250,178.47,761.46,1080.0,1388.8,0.7863,0.966,12.95,1,1
IMG-500374,TreatmentA,B02,115.26,228,124.89,826.69,1610.7,608.0,0.8788,0.9487,23.16,0,0
IMG-500722,TreatmentA,B02,99.56,250,220.09,616.37,1326.3,547.3,0.7706,0.9425,32.37,0,0
IMG-500283,Control,B01,116.83,220,208.71,421.28,1569.5,982.8,0.8233,0.974,34.99,0,0
IMG-500389,TreatmentB,B03,87.21,259,173.77,938.22,1867.4,1108.7,0.6865,0.8273,15.68,1,1
IMG-500306,Control,B01,109.32,224,169.27,600.5,1225.8,91.6,0.6362,0.8659,11.99,0,1
IMG-500165,Control,B03,88.56,241,165.26,770.65,1515.5,476.5,0.7389,0.9698,19.01,0,1
IMG-500230,Control,B02,97.71,197,200.35,789.08,1537.6,295.8,0.7715,0.9786,32.17,0,1
IMG-500579,TreatmentA,B02,105.16,264,212.19,598.27,1657.1,586.3,0.9578,0.9047,15.45,0,0
IMG-500447,Control,B01,90.13,240,187.12,591.66,1731.2,332.4,0.7086,0.9195,12.46,0,1
IMG-500614,TreatmentA,B01,110.3,235,235.18,630.35,1213.5,1249.9,0.8638,0.8562,25.57,0,0
IMG-500540,Control,B01,119.27,250,193.25,723.99,1427.7,-31.0,0.9552,0.7804,12.96,0,1
IMG-500410,Control,B01,119.67,251,154.07,431.7,1523.7,711.8,0.6854,0.9272,8.16,0,0
IMG-500864,TreatmentA,B03,104.94,241,175.63,633.42,1614.5,707.6,0.9489,0.948,11.18,0,1
IMG-500834,TreatmentA,B03,111.09,256,185.06,875.31,1402.9,582.6,0.8187,0.679,19.06,0,1
IMG-500944,TreatmentB,B02,99.27,232,173.39,831.35,1356.2,786.8,0.8863,0.9286,17.4,0,1
IMG-500356,TreatmentB,B01,98.73,261,169.77,792.43,1756.2,733.9,0.8911,0.9098,20.28,1,1
IMG-500109,Control,B01,88.69,258,182.11,626.58,1525.8,226.7,0.719,0.9505,22.57,0,1
IMG-500873,TreatmentA,B03,116.69,235,97.4,716.33,1480.6,1167.6,0.8195,0.9216,22.75,0,0
IMG-500689,Control,B02,104.63,235,258.03,878.06,1257.1,483.3,0.6351,0.933,24.62,1,0
IMG-500558,Control,B01,106.97,240,134.29,912.84,1229.2,219.6,0.8767,0.9762,23.08,0,0
IMG-500304,TreatmentA,B03,99.36,243,212.46,817.81,1165.9,737.2,0.6961,0.9466,25.19,1,0
IMG-500603,TreatmentB,B01,88.08,259,179.47,530.23,1141.2,713.9,0.7857,0.9789,23.7,1,1
IMG-500097,TreatmentB,B01,99.22,274,126.35,635.14,1210.9,1064.3,0.9164,0.9072,28.46,1,0
IMG-500853,TreatmentA,B01,108.26,216,215.74,1215.2,1055.5,429.7,0.7961,0.664,16.94,0,0
IMG-500494,Control,B03,128.84,217,149.03,583.83,1836.6,232.6,0.7209,0.7777,38.45,0,0
IMG-500246,TreatmentB,B03,96.22,259,193.71,691.25,1276.1,832.7,0.8943,0.9664,21.31,1,1
IMG-500567,TreatmentB,B03,108.51,251,159.66,752.85,1066.3,905.5,0.8135,0.8131,17.54,1,0
IMG-500644,TreatmentA,B03,100.2,245,201.48,746.33,1305.3,506.6,0.8256,0.8577,13.9,0,0
IMG-500547,TreatmentB,B03,105.99,230,225.1,1019.85,1314.9,1149.0,0.8381,0.9687,31.28,0,0
IMG-500206,Control,B01,96.43,230,217.6,840.86,1703.7,759.5,0.7669,0.9736,19.13,0,1
IMG-500252,TreatmentA,B03,97.05,236,130.31,649.85,1777.6,479.1,0.517,0.7514,19.08,0,0
IMG-500341,Control,B01,146.48,246,168.34,940.02,1435.9,243.2,0.7429,0.799,20.67,0,1
IMG-500599,TreatmentB,B02,96.99,270,173.52,544.0,1722.3,822.8,0.7822,0.9827,17.79,0,0
IMG-500653,Control,B03,105.38,229,208.64,844.85,1827.4,-1.2,0.7345,0.9284,17.41,0,1
IMG-500788,Control,B01,100.77,228,153.51,611.52,1688.2,98.7,0.8909,0.9293,28.53,0,0
IMG-500017,TreatmentA,B02,85.49,232,152.48,641.62,1044.6,448.2,0.7799,0.8976,8.12,0,1
IMG-500103,TreatmentB,B03,84.25,228,196.67,746.35,1537.0,2807.7,0.7516,0.9181,14.95,1,1
IMG-500128,TreatmentB,B01,81.45,256,205.29,625.37,1156.9,779.1,0.8017,0.7436,25.63,1,1
IMG-500435,Control,B03,104.17,224,239.0,508.8,1619.5,246.4,0.8571,0.9464,9.54,0,0
IMG-500500,Control,B03,90.44,248,165.62,523.94,1254.7,648.3,0.8042,0.897,31.76,0,1
IMG-500820,TreatmentB,B03,101.68,261,189.36,804.39,1074.1,658.8,0.6464,0.9125,32.77,1,1
IMG-500906,TreatmentB,B01,77.67,260,218.08,574.38,1504.9,957.7,0.8446,0.9272,21.19,0,0
IMG-500436,Control,B01,71.64,223,190.22,632.61,1268.6,261.3,0.879,0.8756,27.12,0,1
IMG-500808,Control,B01,100.02,226,172.68,842.36,1399.1,347.3,0.9048,0.9814,26.21,0,1
IMG-500179,TreatmentB,B03,125.25,246,137.56,669.28,1249.6,561.1,0.7969,0.9641,31.78,0,1
IMG-500430,TreatmentB,B02,103.26,260,180.68,702.25,1451.7,1227.2,0.6734,0.9914,29.02,1,1
IMG-500332,Control,B02,108.69,261,215.7,651.7,1708.3,200.3,0.924,0.9902,14.29,1,0
IMG-500011,Control,B02,108.98,255,238.05,1034.68,1380.3,339.9,0.9248,0.9368,21.6,0,0
IMG-500796,TreatmentA,B02,110.69,248,152.81,630.77,1616.5,462.3,0.7381,0.9714,16.25,1,0
IMG-500933,Control,B01,105.7,237,116.32,772.6,1040.3,150.6,0.8162,0.9053,21.7,0,0
IMG-500620,Control,B01,117.18,244,203.38,718.03,1208.9,396.0,0.7645,0.8225,18.08,1,0
IMG-500801,Control,B02,87.86,242,240.51,568.24,1614.6,162.6,0.753,0.8726,11.66,1,0
IMG-500719,TreatmentB,B02,96.59,250,121.48,652.23,1299.0,1295.7,0.6363,0.8241,24.61,1,0
IMG-500370,Control,B01,112.95,222,288.72,931.57,1467.8,223.9,0.7012,0.8486,21.05,0,0
IMG-500451,Control,B01,114.2,234,184.81,383.72,1128.6,406.9,0.7602,0.9357,16.18,0,1
IMG-500027,TreatmentA,B03,77.92,248,127.64,564.24,1260.5,1286.4,0.8575,0.8245,22.57,1,1
IMG-500311,TreatmentA,B01,82.61,259,183.64,836.23,1372.1,391.1,0.8977,0.8027,34.81,0,1
IMG-500541,Control,B03,112.88,241,224.19,745.85,1304.8,1143.9,0.8084,0.9113,27.03,1,0
IMG-500354,Control,B02,72.6,235,132.9,781.9,1417.3,1038.8,0.8139,0.9668,11.69,1,0
IMG-500298,TreatmentB,B03,94.69,245,211.92,731.04,1208.9,1492.0,0.8098,0.9059,23.82,1,1
IMG-500038,Control,B03,77.57,226,160.01,470.4,1453.7,683.2,0.647,0.9279,25.07,1,1
IMG-500148,TreatmentA,B03,106.77,248,143.54,1167.0,1419.4,1014.0,0.6764,0.9462,14.12,1,0
IMG-500814,Control,B02,101.75,236,119.18,884.69,1650.7,137.3,0.74,0.8769,24.01,0,0
IMG-500953,TreatmentA,B02,136.94,219,189.22,625.1,919.5,493.7,0.9505,0.8443,27.6,0,1
IMG-500177,TreatmentB,B01,97.16,234,172.9,828.72,1533.6,1160.4,0.6929,0.8809,20.76,1,1
IMG-500428,TreatmentA,B02,79.2,235,145.1,384.12,1508.1,519.9,0.7281,0.9535,33.04,0,0
IMG-500703,TreatmentA,B02,86.1,257,223.09,1180.32,1203.4,331.5,0.8011,0.8893,55.47,0,0
IMG-500080,TreatmentB,B03,112.65,256,221.36,755.51,1967.8,827.0,0.6406,0.9326,19.78,1,1
IMG-500173,Control,B02,124.82,242,216.67,929.98,808.0,746.6,0.7981,0.9533,23.32,1,0
IMG-500297,TreatmentB,B02,94.23,246,153.57,699.27,1701.3,1035.5,0.8992,0.8862,34.66,1,0
IMG-500045,TreatmentA,B01,102.14,270,195.14,701.39,2110.7,614.5,0.8704,0.8367,8.33,1,1
IMG-500238,TreatmentB,B02,144.38,218,128.23,193.54,1285.6,2011.3,0.8059,0.9632,27.13,1,0
IMG-500709,TreatmentA,B02,115.76,233,181.1,528.68,1300.0,638.0,0.8954,0.9124,27.07,1,1
IMG-500293,TreatmentB,B03,89.36,276,235.2,674.27,1578.4,1006.0,0.9194,0.9488,16.01,1,0
IMG-500101,Control,B02,96.32,213,166.91,678.61,1548.7,612.2,0.7091,0.8185,26.72,0,0
IMG-500078,Control,B02,127.7,246,146.7,574.03,1316.2,394.0,0.9207,0.9624,10.61,0,0
IMG-500205,TreatmentB,B01,113.49,262,185.66,725.01,1417.9,1028.8,0.869,0.8804,24.71,1,1
IMG-500779,TreatmentB,B03,102.33,246,180.69,636.64,907.2,1038.8,0.8653,0.9221,16.86,0,1
IMG-500882,TreatmentA,B01,104.43,253,112.84,905.95,1536.0,1053.0,0.8369,0.8957,15.35,1,0
IMG-500207,TreatmentB,B02,118.91,252,199.66,905.06,1127.0,1161.5,0.7223,0.8393,22.34,1,0
IMG-500665,TreatmentA,B01,102.35,203,219.8,725.2,1461.1,364.3,0.7344,0.9314,19.54,1,0
IMG-500550,Control,B01,104.8,248,237.86,793.73,1161.6,212.4,0.7548,0.95,15.0,0,0
IMG-500072,TreatmentA,B03,86.54,204,155.61,843.24,1348.9,640.5,0.6317,0.905,23.73,0,1
IMG-500505,Control,B02,110.77,230,160.22,778.6,1429.3,816.0,0.6399,0.9162,21.99,0,0
IMG-500351,Control,B01,109.64,213,175.02,924.25,1571.9,506.0,0.969,0.8608,15.37,0,1
IMG-500019,TreatmentB,B03,148.28,241,152.05,799.59,1327.3,803.6,0.8105,0.7662,20.55,0,0
IMG-500979,TreatmentB,B03,77.98,258,204.79,613.99,1749.6,1711.1,0.7787,0.9661,18.66,1,0
IMG-500106,TreatmentB,B02,76.01,225,187.17,845.4,1675.4,1891.5,0.7863,0.7704,11.92,1,1
IMG-500248,TreatmentA,B01,84.19,247,160.66,709.07,1557.1,810.3,0.5816,0.9793,20.81,1,0
IMG-500649,TreatmentA,B03,87.66,224,174.85,1006.44,1609.8,843.5,0.8438,0.939,18.86,1,1
IMG-500091,Control,B02,120.65,228,158.76,609.26,1209.7,157.7,0.7909,0.9129,32.58,0,1
IMG-500454,TreatmentA,B03,90.89,231,162.72,488.39,1248.4,348.1,0.7975,0.9621,6.99,0,1
IMG-500661,TreatmentA,B03,104.06,220,185.27,367.67,1464.8,744.2,0.9432,0.967,19.68,0,1
IMG-500462,TreatmentB,B03,73.03,264,206.59,758.55,1390.6,977.0,0.855,0.8989,22.03,0,0
IMG-500466,Control,B03,95.87,227,232.27,719.86,1191.8,425.6,0.8722,0.911,11.07,0,0
IMG-500645,TreatmentA,B01,79.87,257,255.08,673.68,1454.2,644.9,0.9071,0.9463,22.91,1,0
IMG-500545,TreatmentA,B01,106.99,233,152.94,811.32,1640.1,506.7,0.8317,0.8949,19.44,0,1
IMG-500501,TreatmentA,B02,102.28,241,223.96,542.84,1593.0,255.2,0.8491,0.8826,27.65,0,0
IMG-500858,TreatmentB,B02,114.23,260,213.79,703.77,1139.3,644.2,0.8325,0.9621,22.97,0,1
IMG-500937,Control,B01,65.51,240,174.11,735.43,1484.0,591.4,0.8273,0.7978,23.51,0,1
IMG-500542,TreatmentB,B03,110.11,242,199.95,674.4,1414.2,1658.4,0.8459,0.9555,12.78,1,1
IMG-500384,TreatmentB,B03,101.82,255,175.97,686.76,1700.7,1216.6,0.4722,0.7691,13.42,1,1
IMG-500972,TreatmentA,B01,81.27,267,161.23,742.54,1293.1,484.1,0.8715,0.9803,19.07,0,0
IMG-500185,Control,B03,98.1,205,279.62,770.06,1588.3,211.5,0.8144,0.8708,15.62,0,0
IMG-500235,TreatmentB,B02,96.88,276,197.98,733.83,1364.4,874.2,0.7206,0.9215,14.54,1,1
IMG-500539,TreatmentA,B03,95.79,225,145.07,847.47,1615.5,1124.7,0.9458,0.8881,14.11,1,0
IMG-500674,Control,B01,100.19,258,164.16,811.73,1032.8,166.9,0.9251,0.9727,13.99,0,0
IMG-500813,TreatmentB,B03,96.68,243,228.99,891.04,1402.7,628.4,0.7623,0.9154,25.17,1,0
IMG-500791,TreatmentB,B02,92.32,259,188.87,424.43,1437.7,724.3,0.8064,0.8324,18.14,0,0
IMG-500115,TreatmentB,B03,90.15,238,227.46,969.25,1474.8,1114.0,0.9541,0.7853,16.57,0,0
IMG-500664,TreatmentA,B01,107.69,267,210.07,830.21,1586.0,302.5,0.6664,0.8945,75.36,1,1
IMG-500812,Control,B01,90.01,232,144.23,947.96,1402.2,172.0,0.8629,0.7899,23.7,0,0
IMG-500322,TreatmentB,B01,95.43,256,136.93,811.02,1765.4,752.1,0.8569,0.8889,22.5,0,1
IMG-500637,TreatmentA,B03,61.75,240,195.31,564.32,1782.2,352.4,0.8155,0.9002,53.49,0,0
IMG-500753,TreatmentA,B02,103.89,245,161.45,570.48,1479.0,992.4,0.7231,0.9303,19.55,0,0
IMG-500616,TreatmentA,B01,82.92,243,180.59,784.82,1446.7,936.5,0.7122,0.9742,44.61,1,1
IMG-500997,Control,B01,104.96,238,186.62,767.2,1729.8,92.2,0.7699,0.9182,21.05,0,1
IMG-500740,TreatmentB,B03,91.95,275,224.61,778.19,1555.0,859.3,0.8751,0.9839,38.18,1,1
IMG-500686,TreatmentB,B02,100.53,246,158.85,793.76,918.8,1034.5,0.9597,0.9596,10.17,0,0
IMG-500594,Control,B01,111.3,249,214.22,415.13,1772.0,426.6,0.7451,0.9772,42.28,1,0
IMG-500346,TreatmentB,B01,112.93,256,179.98,857.48,1586.2,823.8,0.85,0.9663,19.68,0,1
IMG-500784,TreatmentB,B02,107.25,269,142.31,918.18,1516.0,1131.3,0.8876,0.9761,26.77,1,0
IMG-500652,TreatmentB,B01,114.38,268,171.04,941.71,1618.9,748.6,0.8197,0.9827,19.71,1,1
IMG-500672,Control,B01,98.04,252,231.49,828.37,1613.3,642.0,0.9446,0.8612,44.9,1,0
IMG-500118,Control,B01,120.52,264,194.85,568.37,1112.0,125.5,0.8545,0.9317,37.93,0,1
IMG-500030,TreatmentB,B01,101.35,245,122.68,630.08,1387.7,717.0,0.841,0.9104,26.73,1,0
IMG-500583,Control,B01,69.36,250,173.29,736.59,1190.2,647.4,0.8206,0.9536,55.48,0,0
IMG-500010,Control,B03,130.19,195,200.08,714.89,1385.9,62.1,0.7779,0.9325,25.89,0,1
IMG-500517,Control,B03,94.61,228,164.84,747.09,1384.8,625.4,0.6387,0.861,24.88,1,1
IMG-500174,Control,B03,94.21,244,141.25,764.02,1647.9,181.7,0.7951,0.8823,19.42,0,0
IMG-500275,TreatmentA,B02,106.76,233,201.11,558.25,1079.4,701.7,0.79,0.7592,23.51,1,1
IMG-500039,TreatmentB,B03,133.18,253,249.56,643.72,1404.9,956.1,0.7063,0.8522,21.82,1,0
IMG-500066,TreatmentA,B03,101.09,238,208.65,731.32,1082.3,675.2,0.8546,0.7516,24.83,0,1
IMG-500618,TreatmentB,B02,105.92,244,168.35,705.4,1373.8,935.0,0.9497,0.8913,25.71,1,1
IMG-500172,TreatmentA,B02,101.2,260,193.34,581.27,1573.4,409.4,0.7611,0.8349,41.65,0,1
IMG-500681,Control,B01,123.23,233,191.31,486.15,1088.0,403.0,0.9379,0.926,17.37,0,1
IMG-500957,TreatmentA,B03,78.97,259,159.23,361.84,1299.7,344.2,0.5266,0.9077,15.97,1,1
IMG-500096,TreatmentA,B01,86.83,233,290.8,694.63,2065.0,1076.5,0.7847,0.7267,27.68,1,0
IMG-500082,TreatmentB,B01,95.24,227,148.92,687.33,1315.8,659.1,0.698,0.9415,28.59,0,0
IMG-500592,Control,B03,120.23,221,167.9,995.66,1714.0,122.9,0.7053,0.8951,32.01,0,1
IMG-500975,TreatmentA,B02,114.16,223,107.53,757.63,1312.8,923.5,0.8365,0.9376,30.4,0,0
IMG-500361,TreatmentA,B03,84.82,240,188.89,845.19,1413.3,427.7,0.8146,0.8968,32.5,0,1
IMG-500885,TreatmentB,B02,97.9,252,216.84,552.69,1204.1,640.1,0.8383,0.8567,37.31,1,1
IMG-500506,TreatmentA,B01,78.44,240,221.42,617.15,1505.5,976.2,0.834,0.8933,20.3,1,1
IMG-500881,TreatmentB,B03,103.97,254,197.21,1120.67,1222.6,936.7,0.5943,0.8765,15.67,1,0
IMG-500551,Control,B02,110.84,234,189.22,893.9,1624.0,58.5,0.7144,0.8383,6.79,0,1
IMG-500168,Control,B01,99.52,245,202.19,686.16,1614.4,273.5,0.6967,0.9799,31.64,0,1
IMG-500724,Control,B02,97.02,240,185.78,773.59,1623.7,399.2,0.9294,0.8327,14.09,0,1
IMG-500735,Control,B03,101.29,227,233.9,872.83,1424.6,344.6,0.9239,0.8878,17.9,0,0
IMG-500602,Control,B02,97.1,233,220.8,405.9,1188.3,301.6,0.922,0.7858,25.74,0,1
IMG-500870,TreatmentB,B02,104.59,226,207.94,673.57,1232.0,773.8,0.9079,0.8704,15.12,1,0
IMG-500935,TreatmentA,B02,109.46,243,155.02,387.0,1783.0,979.2,0.7058,0.9029,33.69,0,0
IMG-500051,TreatmentA,B03,94.42,238,190.47,616.44,1225.8,816.4,0.8275,0.9734,26.29,1,1
IMG-500434,TreatmentB,B03,82.17,251,191.29,611.35,1786.0,1258.7,0.9294,0.8424,12.76,1,0
IMG-500225,TreatmentA,B01,112.49,232,196.89,750.79,1033.4,684.9,0.836,0.938,20.55,1,0
IMG-500031,TreatmentB,B01,83.42,235,221.24,684.8,1266.9,822.2,0.7469,0.8598,26.67,1,1
IMG-500507,Control,B02,90.11,229,171.84,869.45,1222.3,545.2,0.7583,0.9457,23.27,0,0
IMG-500317,TreatmentA,B01,102.36,281,138.5,664.42,1407.1,523.4,0.7949,0.9365,17.65,1,0
IMG-500458,TreatmentA,B02,89.78,255,203.45,835.77,1258.8,529.6,0.8693,0.812,47.76,1,0
IMG-500352,TreatmentB,B03,98.71,251,185.83,463.3,1142.7,966.6,0.7977,0.7795,22.49,1,1
IMG-500901,TreatmentB,B01,105.91,251,159.77,730.76,1464.5,577.0,0.8019,0.7588,24.05,1,0
IMG-500094,Control,B02,107.3,229,183.74,519.28,1281.8,282.8,0.9687,0.972,28.17,0,1
IMG-500767,TreatmentB,B02,48.08,261,168.9,705.12,1392.4,992.8,0.8196,0.9317,16.7,1,1
IMG-500802,TreatmentB,B02,88.63,276,175.31,642.34,1474.4,900.2,0.8072,0.9462,26.53,1,1
IMG-500241,TreatmentA,B01,88.35,293,195.21,860.38,1073.0,566.0,0.8217,0.7672,27.05,0,0
IMG-500892,Control,B02,116.21,225,169.25,645.58,1231.9,159.0,0.779,0.9324,16.77,0,1
IMG-500561,Control,B03,91.91,233,138.14,656.03,985.5,491.5,0.841,0.8334,16.45,0,0
IMG-500262,Control,B02,118.84,238,184.91,891.38,1693.1,284.4,0.8066,0.9518,39.86,0,1
IMG-500342,TreatmentB,B03,100.49,250,204.96,591.72,1499.9,926.4,0.7456,0.8031,38.92,1,0
IMG-500344,TreatmentB,B03,87.51,249,182.43,601.83,1489.9,859.5,0.5137,0.9306,36.81,1,0
IMG-500832,TreatmentB,B03,104.85,239,183.73,643.52,947.9,711.7,0.7929,0.7855,23.42,1,0
IMG-500074,TreatmentB,B01,112.53,243,195.84,857.59,1512.9,1223.9,0.8575,0.9368,17.62,1,1
IMG-500137,TreatmentB,B01,67.84,262,243.07,552.84,1804.4,847.7,0.8093,0.8834,30.93,0,0
IMG-500840,TreatmentA,B02,113.21,244,180.5,810.87,1013.5,438.1,0.8461,0.882,26.07,0,0
IMG-500739,TreatmentA,B01,95.94,235,176.05,971.48,1892.9,339.6,0.8074,0.9356,17.03,0,1
IMG-500593,TreatmentB,B01,90.21,248,170.52,979.09,1466.3,1069.0,0.7416,0.8151,18.08,1,1
IMG-500647,TreatmentA,B01,81.51,255,216.57,545.41,1443.2,656.1,0.7886,0.9305,25.58,1,0
IMG-500950,TreatmentB,B01,123.96,255,152.31,725.6,1409.9,781.3,0.8856,0.9514,11.82,1,0
IMG-500532,TreatmentB,B02,107.79,267,191.86,1003.58,1570.1,851.4,0.855,0.9035,12.86,1,1
IMG-500036,Control,B02,109.28,238,212.95,860.93,1104.5,1088.0,0.7947,0.9261,23.37,0,0
IMG-500047,TreatmentA,B02,76.11,224,223.98,620.35,1989.0,651.1,0.6879,0.7375,19.61,1,0
IMG-500288,TreatmentB,B03,88.34,275,204.14,1046.32,1628.6,832.8,0.7563,0.9659,16.76,1,1
IMG-500314,TreatmentB,B03,106.33,254,167.23,537.59,1694.3,830.0,0.8047,0.7558,27.58,1,0
IMG-500386,TreatmentB,B01,110.17,223,176.81,461.29,1324.7,867.7,0.9323,0.8524,35.48,0,1
IMG-500861,TreatmentA,B03,85.88,230,184.47,452.51,1344.7,1196.2,0.9128,0.9425,25.32,0,1
IMG-500355,Control,B02,92.76,221,103.01,613.61,1437.0,418.6,0.9051,0.966,18.28,0,0
IMG-500471,TreatmentB,B01,104.95,222,145.21,585.95,1488.6,1019.8,0.7346,0.9404,20.46,0,0
IMG-500977,TreatmentB,B02,91.7,252,201.91,1009.43,1538.5,895.1,0.904,0.9918,36.53,1,1
IMG-500920,TreatmentB,B01,85.15,245,128.98,495.38,1234.7,1039.1,0.4945,0.8309,19.03,1,0
IMG-500960,Control,B03,120.21,228,207.0,656.42,1080.7,-45.6,0.9481,0.9231,33.12,0,1
IMG-500221,TreatmentB,B02,100.44,246,198.15,1060.41,1646.7,1013.0,0.6571,0.931,21.84,1,1
IMG-500404,TreatmentB,B03,82.01,246,147.86,525.07,1687.8,843.2,0.6983,0.9635,11.99,1,0
IMG-500156,TreatmentA,B02,94.84,253,151.59,546.7,1293.4,422.4,0.7426,0.7647,22.7,0,1
IMG-500535,Control,B01,113.32,232,195.54,606.86,1156.5,279.1,0.8639,0.9878,29.66,0,1
IMG-500394,TreatmentA,B01,75.39,271,206.56,961.92,1389.4,409.5,0.8187,0.8353,19.6,1,0
IMG-500552,TreatmentA,B03,97.13,241,134.04,688.24,1348.2,593.0,0.7887,0.9499,32.19,1,0
IMG-500294,TreatmentB,B03,98.19,232,268.91,1071.11,1401.8,945.4,0.6279,0.9206,23.84,1,0
IMG-500924,Control,B01,84.64,252,147.38,541.39,1549.2,478.1,0.9814,0.9277,19.48,0,0
IMG-500378,Control,B03,106.06,248,189.22,663.18,1486.0,291.3,0.7813,0.959,17.76,0,1
IMG-500392,Control,B01,101.12,245,165.23,1081.78,1739.7,360.7,0.9166,0.8067,33.58,0,1
IMG-500067,Control,B03,97.7,241,138.38,768.06,1328.5,856.3,0.7754,0.8722,9.61,1,0
IMG-500581,Control,B03,105.78,229,224.51,522.09,1384.7,209.9,0.7367,0.8746,22.05,0,1
IMG-500267,TreatmentA,B03,97.2,259,176.18,899.09,1124.7,627.1,0.6867,0.9196,19.17,0,1
IMG-500059,Control,B03,90.36,200,143.95,847.05,1290.3,1779.1,0.8278,0.8769,11.65,1,0
IMG-500070,TreatmentA,B01,101.46,273,226.13,1063.25,1612.6,520.0,0.7314,0.769,12.93,1,1
IMG-500444,TreatmentB,B03,95.76,252,214.68,445.23,1945.4,1048.0,0.6144,0.8232,13.48,1,0
IMG-500855,TreatmentB,B02,131.74,248,212.04,853.4,1114.4,1347.3,0.5701,0.9453,22.86,1,0
IMG-500718,TreatmentA,B02,101.04,244,185.56,622.52,993.7,621.7,0.8082,0.829,37.12,0,1
IMG-500760,TreatmentB,B03,89.26,241,142.72,933.26,1003.6,843.3,0.689,0.8945,31.56,0,0
IMG-500023,TreatmentB,B02,111.32,254,180.37,933.15,1550.9,642.9,0.8453,0.945,31.64,0,1
IMG-500100,TreatmentA,B01,70.9,252,159.87,722.35,868.0,546.9,0.7699,0.9204,25.61,0,1
IMG-500856,Control,B02,88.36,240,176.69,509.06,1644.0,277.4,0.5913,0.9838,25.31,1,0
IMG-500337,Control,B01,98.13,211,219.39,662.98,1646.1,176.0,0.9173,0.9318,26.25,0,1
IMG-500623,Control,B02,95.94,249,167.37,585.63,1568.5,630.5,0.7644,0.8771,13.8,0,0
IMG-500738,TreatmentA,B03,101.19,245,208.67,761.39,1467.0,549.5,0.8244,0.9559,10.35,1,1
IMG-500493,Control,B01,126.91,223,209.98,954.84,1471.5,139.8,0.9608,0.9782,30.84,0,0
IMG-500336,Control,B03,108.5,220,141.37,565.49,1071.3,802.2,0.6859,0.9282,45.44,0,1
IMG-500746,Control,B01,92.17,230,198.51,777.28,1677.4,214.1,0.9632,0.7546,42.27,0,1
IMG-500127,TreatmentA,B01,88.76,238,197.79,884.86,1761.7,265.5,0.9351,0.945,8.2,0,1
IMG-500986,TreatmentA,B02,96.53,264,227.51,854.35,1733.2,872.7,0.9058,0.9639,38.44,0,1
IMG-500075,TreatmentB,B01,99.71,251,144.22,799.49,1455.5,947.1,0.8178,0.8781,17.07,0,0
IMG-500688,TreatmentA,B01,121.29,257,238.04,453.3,1503.7,781.0,0.7376,0.9688,24.92,1,0
IMG-500116,TreatmentA,B01,113.59,242,156.47,635.41,585.3,754.1,0.7987,0.9875,18.88,0,1
IMG-500085,TreatmentB,B01,96.75,244,129.33,873.74,1452.7,1078.9,0.9248,0.9062,52.84,0,0
IMG-500175,Control,B01,98.96,222,234.11,675.37,1165.7,166.0,0.8547,0.8219,19.46,0,0
IMG-500388,TreatmentA,B03,69.37,227,149.66,847.46,732.9,444.6,0.6694,0.9096,25.62,0,0
IMG-500850,Control,B01,126.21,236,216.37,649.55,1275.5,616.4,0.8507,0.8885,11.47,0,1
IMG-500725,Control,B02,109.11,248,210.43,698.55,1525.9,330.4,0.7859,0.8759,49.02,0,0
IMG-500302,Control,B02,105.43,256,203.43,572.05,1598.1,-8.4,0.8975,0.8773,23.03,0,1
IMG-500452,TreatmentB,B03,107.18,261,134.53,709.43,981.8,740.5,0.8161,0.9644,35.82,1,1
IMG-500429,TreatmentA,B03,72.39,243,177.12,623.15,1502.2,925.7,0.8349,0.8436,38.98,1,0
IMG-500730,TreatmentA,B02,89.04,223,146.17,470.45,1698.7,465.5,0.7129,0.9721,35.5,0,0
IMG-500421,TreatmentB,B01,97.22,248,195.32,661.64,1504.4,899.7,0.6926,0.8913,15.16,1,1
IMG-500276,TreatmentB,B01,110.52,279,193.39,1041.28,1597.2,1331.7,0.778,0.9802,32.37,1,1
IMG-500710,TreatmentA,B02,122.74,227,207.89,813.84,1287.8,885.2,0.894,0.9028,41.2,0,0
IMG-500513,TreatmentB,B03,90.93,218,203.68,921.48,1644.4,1077.5,0.857,0.8171,23.11,0,1
IMG-500570,TreatmentA,B02,124.6,250,159.31,876.15,1787.4,445.6,0.7617,0.968,25.69,1,1
IMG-500216,Control,B03,97.73,235,206.64,724.34,1252.9,727.8,0.6394,0.8824,31.58,1,1
IMG-500771,Control,B02,74.06,243,219.49,695.92,1592.2,477.3,0.8324,0.9465,45.46,1,0
IMG-500799,TreatmentB,B01,110.71,236,178.92,719.81,1533.0,835.0,0.8711,0.9953,9.34,1,1
IMG-500789,Control,B02,117.53,228,133.73,535.96,1175.5,159.4,0.8661,0.8708,26.1,0,1
IMG-500181,TreatmentA,B02,102.68,246,197.66,807.62,1537.2,958.3,0.9133,0.9782,25.42,0,1
IMG-500508,TreatmentA,B03,91.86,229,199.85,971.21,1582.6,460.2,0.8264,0.8725,20.55,0,1
IMG-500523,TreatmentB,B01,111.39,291,163.18,896.35,1701.7,555.4,0.7908,0.803,20.95,1,1
IMG-500217,TreatmentA,B01,95.48,238,219.42,706.62,1788.2,937.2,0.9421,0.945,36.51,1,1
IMG-500183,TreatmentA,B03,101.74,235,237.05,724.97,1549.5,498.9,0.7712,0.9066,41.67,0,0
IMG-500559,TreatmentB,B03,100.5,244,211.18,564.63,1622.9,657.9,0.8319,0.846,27.06,0,0
IMG-500769,TreatmentA,B03,132.94,226,197.05,932.55,1389.0,2264.3,0.7685,0.9294,20.37,1,0
IMG-500872,TreatmentA,B01,130.32,237,184.87,789.85,1795.6,1095.2,0.7687,0.8743,28.33,1,1
IMG-500320,TreatmentB,B01,83.99,258,223.52,587.69,1748.8,863.9,0.8258,0.9055,22.07,1,0
IMG-500385,Control,B01,93.57,229,173.77,816.43,1920.5,410.5,0.7139,0.9565,21.22,1,1
IMG-500711,Control,B01,116.3,222,209.69,1119.64,1501.2,225.6,0.8604,0.94,15.49,0,1
IMG-500516,TreatmentA,B01,73.39,245,216.64,407.74,1518.3,723.6,0.8307,0.9548,40.73,1,0
IMG-500150,TreatmentB,B01,108.6,246,193.5,921.4,1573.4,1161.4,0.9087,0.7087,18.76,1,1
IMG-500266,TreatmentB,B03,103.89,248,204.56,455.79,1736.2,616.9,0.806,0.9132,25.66,0,0
IMG-500053,TreatmentB,B01,99.44,272,145.59,999.33,1165.9,900.3,0.532,0.8281,17.05,1,0
IMG-500440,TreatmentA,B03,92.56,253,218.26,571.9,1275.9,517.8,0.9379,0.7805,19.02,0,1
IMG-500687,TreatmentB,B03,76.7,263,242.08,708.64,1601.6,1242.4,0.494,0.9311,24.94,1,0
IMG-500595,TreatmentA,B02,118.98,262,214.21,1041.11,1350.2,558.8,0.7652,0.9085,39.0,0,0
IMG-500900,TreatmentA,B01,104.2,248,144.57,900.6,1410.1,403.7,0.967,0.7846,28.93,0,0
IMG-500002,TreatmentA,B02,108.44,233,217.38,731.36,1389.6,740.3,0.8332,0.9354,18.59,1,0
IMG-500122,Control,B02,82.01,225,258.62,870.57,1375.2,219.1,0.5263,0.96,28.09,1,0
IMG-500007,TreatmentA,B01,107.81,252,168.62,673.65,1650.0,706.4,0.7469,0.8398,14.27,0,0
IMG-500016,Control,B03,85.75,255,220.25,597.47,586.9,504.2,0.9227,0.9183,14.68,1,1
IMG-500102,TreatmentA,B02,108.81,253,192.1,714.59,1155.2,346.4,0.7686,0.955,18.1,0,1
IMG-500123,TreatmentB,B01,106.97,260,246.8,601.47,1087.4,1155.6,0.7935,0.8977,26.69,1,0
IMG-500349,TreatmentB,B03,91.34,244,184.02,720.72,1047.4,1289.3,0.7463,0.8988,39.12,1,1
IMG-500765,Control,B02,71.98,230,208.34,623.57,1187.7,325.8,0.6413,0.8071,14.2,1,1
IMG-500445,Control,B02,115.76,244,187.4,417.47,1311.3,1266.0,0.7323,0.929,18.61,0,1
IMG-500204,TreatmentA,B01,131.15,247,139.94,657.44,1500.7,725.1,0.9213,0.9318,13.7,0,0
IMG-500301,TreatmentA,B01,102.39,266,216.66,1017.78,1445.5,634.2,0.7654,0.9395,13.34,1,1
IMG-500859,TreatmentA,B03,119.33,274,240.7,747.01,1454.1,837.3,0.7534,0.8227,17.68,1,0
IMG-500549,TreatmentB,B03,114.54,263,161.58,663.53,1724.0,696.1,0.7592,0.9419,45.74,1,1
IMG-500782,TreatmentA,B01,103.28,227,189.7,639.66,1595.5,891.3,0.8386,0.9309,23.08,0,1
IMG-500909,TreatmentB,B01,86.4,257,217.4,629.3,1307.3,901.9,0.7735,0.8888,20.55,1,0
IMG-500829,TreatmentA,B03,90.12,232,217.37,1091.57,1375.2,488.4,0.8149,0.9,30.17,1,1
IMG-500876,TreatmentA,B02,90.24,244,106.84,599.69,1371.2,967.0,0.9142,0.9008,17.86,0,0
IMG-500896,TreatmentB,B01,77.51,252,251.96,557.19,1480.1,902.6,0.7016,0.9282,20.94,1,0
IMG-500032,TreatmentA,B01,112.15,248,184.86,508.76,1051.0,979.4,0.9389,0.8038,14.28,0,1
IMG-500474,TreatmentA,B01,132.12,252,162.83,732.83,1259.2,377.3,0.8391,0.8518,35.02,0,1
IMG-500847,TreatmentA,B01,115.97,245,227.81,737.96,1387.7,1378.6,0.7426,0.8878,23.03,1,1
IMG-500264,TreatmentB,B02,110.59,260,204.81,504.59,1232.0,1018.1,0.7266,0.9152,20.93,1,1
IMG-500630,TreatmentA,B02,101.06,251,198.82,779.98,1973.2,923.4,0.9118,0.9447,31.31,0,1
IMG-500916,TreatmentB,B01,74.96,243,217.39,743.66,1788.6,705.9,0.9254,0.919,16.65,0,1
IMG-500129,Control,B01,85.72,227,190.19,1044.0,1734.9,903.9,0.8461,0.8976,23.83,1,1
IMG-500774,TreatmentA,B01,134.55,231,181.57,452.65,1637.8,595.6,0.933,0.8769,18.77,0,0
IMG-500745,TreatmentB,B02,90.47,279,183.93,591.0,2066.3,723.3,0.7139,0.8326,30.49,1,0
IMG-500468,Control,B01,111.53,245,161.46,880.54,1758.7,41.1,0.8951,0.8539,40.43,0,1
IMG-500110,TreatmentB,B01,110.21,250,235.46,872.33,1132.9,628.9,0.5438,0.9852,18.92,1,0
IMG-500598,TreatmentA,B01,106.3,236,185.82,618.3,1449.4,747.0,0.6751,0.9781,24.69,1,1
IMG-500911,TreatmentA,B01,105.86,238,144.8,837.77,1811.7,535.4,0.7095,0.9629,23.29,0,1
IMG-500714,TreatmentA,B02,104.02,251,122.05,660.49,1454.2,662.2,0.7868,0.9516,32.28,1,0
IMG-500486,Control,B01,113.32,228,134.88,779.05,1289.8,352.2,0.6308,0.8894,19.48,1,0
IMG-500359,TreatmentA,B03,81.54,266,159.3,566.11,1556.7,823.3,0.629,0.8026,23.43,1,0
IMG-500240,Control,B03,78.74,237,255.4,824.56,1091.6,197.4,0.6581,0.9376,17.47,1,0
IMG-500261,Control,B02,107.63,248,226.57,252.26,1464.1,115.5,0.7857,0.958,12.7,0,0
IMG-500727,Control,B02,118.71,256,215.55,567.91,1661.9,362.6,0.7698,0.8903,21.91,1,0
IMG-500841,TreatmentA,B03,100.81,255,204.02,723.95,1298.4,532.2,0.8343,0.9098,18.73,0,0
IMG-500632,TreatmentB,B01,99.75,268,218.0,894.58,1277.4,835.8,0.7869,0.8784,20.8,1,0
IMG-500728,TreatmentB,B03,103.86,250,186.45,926.15,1437.6,1090.2,0.845,0.9347,27.58,0,1
IMG-500413,TreatmentA,B03,103.56,236,167.93,821.05,1769.2,644.5,0.6454,0.8531,42.05,0,1
IMG-500242,TreatmentA,B03,81.83,256,189.3,758.45,1365.9,510.2,0.7974,0.9339,18.17,0,1
IMG-500028,TreatmentA,B02,103.03,228,145.11,817.38,1438.5,315.8,0.8143,0.9476,17.05,0,0
IMG-500898,TreatmentA,B01,103.62,237,166.95,1050.12,2042.3,588.4,0.9146,0.8714,17.92,1,1
IMG-500929,TreatmentA,B02,97.78,245,175.36,682.54,2011.1,1049.9,0.9384,0.9303,34.01,1,1
IMG-500704,TreatmentA,B03,108.79,252,203.48,996.14,1445.5,382.7,0.6252,0.867,19.38,1,0
IMG-500228,TreatmentB,B01,129.42,223,250.8,705.61,1120.1,1397.5,0.7592,0.9307,14.83,1,0
IMG-500062,Control,B03,112.83,210,173.81,423.63,1238.9,323.0,0.6925,0.838,27.65,0,1
IMG-500959,TreatmentA,B03,103.48,264,181.67,917.36,1729.4,625.6,0.7846,0.9794,14.59,1,1
IMG-500642,TreatmentA,B01,115.43,215,216.75,905.99,964.5,807.8,0.8673,0.9912,21.34,1,0
IMG-500502,Control,B01,76.02,244,208.91,718.25,1034.0,528.4,0.7149,0.9582,18.09,1,1
IMG-500845,TreatmentB,B03,85.07,243,194.96,849.5,1158.1,693.8,0.9,0.9092,8.37,0,0
IMG-500951,TreatmentB,B03,97.59,289,126.17,359.3,1487.3,744.9,0.9016,0.9446,12.65,0,0
IMG-500401,Control,B03,85.07,242,237.49,845.82,1513.5,348.8,0.8422,0.7977,35.85,1,0
IMG-500528,TreatmentB,B01,90.59,255,174.56,562.33,1306.7,729.5,0.6874,0.9685,21.34,1,1
IMG-500310,TreatmentA,B02,112.95,235,209.83,941.61,1406.4,637.4,0.6977,0.8859,19.86,0,1
IMG-500245,TreatmentB,B03,100.99,270,166.74,1050.13,2068.3,1744.5,0.8012,0.8942,26.2,1,1
IMG-500693,TreatmentA,B03,102.17,221,215.7,838.25,1694.9,393.5,0.7578,0.8057,39.7,0,1
IMG-500456,TreatmentA,B01,65.53,249,260.65,552.35,1518.9,564.1,0.7985,0.9782,16.01,0,0
IMG-500215,TreatmentB,B02,110.25,263,197.86,608.02,1687.0,710.7,0.6573,0.8942,25.87,1,1
IMG-500655,Control,B03,96.48,267,239.29,856.65,1157.6,573.8,0.9181,0.9536,19.41,0,0
IMG-500295,TreatmentB,B03,94.87,270,225.67,415.89,1227.7,1290.1,0.5158,0.8448,20.01,1,1
IMG-500151,TreatmentA,B02,101.64,244,281.32,517.16,1534.8,970.6,0.719,0.8735,17.66,0,0
IMG-500877,TreatmentA,B01,88.4,232,161.87,474.28,1323.8,818.9,0.912,0.8462,10.13,0,1
IMG-500119,TreatmentA,B02,83.98,247,224.97,936.73,1293.9,352.2,0.9473,0.8992,22.11,1,0
IMG-500236,TreatmentB,B02,78.87,274,178.5,530.45,972.6,1720.0,0.6731,0.9603,17.46,1,1
IMG-500399,TreatmentB,B03,91.4,234,163.16,641.61,1752.3,964.0,0.7955,0.8374,31.0,1,0
IMG-500700,TreatmentA,B02,115.37,242,225.02,849.88,1510.0,679.3,0.9106,0.9186,17.94,0,1
IMG-500899,TreatmentA,B01,100.1,231,172.73,697.59,1460.6,1081.2,0.8083,0.8616,33.72,0,1
IMG-500759,Control,B03,142.31,238,133.89,838.12,1419.5,975.5,0.8879,0.8802,19.69,1,0
IMG-500560,TreatmentB,B01,116.3,264,155.14,689.82,1526.9,805.0,0.7941,0.9781,11.74,1,0
IMG-500573,Control,B03,106.69,239,198.03,482.04,1368.7,159.8,0.6162,0.9795,13.2,0,1
IMG-500619,Control,B02,67.53,258,185.4,703.15,1559.8,-20.7,0.6672,0.9704,24.38,0,1
IMG-500398,TreatmentA,B01,94.17,229,178.96,734.68,1607.3,297.4,0.6665,0.8237,8.36,0,0
IMG-500666,Control,B02,80.03,274,190.35,691.1,1195.2,876.5,0.842,0.9939,24.66,1,1
IMG-500757,TreatmentA,B02,110.73,222,228.66,459.84,2247.9,772.2,0.6266,0.9271,33.76,0,0
IMG-500967,TreatmentB,B03,90.86,260,153.17,831.16,1006.8,1040.4,0.8556,0.9855,25.95,0,0
IMG-500004,TreatmentB,B03,77.33,280,184.11,806.85,1342.8,1480.9,0.723,0.9763,15.75,1,0
IMG-500636,TreatmentA,B03,89.25,263,167.11,802.25,1252.9,552.4,0.7995,0.8344,18.8,1,1
IMG-500159,Control,B03,85.96,245,158.32,649.48,1209.8,198.1,0.7843,0.9129,22.19,0,1
IMG-500460,Control,B01,119.12,245,157.53,909.41,1364.8,817.5,0.6697,0.8909,22.57,1,1
IMG-500350,Control,B02,73.21,236,205.65,921.46,1641.9,211.3,0.949,0.8958,15.88,0,1
IMG-500469,Control,B03,94.81,245,205.81,873.13,1386.0,311.7,0.7296,0.8055,17.81,1,0
IMG-500196,TreatmentA,B02,124.81,247,159.1,786.94,1012.6,531.8,0.7496,0.9565,21.38,1,1
IMG-500318,TreatmentB,B03,118.04,254,162.81,635.89,1772.7,857.6,0.8344,0.9223,49.43,0,1
IMG-500527,TreatmentA,B03,102.99,240,178.95,802.96,1242.9,639.9,0.8934,0.9466,22.42,1,0
IMG-500747,TreatmentB,B02,95.98,251,201.87,557.4,1361.1,828.0,0.9227,0.9323,26.39,0,1
IMG-500675,TreatmentA,B01,100.85,238,140.29,635.06,1450.5,589.3,0.8267,0.9243,21.4,0,0
IMG-500857,TreatmentB,B01,94.59,252,191.39,707.74,1469.2,982.2,0.8223,0.9069,59.69,0,1
IMG-500114,TreatmentB,B02,109.56,236,178.06,634.28,1674.3,806.4,0.9522,0.9414,22.35,0,1
IMG-500692,TreatmentB,B03,82.27,227,158.03,639.89,1067.4,1646.0,0.9616,0.9871,42.46,1,1
IMG-500163,Control,B03,108.07,208,204.41,976.02,1341.1,811.3,0.7285,0.8051,31.6,0,0
IMG-500625,TreatmentB,B03,115.86,240,223.91,992.53,1220.6,807.0,0.8056,0.7508,17.1,0,0
IMG-500830,Control,B01,105.77,244,234.39,558.6,1632.0,-9.9,0.7873,0.9211,41.12,0,0
IMG-500281,TreatmentA,B01,107.1,212,191.56,1013.89,1412.8,492.6,0.7586,0.9832,31.46,0,1
IMG-500416,TreatmentB,B01,107.4,257,250.56,812.52,1495.9,1244.7,0.7851,0.815,18.99,1,0
IMG-500335,TreatmentA,B01,81.0,261,226.81,878.78,1471.4,656.3,0.816,0.962,13.58,1,0
IMG-500211,TreatmentA,B02,94.38,236,172.13,800.77,1367.3,539.4,0.8847,0.8877,17.27,0,0
IMG-500905,TreatmentA,B03,126.01,258,215.55,739.46,1149.2,1010.2,0.8182,0.9067,34.77,1,1
IMG-500684,TreatmentB,B01,98.05,250,169.22,692.57,961.9,981.5,0.8308,0.8661,25.18,1,0
IMG-500021,TreatmentB,B03,109.02,252,227.44,666.87,1385.0,769.1,0.954,0.9477,36.16,0,0
IMG-500457,Control,B02,89.32,243,193.23,583.36,1699.2,729.2,0.9358,0.8538,25.98,0,0
IMG-500510,TreatmentB,B01,73.62,274,129.03,739.66,1316.2,704.9,0.5515,0.9728,12.44,1,0
IMG-500936,TreatmentA,B02,110.77,241,193.71,765.71,1230.4,400.5,0.8994,0.909,25.82,0,1
IMG-500343,Control,B01,98.24,202,149.64,883.96,1831.2,266.1,0.8217,0.9572,28.85,0,1
IMG-500584,TreatmentB,B02,86.43,252,202.56,772.85,1275.1,712.9,0.9135,0.9079,13.64,1,1
IMG-500120,TreatmentB,B03,123.59,250,127.31,744.23,1456.2,726.1,0.8367,0.6718,16.73,0,0
IMG-500952,TreatmentB,B02,105.06,240,178.17,505.44,1124.5,798.6,0.6388,0.9469,29.15,1,1
IMG-500353,TreatmentA,B03,88.74,249,169.12,954.39,1884.3,607.9,0.9067,0.9272,16.87,0,1
IMG-500187,TreatmentB,B03,109.73,241,183.86,632.3,1735.7,1232.1,0.6699,0.8138,15.8,1,0
IMG-500514,TreatmentA,B02,70.86,244,165.51,713.58,1513.7,614.7,0.8589,0.8867,36.4,0,1
IMG-500184,TreatmentB,B02,92.29,262,209.95,496.77,1506.9,1055.1,0.7368,0.9696,14.94,1,0
IMG-500989,Control,B01,110.3,250,170.92,858.74,1495.7,678.2,0.8729,0.8771,24.61,0,0
IMG-500433,TreatmentB,B01,82.91,276,202.55,573.01,1830.2,1344.3,0.7536,0.8869,28.09,1,0
IMG-500338,TreatmentB,B01,103.05,241,168.48,807.98,1239.8,1060.0,0.8484,0.931,30.54,1,0
IMG-500358,TreatmentA,B01,90.73,220,110.72,736.27,1270.4,590.1,0.7119,0.6705,23.93,0,0
IMG-500482,Control,B02,83.72,228,190.91,620.56,1694.7,360.5,0.8722,0.8666,12.59,1,1
IMG-500415,Control,B02,116.86,251,134.58,728.05,1450.7,956.6,0.7861,0.8077,20.61,1,0
IMG-500144,Control,B02,100.94,236,131.17,778.62,1298.7,383.8,0.841,0.9337,14.24,0,0
IMG-500994,Control,B02,126.65,228,171.08,583.98,1312.0,355.8,0.6188,0.9465,12.6,0,1
IMG-500946,TreatmentA,B01,94.48,257,210.63,458.28,1787.0,638.0,0.8763,0.7367,8.76,1,0
IMG-500292,Control,B01,111.51,228,168.46,747.49,1434.6,373.1,0.6779,0.8748,14.36,0,0
IMG-500866,TreatmentA,B01,96.15,250,182.12,639.36,1125.3,1050.7,0.8211,0.7825,21.89,1,1
IMG-500305,TreatmentB,B03,107.73,231,201.74,599.93,1104.1,722.3,0.8496,0.8967,26.32,0,1
IMG-500925,Control,B01,117.14,230,196.25,824.21,1446.0,312.8,0.7783,0.9344,27.42,0,1
IMG-500503,TreatmentA,B02,77.46,235,169.72,674.51,1273.3,631.9,0.9822,0.9426,25.65,0,1
IMG-500138,TreatmentB,B01,79.55,280,186.71,691.19,1763.5,985.5,0.9349,0.9842,19.34,1,1
IMG-500880,TreatmentB,B02,100.8,255,236.09,780.27,1561.8,1276.3,0.6588,0.9532,60.74,1,0
IMG-500608,TreatmentB,B02,83.53,241,222.91,703.9,1841.1,852.1,0.8446,0.876,31.22,0,0
IMG-500071,Control,B03,103.33,218,198.38,641.23,1072.5,778.3,0.4736,0.8071,10.87,1,1
IMG-500250,TreatmentB,B01,113.26,238,164.87,605.77,1765.4,1042.8,0.7916,0.9398,19.18,0,0
IMG-500895,Control,B02,73.77,230,249.3,903.57,1602.3,405.8,0.791,0.7554,14.7,1,1
IMG-500402,TreatmentA,B03,118.56,245,238.13,727.2,1181.3,537.0,0.8762,0.8395,22.82,0,0
IMG-500717,TreatmentA,B03,88.95,243,229.46,685.3,1132.7,785.6,0.8472,0.9106,29.27,0,1
IMG-500983,Control,B01,95.52,241,160.51,937.11,1831.5,96.5,0.7028,0.9198,17.81,0,1
IMG-500863,TreatmentA,B03,86.51,249,183.87,824.69,1479.6,883.4,0.7534,0.9014,14.95,1,1
IMG-500369,TreatmentA,B02,108.66,242,167.91,601.02,1551.5,519.0,0.8797,0.8256,15.49,1,0
IMG-500657,Control,B02,116.77,246,103.19,576.91,1434.3,562.8,0.9169,0.9825,37.86,0,0
IMG-500134,Control,B02,105.43,214,202.8,530.5,1816.2,305.1,0.7164,0.8658,28.49,0,0
IMG-500381,TreatmentA,B02,82.25,250,207.17,565.82,965.7,656.1,0.9381,0.8527,18.34,1,1
IMG-500099,TreatmentA,B02,112.16,235,216.0,594.04,1194.4,1221.5,0.8357,0.8535,14.79,0,1
IMG-500708,Control,B03,101.12,220,151.87,593.25,1432.7,442.0,0.7574,0.9437,11.93,0,1
IMG-500926,Control,B03,119.06,217,109.1,730.54,984.5,8.9,0.8553,0.9797,24.2,0,0
IMG-500919,TreatmentA,B01,99.72,229,189.5,745.68,998.3,798.3,0.9726,0.9129,18.43,0,1
IMG-500842,TreatmentA,B03,105.75,226,223.51,752.49,1491.0,538.6,0.681,0.746,19.13,0,0
IMG-500837,TreatmentB,B01,99.67,262,254.52,1184.12,1447.5,1296.5,0.8601,0.9647,16.95,1,0
IMG-500531,TreatmentA,B01,101.37,233,205.43,800.14,1695.8,425.5,0.83,0.9693,18.65,0,1
IMG-500504,TreatmentB,B02,96.64,275,158.32,561.91,1456.6,1089.6,0.9046,0.9103,32.11,1,1
IMG-500854,Control,B01,101.23,232,185.93,745.48,1363.4,159.8,0.842,0.8259,28.27,0,1
IMG-500780,Control,B02,110.23,242,211.07,961.51,1663.4,738.3,0.6248,0.9147,24.18,1,1
IMG-500422,TreatmentB,B01,90.58,260,184.72,843.26,1402.9,871.3,0.889,0.9673,21.69,1,1
IMG-500257,TreatmentB,B02,93.39,263,199.43,532.01,1629.8,893.5,0.8088,0.7732,18.81,1,0
IMG-500635,TreatmentB,B01,93.73,248,138.56,811.65,1608.2,642.2,0.8154,0.888,22.05,0,1
IMG-500611,Control,B01,83.01,243,242.46,1032.27,1317.1,108.0,0.8156,0.9346,27.82,0,0
IMG-500726,TreatmentA,B01,109.45,231,213.42,828.38,1418.7,949.6,0.4257,0.8472,25.5,1,0
IMG-500918,TreatmentB,B01,96.92,246,216.95,481.88,782.3,921.5,0.9879,0.95,31.16,1,1
IMG-500915,TreatmentA,B02,80.36,274,193.04,767.78,1366.1,526.3,0.722,0.7703,17.78,1,0
IMG-500939,Control,B01,75.69,226,199.25,498.09,1127.7,269.7,0.8857,0.8836,45.92,0,1
IMG-500763,Control,B02,107.81,240,187.76,701.69,1142.5,774.3,0.8043,0.8493,24.11,0,1
IMG-500955,TreatmentB,B02,97.24,242,244.3,820.73,1567.4,707.6,0.7937,0.9593,24.03,0,0
IMG-500883,Control,B02,117.35,256,163.26,607.25,1256.8,56.3,0.8782,0.9306,14.59,0,1
IMG-500669,TreatmentA,B02,87.87,243,228.26,460.37,1032.5,645.7,0.5444,0.9779,27.02,1,1
IMG-500484,Control,B01,99.5,230,187.27,547.42,1057.1,-24.9,0.807,0.8577,11.92,0,1
IMG-500628,Control,B01,88.94,211,200.16,699.59,1620.3,347.1,0.9635,0.8749,20.64,0,1
IMG-500044,Control,B03,99.06,252,250.75,486.29,1316.2,658.9,0.8721,0.9146,15.53,0,0
IMG-500193,TreatmentB,B02,121.15,254,187.59,605.13,1468.3,1115.8,0.7814,0.8173,46.97,1,0
IMG-500785,TreatmentB,B01,96.24,236,164.08,769.84,1354.7,1333.3,0.928,0.8806,35.44,0,0
IMG-500326,TreatmentB,B01,80.75,247,190.87,679.63,1251.6,864.8,0.9571,0.7222,22.86,0,1
IMG-500152,TreatmentA,B03,86.48,247,180.12,789.59,1567.1,1379.1,0.9253,0.8008,15.4,1,1
IMG-500147,TreatmentA,B03,122.69,257,182.63,740.26,1524.1,622.9,0.9212,0.8024,26.14,0,1
IMG-500965,TreatmentA,B03,86.96,248,193.13,807.26,833.2,641.8,0.8913,0.9416,14.19,0,1
IMG-500732,Control,B02,118.9,254,216.25,484.16,1539.6,837.4,0.856,0.9505,12.74,1,0
IMG-500705,TreatmentB,B02,95.95,255,168.58,488.36,1336.2,719.4,0.6884,0.8704,23.92,0,1
IMG-500773,TreatmentA,B03,92.66,231,186.52,1061.74,1839.2,1365.6,0.5101,0.7794,32.19,1,1
IMG-500971,TreatmentA,B02,51.91,229,231.64,848.19,1108.5,621.3,0.753,0.8872,15.87,0,0
IMG-500480,TreatmentA,B03,114.2,229,255.26,528.73,1435.4,932.5,0.7157,0.9485,15.36,0,1
IMG-500968,TreatmentA,B03,96.39,232,194.4,1019.78,1555.7,371.9,0.7847,0.9166,14.17,1,1
IMG-500962,Control,B03,90.18,210,241.18,547.63,1452.7,-53.3,0.8034,0.8659,25.65,0,0
IMG-500800,TreatmentB,B01,101.84,250,181.66,704.73,985.2,814.5,0.8388,0.764,15.91,1,1
IMG-500874,TreatmentB,B01,94.59,276,201.77,637.62,1377.5,1072.2,0.7718,0.8197,21.52,1,1
IMG-500375,Control,B01,93.29,238,177.81,599.56,1581.6,22.7,0.8957,0.8775,26.11,0,0
IMG-500076,Control,B01,115.23,204,157.69,420.93,1606.4,193.1,0.5339,0.912,23.74,0,0
IMG-500849,Control,B03,80.12,265,234.26,377.73,1478.7,169.3,0.764,0.8969,16.28,1,0
IMG-500640,TreatmentB,B01,68.79,236,131.26,591.99,1270.3,1061.6,0.7188,0.9603,15.72,1,1
IMG-500701,TreatmentA,B01,78.22,245,214.58,643.69,1590.0,570.1,0.9604,0.9522,19.18,1,0
IMG-500408,TreatmentB,B01,85.14,260,178.43,905.57,1440.6,1081.9,0.8513,0.8644,21.81,1,1
IMG-500330,Control,B01,68.53,205,258.34,964.39,1643.0,327.1,0.8745,0.9296,19.06,0,1
IMG-500621,TreatmentA,B01,109.41,252,198.07,647.24,1446.9,544.2,0.8844,0.859,16.33,0,1
IMG-500079,TreatmentB,B01,93.12,263,130.78,447.98,1284.1,1716.1,0.8649,0.8344,39.11,1,0
IMG-500154,TreatmentB,B03,96.18,244,174.33,631.61,2130.3,954.3,0.9393,0.9673,27.2,1,0
IMG-500260,TreatmentB,B02,120.53,236,179.6,940.0,1669.6,1102.4,0.888,0.8809,18.68,1,1
IMG-500825,Control,B02,85.8,243,216.0,824.31,1441.2,904.4,0.7911,0.8613,28.28,1,0
IMG-500751,TreatmentA,B01,93.3,232,221.45,950.05,1375.6,714.1,0.8032,0.7139,28.17,0,0
IMG-500117,TreatmentB,B02,105.36,263,209.37,975.97,1534.7,839.8,0.9598,0.9557,27.1,0,1
IMG-500804,TreatmentA,B01,97.49,235,133.41,621.0,1559.0,529.1,0.8737,0.9572,30.69,0,0
IMG-500357,Control,B01,122.1,239,174.56,724.29,1725.8,570.7,0.795,0.9372,17.0,0,1
IMG-500113,Control,B01,102.14,224,240.42,459.86,2070.4,389.5,0.9346,0.8702,27.68,0,0
IMG-500057,TreatmentB,B03,86.2,245,125.72,902.06,1393.7,1106.2,0.7223,0.8993,13.7,1,0
IMG-500805,TreatmentA,B01,65.96,246,137.49,853.54,1463.0,409.1,0.7136,0.8502,19.65,0,1
IMG-500441,TreatmentA,B01,123.25,239,184.13,767.34,1841.9,393.6,0.8342,0.9632,30.24,1,1
IMG-500749,Control,B02,67.88,244,205.83,857.38,1152.7,472.5,0.7582,0.857,20.45,0,0
IMG-500098,TreatmentA,B02,149.71,244,201.59,780.0,1710.2,800.9,0.8693,0.9272,36.13,0,1
IMG-500061,TreatmentB,B03,121.95,258,241.42,752.17,1352.3,1445.2,0.8242,0.8454,86.07,1,0
IMG-500629,TreatmentA,B03,78.67,260,191.68,879.25,1611.4,626.7,0.9124,0.9207,24.56,1,1
IMG-500142,Control,B01,121.4,233,208.61,707.28,1766.2,868.9,0.7149,0.8765,47.93,1,1
IMG-500678,TreatmentA,B03,101.59,254,144.95,647.31,1444.0,615.6,0.6933,0.8002,35.47,1,0
IMG-500088,Control,B03,96.39,208,169.73,827.38,1433.9,1243.9,0.7738,0.9146,15.16,0,1
IMG-500153,TreatmentB,B02,88.97,281,201.64,654.54,1321.3,791.9,0.9312,0.8647,19.6,0,1
IMG-500194,TreatmentA,B02,118.98,228,219.04,830.15,1271.9,694.2,0.8226,0.9867,18.26,1,1
IMG-500171,TreatmentB,B03,109.5,232,107.68,695.7,1688.9,971.1,0.5146,0.8428,19.38,1,0
IMG-500013,Control,B02,117.13,264,204.0,904.86,1201.9,603.5,0.6526,0.8257,20.08,1,0
IMG-500601,TreatmentB,B02,89.82,256,220.87,662.51,1202.0,898.1,0.6216,0.957,20.1,1,0
IMG-500383,TreatmentB,B03,90.65,286,186.88,844.75,1821.7,947.3,0.7794,0.9053,12.66,0,1
IMG-500566,TreatmentB,B02,88.25,251,215.1,834.29,1483.1,506.9,0.8016,0.9297,25.56,0,1
IMG-500894,TreatmentB,B01,96.44,255,261.68,732.12,1153.7,928.5,0.8101,0.932,28.37,0,0
IMG-500921,TreatmentB,B01,90.59,258,158.33,634.8,1200.1,1232.6,0.8473,0.8628,60.19,1,1
IMG-500525,Control,B02,97.0,225,232.82,913.12,1174.5,275.3,0.6226,0.7805,30.95,0,0
IMG-500613,TreatmentA,B03,100.25,226,167.68,506.2,1337.6,582.5,0.8029,0.8724,30.77,0,0
IMG-500258,TreatmentB,B03,96.79,249,161.35,671.99,908.2,843.3,0.8076,0.9271,26.78,0,0
IMG-500470,TreatmentA,B03,104.17,251,192.91,425.24,1178.5,570.1,0.8861,0.9151,21.92,0,1
IMG-500889,TreatmentA,B03,67.68,218,169.62,263.15,1677.4,818.9,0.7703,0.9483,8.07,0,0
IMG-500886,TreatmentB,B03,72.38,261,154.14,775.24,1914.9,1179.7,0.8883,0.8891,34.66,1,1
IMG-500319,TreatmentB,B01,92.14,245,182.78,649.52,1420.4,627.5,0.7973,0.8148,30.27,0,1
IMG-500663,Control,B01,86.41,243,166.0,777.05,1461.4,507.4,0.7048,0.7702,37.23,0,1
IMG-500056,TreatmentB,B01,92.74,278,170.75,486.58,1092.4,865.8,0.7903,0.8993,23.36,1,1
IMG-500575,Control,B02,116.63,268,189.13,674.18,1299.3,745.2,0.9565,0.8758,18.26,1,1
IMG-500699,Control,B03,84.97,231,238.58,514.95,1519.3,808.8,0.6821,0.9075,8.58,1,0
IMG-500139,Control,B01,83.04,246,191.09,600.28,1896.7,627.8,0.7742,0.9023,34.4,1,0
IMG-500226,Control,B02,110.15,219,159.52,761.57,1331.9,1623.4,0.8224,0.976,34.36,0,1
IMG-500277,TreatmentA,B01,108.27,234,169.2,537.86,1735.6,770.4,0.8361,0.8963,13.85,1,0
IMG-500737,Control,B01,91.66,203,106.22,711.84,848.1,306.9,0.7882,0.9585,21.58,1,0
IMG-500879,TreatmentA,B01,76.26,243,180.88,528.76,1831.8,849.7,0.8727,0.9906,23.32,0,0
IMG-500733,TreatmentA,B01,117.09,253,182.39,844.64,1408.1,1402.7,0.71,0.9415,20.25,1,1
IMG-500084,TreatmentB,B02,114.19,254,223.57,637.01,1363.6,852.6,0.8302,0.8545,23.92,1,0
IMG-500278,TreatmentA,B01,103.69,235,192.3,785.34,1322.4,492.4,0.7654,0.9301,21.98,0,1
IMG-500512,Control,B01,120.78,266,239.44,643.53,1223.9,1025.7,0.8446,0.8506,21.59,1,0
IMG-500450,Control,B02,102.22,247,168.7,703.91,1339.6,5.0,0.8723,0.9729,19.94,0,1
IMG-500442,Control,B02,122.2,210,223.08,509.9,1693.3,779.3,0.8023,0.842,17.18,0,0
IMG-500966,Control,B01,102.59,270,179.45,1042.95,1427.3,201.1,0.8119,0.8943,27.56,0,1
IMG-500792,TreatmentB,B01,106.89,229,195.82,656.59,1748.5,753.3,0.6166,0.919,19.04,1,1
IMG-500077,TreatmentB,B01,103.86,227,137.34,665.48,973.1,950.8,0.9356,0.7891,20.49,0,0
IMG-500947,Control,B02,94.79,218,137.53,741.26,1839.8,144.6,0.8828,0.7835,21.53,0,0
IMG-500213,Control,B02,121.69,227,121.85,980.79,1300.7,1150.8,0.7653,0.9431,16.41,1,0
IMG-500831,TreatmentB,B01,121.88,228,180.14,741.84,1408.3,985.9,0.867,0.9805,49.06,1,0
IMG-500443,TreatmentB,B02,87.46,243,200.72,534.7,1490.2,832.7,0.8152,0.9531,38.03,1,1
IMG-500395,TreatmentA,B02,93.31,232,230.25,771.64,1330.7,1305.9,0.8133,0.984,34.39,0,0
IMG-500697,TreatmentB,B01,91.71,269,194.15,398.85,1695.4,867.7,0.7206,0.9495,13.22,1,0
IMG-500884,TreatmentA,B03,96.71,238,126.22,987.81,1123.3,690.7,0.5008,0.8971,10.64,1,0
IMG-500715,TreatmentA,B01,115.13,245,156.79,1016.33,1461.7,357.1,0.6798,0.8865,17.5,0,0
IMG-500448,Control,B01,107.56,240,192.49,654.3,1541.2,337.6,0.9006,0.9229,31.21,0,0
IMG-500787,TreatmentB,B02,53.64,244,206.45,824.49,1225.1,1682.8,0.8217,0.9911,33.19,1,0
IMG-500186,Control,B02,104.0,236,161.92,503.24,1626.0,597.3,0.8152,0.8693,17.04,0,0
IMG-500307,TreatmentB,B01,108.57,241,169.17,760.43,1119.5,1115.6,0.6963,0.8992,14.38,1,1
IMG-500426,Control,B02,127.78,251,129.86,941.0,1167.8,29.3,0.8481,0.94,21.77,0,0
IMG-500247,TreatmentA,B03,118.38,249,170.59,556.81,1368.7,579.8,0.8426,0.8485,11.01,0,1
IMG-500376,TreatmentA,B01,95.82,210,183.88,1047.18,1738.3,811.3,0.8424,0.898,21.79,0,1
IMG-500372,TreatmentB,B01,96.26,248,264.95,800.13,1026.7,1526.1,0.8717,0.8823,11.96,1,0
IMG-500333,TreatmentB,B03,82.83,230,177.25,783.86,1473.3,1524.4,0.8088,0.9207,19.73,1,0
IMG-500777,TreatmentB,B01,105.29,258,168.0,519.07,1565.3,1218.8,0.786,0.9159,17.68,1,0
IMG-500815,TreatmentB,B03,95.86,249,206.73,892.21,1451.2,741.2,0.815,0.9424,53.97,0,0
IMG-500762,TreatmentA,B01,123.42,295,175.87,811.73,1721.2,561.2,0.5069,0.8836,35.24,1,1
IMG-500424,TreatmentA,B03,98.95,230,232.87,767.42,1398.3,355.7,0.8165,0.808,17.21,0,0
IMG-500978,Control,B02,139.39,246,182.23,832.47,1168.7,141.6,0.7081,0.8359,27.22,0,1
IMG-500680,Control,B02,86.04,221,187.09,588.25,1484.7,93.6,0.794,0.8971,17.7,0,1
IMG-500006,Control,B01,115.77,270,169.6,855.54,1394.4,248.9,0.8938,0.885,16.17,0,1
IMG-500481,TreatmentB,B01,107.53,253,210.35,499.14,1154.8,621.4,0.8335,0.9224,27.84,0,1
IMG-500816,TreatmentA,B03,91.25,217,186.89,812.42,1392.5,348.2,0.8125,0.9292,34.63,1,1
IMG-500822,TreatmentA,B01,68.59,247,168.89,766.09,1482.3,460.6,0.6644,0.9456,14.95,1,1
IMG-500564,Control,B03,87.73,231,164.81,740.77,1229.9,361.8,0.8065,0.9707,19.8,0,1
IMG-500828,TreatmentA,B03,83.49,234,200.32,866.41,1046.2,1416.3,0.5493,0.9271,18.68,1,0
IMG-500529,TreatmentB,B03,100.67,226,195.76,651.2,914.9,1006.4,0.9555,0.6306,33.28,0,1
IMG-500140,Control,B02,73.76,218,199.41,661.31,1592.4,163.4,0.8515,0.9552,22.19,0,1
IMG-500803,Control,B03,96.92,251,144.69,756.47,943.1,268.4,0.8184,0.9368,25.98,0,0
IMG-500453,TreatmentA,B03,107.08,255,251.67,882.2,1193.3,1040.9,0.5393,0.9149,16.65,1,0
IMG-500626,TreatmentA,B02,84.03,223,160.64,862.33,1205.6,511.3,0.6849,0.8508,18.19,0,0
IMG-500987,TreatmentB,B02,88.2,249,211.71,1188.12,1348.1,994.0,0.9175,0.8788,15.75,0,0
IMG-500758,Control,B01,123.01,254,226.99,531.53,1733.5,681.0,0.7827,0.9611,12.14,1,0
IMG-500081,TreatmentA,B01,117.24,232,215.27,679.98,1294.6,875.4,0.6233,0.8676,29.58,1,1
IMG-500479,TreatmentB,B02,107.31,230,191.78,559.22,1044.8,768.8,0.7847,0.8296,33.54,0,1
IMG-500958,TreatmentA,B02,100.38,230,192.47,581.43,1558.4,919.8,0.8913,0.7599,18.44,1,1
IMG-500124,TreatmentB,B01,106.79,279,201.12,571.58,1633.7,780.3,0.6052,0.8594,15.41,1,0
IMG-500654,TreatmentB,B02,100.06,273,114.2,471.55,1283.6,764.8,0.6315,0.92,16.8,1,1
IMG-500414,TreatmentB,B01,109.59,240,220.02,587.96,1348.2,1322.0,0.8203,0.941,32.96,0,0
IMG-500509,TreatmentA,B03,98.96,246,204.16,808.92,1625.2,487.6,0.8378,0.8985,49.59,0,1
IMG-500169,Control,B03,79.84,254,211.32,887.5,1857.6,618.2,0.8186,0.9639,13.89,1,1
IMG-500279,TreatmentA,B02,105.95,250,188.87,447.13,1239.1,413.8,0.798,0.9264,16.13,1,1
IMG-500702,TreatmentA,B02,92.08,230,179.43,676.73,1601.1,267.8,0.8005,0.9136,24.45,0,1
IMG-500641,TreatmentB,B02,96.79,266,236.78,888.85,1302.2,877.7,0.8332,0.9228,27.72,1,0
IMG-500568,TreatmentA,B01,108.05,244,209.5,657.46,1192.0,421.3,0.7709,0.9509,23.06,0,1
IMG-500563,Control,B01,73.68,222,205.28,980.28,1709.1,429.8,0.8922,0.9191,19.48,0,1
IMG-500022,TreatmentA,B02,104.46,231,190.85,652.24,798.5,930.2,0.6991,0.8018,15.2,1,1
IMG-500660,TreatmentB,B01,114.26,250,197.62,663.1,1264.7,941.0,0.6803,0.9918,30.17,1,1
IMG-500068,TreatmentB,B02,111.58,278,157.07,971.27,1028.3,720.7,0.875,0.8641,20.07,0,0
IMG-500427,TreatmentA,B03,109.28,220,131.24,1063.64,1485.9,1654.5,0.7862,0.9134,47.63,1,0
IMG-500930,TreatmentA,B03,86.63,227,122.61,612.94,717.5,1072.4,0.823,0.8005,27.99,1,0
IMG-500105,TreatmentB,B02,97.01,245,133.18,406.95,1177.6,1849.4,0.8402,0.8311,19.97,1,1
IMG-500624,Control,B03,90.56,225,138.22,723.01,1500.9,153.6,0.7181,0.8261,23.78,0,0
IMG-500662,Control,B03,85.31,222,145.15,680.47,1548.1,287.8,0.7145,0.8782,23.27,1,0
IMG-500201,Control,B03,104.64,240,202.6,878.68,1814.4,292.3,0.7118,0.8436,21.29,0,1
IMG-500340,TreatmentB,B01,103.65,236,180.21,744.95,1456.8,1137.6,0.6792,0.8526,21.94,1,1
IMG-500871,TreatmentB,B01,94.05,230,181.4,569.23,1383.0,818.2,0.9289,0.9337,24.28,0,1
IMG-500073,TreatmentB,B02,75.63,254,168.46,946.42,1484.9,547.0,0.7514,0.8682,37.73,1,1
IMG-500363,Control,B01,114.02,211,147.66,983.12,1411.5,509.9,0.7854,0.841,12.54,0,0
IMG-500490,TreatmentA,B01,94.14,247,192.53,552.96,1143.2,416.2,0.6926,0.9579,40.09,0,1
IMG-500280,TreatmentA,B03,68.78,235,208.15,547.55,1166.3,582.1,0.8393,0.9256,12.29,0,1
IMG-500694,TreatmentA,B01,98.83,252,165.23,751.98,1457.2,494.7,0.7794,0.7854,29.48,0,0
IMG-500576,TreatmentB,B01,95.3,262,178.24,613.03,1335.9,801.1,0.7231,0.9834,24.06,1,1
IMG-500827,Control,B03,87.85,228,167.36,858.15,1729.2,259.1,0.7368,0.9412,19.46,0,1
IMG-500136,Control,B02,88.74,246,240.68,740.47,1353.0,461.0,0.774,0.8873,15.52,0,0
IMG-500092,TreatmentB,B03,123.91,258,213.08,693.18,1528.0,1262.8,0.7933,0.887,18.03,1,0
IMG-500695,Control,B02,110.55,236,183.1,784.2,1053.0,135.4,0.9089,0.7377,50.44,0,1
IMG-500058,Control,B02,103.39,250,263.13,724.7,1331.7,358.4,0.872,0.9577,19.02,0,0
IMG-500126,Control,B01,105.46,246,183.18,704.5,1191.4,10.6,0.9127,0.8006,28.0,0,1
IMG-500465,Control,B02,122.45,215,235.05,658.1,1864.2,433.8,0.7724,0.8091,18.02,1,0
IMG-500931,Control,B02,122.39,215,200.87,624.06,1342.0,437.0,0.8863,0.9521,24.28,0,1
IMG-500844,TreatmentA,B01,102.85,255,211.59,788.43,1327.5,806.1,0.7239,0.911,30.3,1,0
IMG-500329,TreatmentA,B02,96.1,252,220.33,723.97,1527.4,630.7,0.6355,0.9663,20.04,0,0
IMG-500582,TreatmentA,B03,106.0,234,159.99,669.84,1534.4,886.1,0.8703,0.9186,16.7,0,0
IMG-500776,TreatmentA,B02,105.31,215,243.38,827.98,1715.6,1372.9,0.9031,0.9346,17.28,0,0
IMG-500135,Control,B03,116.91,245,191.62,685.92,1138.2,762.5,0.7922,0.9538,25.39,1,0
IMG-500417,Control,B03,90.96,212,179.81,644.43,1819.0,421.6,0.8236,0.9302,25.0,0,0
IMG-500606,TreatmentB,B02,87.97,274,190.94,567.25,1347.4,1187.3,0.7955,0.9617,16.5,1,1
IMG-500809,TreatmentA,B02,101.08,251,194.84,639.56,1329.1,672.9,0.5325,0.9572,12.59,1,1
IMG-500571,Control,B02,99.3,253,166.65,867.63,1714.6,150.7,0.7875,0.77,23.66,0,1
IMG-500553,TreatmentA,B01,98.79,220,190.7,682.81,1452.8,362.1,0.8568,0.9298,26.96,0,0
IMG-500253,TreatmentA,B01,75.72,248,178.46,555.76,1312.5,663.1,0.8616,0.9874,33.99,0,1
IMG-500591,TreatmentA,B03,119.47,264,186.7,922.53,1825.6,649.4,0.7442,0.8362,18.71,0,1
IMG-500437,TreatmentA,B02,98.16,276,185.55,895.14,1667.2,1072.1,0.812,0.9463,16.74,1,1
IMG-500671,TreatmentB,B01,132.42,257,140.11,571.63,1338.2,778.5,0.7297,0.8814,22.16,1,1
IMG-500917,Control,B02,79.65,240,209.67,700.39,1467.7,174.6,0.8085,0.94,33.44,0,1
IMG-500132,Control,B03,98.52,232,215.2,516.52,1180.1,184.6,0.5803,0.9092,12.99,0,1
IMG-500585,Control,B02,119.53,268,188.39,679.59,878.1,362.0,0.7817,0.7897,32.96,1,1
IMG-500778,Control,B03,117.04,251,192.83,953.46,1623.1,194.0,0.7611,0.9282,16.14,1,1
IMG-500390,TreatmentA,B03,91.69,226,222.53,891.79,1656.3,471.0,0.5614,0.8741,25.36,0,1
IMG-500790,Control,B02,92.8,256,187.14,453.73,1100.6,-42.8,0.9059,0.9528,30.13,0,1
IMG-500026,Control,B03,96.25,230,261.0,607.55,1343.0,543.0,0.7996,0.9592,16.37,1,0
IMG-500155,TreatmentA,B02,103.05,246,202.16,776.98,1721.0,835.0,0.7991,0.9531,25.63,1,1
IMG-500289,TreatmentA,B03,135.66,239,165.32,743.31,1532.4,395.5,0.7109,0.8968,32.84,1,1
IMG-500970,TreatmentB,B02,131.53,264,112.2,1000.94,992.3,807.9,0.7047,0.8988,26.93,1,0
IMG-500536,TreatmentB,B02,89.54,233,186.14,662.6,1495.3,1088.6,0.8457,0.9695,17.59,1,1
IMG-500612,Control,B02,110.57,239,212.51,797.92,1665.9,161.6,0.6356,0.9086,19.24,1,1
IMG-500995,TreatmentA,B01,107.44,256,172.54,712.36,1351.1,1740.6,0.9347,0.8407,26.11,1,0
IMG-500836,TreatmentA,B01,88.62,247,158.5,817.53,1592.4,504.0,0.7324,0.8604,15.19,0,1
IMG-500331,TreatmentA,B03,119.34,245,118.96,978.94,1720.5,673.4,0.7637,0.8478,22.27,0,0
IMG-500166,Control,B03,101.05,256,153.85,773.17,1548.9,474.5,0.9316,0.9104,18.05,0,1
IMG-500412,Control,B03,75.93,218,149.89,741.92,1363.9,370.5,0.6963,0.9659,34.29,0,0
IMG-500043,Control,B01,89.13,220,165.54,1039.13,1386.8,1011.2,0.8585,0.9549,26.85,0,0
IMG-500220,TreatmentA,B01,125.48,255,161.71,767.25,1079.1,635.3,0.761,0.976,14.58,0,0
IMG-500364,TreatmentB,B01,106.64,255,286.33,704.03,1352.0,766.5,0.6833,0.9231,16.6,1,0
IMG-500049,TreatmentB,B01,96.75,246,207.65,756.29,1283.1,1043.7,0.7495,0.9071,16.76,1,0
IMG-500271,TreatmentA,B03,119.53,228,182.98,751.39,1950.7,556.4,0.8055,0.8322,30.37,1,1
IMG-500538,Control,B02,90.9,232,182.56,652.82,1855.4,95.2,0.9154,0.897,18.3,0,1
IMG-500405,TreatmentB,B02,95.66,270,168.73,719.0,1592.9,1047.8,0.7767,0.8525,19.5,1,1
IMG-500707,TreatmentA,B01,113.25,212,211.91,613.91,1346.7,648.7,0.8525,0.9834,31.82,0,1
IMG-500040,TreatmentA,B03,89.32,237,256.7,657.63,1442.5,360.9,0.8037,0.867,25.4,0,0
IMG-500862,Control,B03,81.23,236,183.81,601.37,1265.3,125.0,0.9095,0.9646,38.27,0,1
IMG-500706,TreatmentA,B01,96.99,229,224.43,379.85,1642.3,485.4,0.8483,0.8553,7.58,0,0
IMG-500615,Control,B02,115.38,244,139.22,920.85,1777.6,199.6,0.7257,0.9779,20.75,0,1
IMG-500590,TreatmentB,B03,86.3,217,225.16,601.04,1638.4,730.7,0.9248,0.8905,19.91,0,0
IMG-500867,TreatmentA,B03,95.84,254,159.41,702.4,1238.5,984.0,0.9373,0.9158,30.03,1,1
IMG-500869,TreatmentA,B03,83.49,241,149.21,551.35,1119.4,783.0,0.7052,0.8093,17.19,0,1
IMG-500149,Control,B03,102.74,225,173.57,562.31,1654.4,754.8,0.8955,0.9058,26.36,0,1
IMG-500548,TreatmentA,B03,100.9,265,215.11,1015.14,992.8,402.6,0.625,0.9073,40.47,1,0
IMG-500677,TreatmentA,B03,97.93,275,244.01,457.49,1515.1,494.8,0.8125,0.988,32.29,1,0
IMG-500475,Control,B01,96.18,249,166.83,555.76,1543.8,301.3,0.8459,0.8202,49.31,1,0
IMG-500562,Control,B03,81.98,219,247.32,706.82,1320.1,364.7,0.7136,0.8969,7.81,1,0
IMG-500698,TreatmentA,B03,89.53,243,178.8,869.75,1203.1,502.0,0.7553,0.8323,50.9,1,1
IMG-500446,Control,B02,90.16,232,192.88,758.51,1448.0,958.8,0.8395,0.8648,15.25,0,1
IMG-500259,Control,B03,83.69,222,171.84,580.21,1355.6,143.5,0.8448,0.9647,30.35,0,1
IMG-500403,TreatmentA,B02,83.85,256,151.73,715.74,1342.0,481.7,0.88,0.9673,13.46,1,0
IMG-500001,TreatmentB,B03,102.73,267,198.21,794.47,1238.3,587.7,0.5395,0.9849,18.77,1,0
IMG-500197,Control,B03,99.62,221,181.81,965.12,1286.6,19.8,0.8447,0.9319,33.13,0,0
IMG-500943,TreatmentA,B01,110.03,236,198.62,748.35,1141.9,424.4,0.855,0.9782,13.04,0,0
IMG-500984,Control,B03,77.12,214,156.6,825.46,1356.9,340.5,0.7498,0.9473,26.6,1,0
IMG-500766,TreatmentB,B02,107.6,285,207.36,802.6,1212.5,849.2,0.9199,0.9152,30.53,1,0
IMG-500913,Control,B01,78.78,217,181.37,655.37,1486.9,466.1,0.8561,0.978,31.45,1,1
IMG-500020,TreatmentB,B03,97.83,261,168.4,656.32,1213.7,788.7,0.8871,0.9579,21.37,0,1
IMG-500396,TreatmentA,B02,101.53,238,188.91,600.39,872.7,355.1,0.8046,0.8987,24.63,0,1
IMG-500368,TreatmentA,B02,82.37,259,230.71,1098.33,1221.1,789.6,0.7944,0.9335,42.67,1,0
IMG-500938,TreatmentA,B03,92.2,236,133.13,662.77,1724.1,2440.4,0.554,0.9359,30.8,1,0
IMG-500846,Control,B02,105.04,247,183.27,643.68,1689.5,-32.0,0.8941,0.9386,33.31,0,0
IMG-500409,TreatmentA,B01,101.22,242,280.03,567.31,1774.1,926.3,0.8154,0.8898,13.55,1,0
IMG-500397,Control,B03,58.4,255,164.72,707.68,1461.4,860.4,0.9407,0.9192,25.48,1,0
IMG-500483,Control,B03,60.63,224,191.9,919.58,1651.9,180.0,0.8642,0.9617,19.26,0,1
IMG-500008,Control,B02,121.21,243,238.73,409.67,1384.2,401.2,0.7243,0.9229,14.28,1,0
IMG-500035,TreatmentA,B03,111.69,233,203.38,803.59,1584.2,1165.4,0.9449,0.938,26.31,1,1
IMG-500111,TreatmentB,B02,93.05,264,149.51,790.67,1330.0,850.7,0.9408,0.9649,24.4,1,1
IMG-500651,TreatmentA,B01,123.22,234,138.88,735.48,853.2,449.4,0.834,0.9177,28.68,0,0
IMG-500189,TreatmentB,B01,104.11,227,218.26,771.77,1748.9,739.4,0.6928,0.8808,32.63,0,0
IMG-500055,TreatmentB,B02,96.87,278,176.37,788.17,1651.8,835.4,0.879,0.9889,20.2,1,1
IMG-500285,TreatmentA,B02,90.83,229,179.15,744.03,1496.5,654.7,0.8423,0.8918,13.34,0,0
IMG-500875,TreatmentB,B03,91.59,227,204.43,419.55,1312.3,1604.7,0.8475,0.9693,12.69,1,1
IMG-500112,Control,B01,88.18,246,125.07,791.01,1377.1,188.2,0.9479,0.8421,15.76,0,0
IMG-500496,TreatmentA,B03,90.97,213,248.19,494.45,1568.6,538.1,0.7879,0.792,25.72,0,0
IMG-500631,TreatmentB,B03,126.78,261,103.25,758.33,1738.3,1124.2,0.7826,0.9777,17.59,0,0
IMG-500407,Control,B02,68.38,232,188.94,726.71,1626.0,348.6,0.8599,0.9286,25.24,0,1
IMG-500199,Control,B03,88.58,222,234.75,490.91,1320.7,-5.5,0.8694,0.9475,19.98,0,1
IMG-500365,TreatmentB,B01,139.39,224,132.22,673.63,1808.6,572.6,0.7931,0.84,27.93,0,0
IMG-500164,TreatmentA,B01,111.58,234,187.63,766.26,1758.9,734.8,0.8539,0.8194,30.43,0,1
IMG-500198,Control,B02,104.32,214,219.65,708.68,1257.9,76.8,0.7939,0.9157,25.3,0,0
IMG-500209,TreatmentB,B03,91.6,269,207.05,968.84,1342.2,648.6,0.7367,0.8941,27.31,0,0
IMG-500519,TreatmentA,B01,103.88,241,157.59,678.88,1798.4,470.6,0.7699,0.9432,26.9,0,0
IMG-500498,TreatmentB,B03,94.12,279,154.83,810.82,779.1,1111.2,0.7926,0.918,18.07,1,0
IMG-500964,TreatmentA,B01,104.54,238,140.75,524.57,1457.3,1119.8,0.9363,0.9015,27.55,0,0
IMG-500648,Control,B02,77.33,225,220.85,602.49,1405.9,87.3,0.65,0.9303,18.48,1,0
IMG-500961,TreatmentB,B02,84.52,245,196.83,640.0,1341.6,1645.6,0.776,0.803,19.35,1,1
IMG-500265,TreatmentA,B01,66.97,239,209.69,863.96,989.2,963.9,0.8692,0.9286,38.81,0,0
IMG-500807,Control,B01,108.7,199,168.48,728.92,1670.3,679.5,0.6655,0.8321,35.41,0,1
IMG-500572,TreatmentA,B03,99.22,235,230.33,1138.63,1360.1,715.7,0.8954,0.9146,21.04,0,0
IMG-500455,Control,B03,101.74,216,182.35,745.7,1748.3,1238.3,0.8284,0.9071,24.72,0,1
IMG-500690,TreatmentA,B01,82.52,258,171.66,669.82,1815.4,615.2,0.8458,0.9476,14.19,0,1
IMG-500748,TreatmentB,B01,116.78,234,192.31,595.32,1516.6,828.3,0.9064,0.8162,31.79,0,1
IMG-500534,TreatmentA,B03,115.75,223,193.25,425.5,1436.3,566.9,0.8362,0.9448,17.52,0,1
IMG-500377,Control,B03,91.22,246,267.96,820.96,1463.2,657.7,0.6703,0.9399,16.19,1,0
IMG-500891,Control,B03,115.77,233,219.68,616.71,1371.4,113.4,0.8725,0.8933,23.55,0,0
IMG-500391,TreatmentB,B02,95.24,257,188.14,936.51,1087.4,1692.7,0.802,0.8868,7.24,1,1
IMG-500478,TreatmentA,B01,105.77,250,179.67,477.65,1288.6,658.8,0.6052,0.8737,25.1,1,1
IMG-500162,TreatmentB,B01,122.73,270,198.38,922.8,1702.7,1218.2,0.8245,0.8408,36.26,1,1
IMG-500761,TreatmentB,B03,135.03,250,160.26,706.65,1703.6,805.2,0.8239,0.9271,19.19,1,0
IMG-500360,TreatmentB,B02,82.73,229,195.31,682.35,1309.7,1046.3,0.5588,0.8678,11.26,1,1
IMG-500890,TreatmentA,B02,83.03,257,183.79,975.82,983.6,1077.9,0.7283,0.8352,23.21,1,0
IMG-500723,TreatmentB,B01,92.33,229,178.06,680.43,1243.1,669.1,0.9064,0.8582,12.29,0,1
IMG-500222,TreatmentB,B03,97.59,265,153.1,667.87,1353.2,922.1,0.5444,0.9485,37.15,1,0
IMG-500095,TreatmentA,B02,103.94,214,224.43,345.62,1038.3,795.7,0.7583,0.9225,18.17,1,1
IMG-500178,TreatmentB,B02,114.22,249,154.55,627.26,1288.1,895.5,0.7087,0.916,19.55,0,1
IMG-500781,TreatmentA,B03,80.65,253,137.97,745.66,1077.8,585.7,0.9031,0.8589,21.6,0,0
IMG-500673,TreatmentB,B03,79.4,280,197.17,665.14,1166.0,652.4,0.8309,0.829,17.86,1,0
IMG-500463,TreatmentB,B02,127.84,221,150.56,891.08,1678.3,810.4,0.7329,0.9334,17.47,1,1
IMG-500108,TreatmentA,B02,107.65,258,223.03,824.19,1178.9,1081.9,0.7372,0.8433,17.97,1,0
IMG-500251,Control,B01,91.0,236,174.57,810.54,1673.5,267.7,0.6472,0.9439,14.97,1,1
IMG-500328,Control,B03,119.82,238,211.64,763.76,1332.5,929.3,0.8927,0.9286,23.87,0,1
IMG-500274,TreatmentB,B02,76.39,254,212.76,762.16,1005.9,797.0,0.8997,0.9837,23.23,1,0
IMG-500888,TreatmentA,B03,115.4,226,196.69,961.66,1668.3,913.6,0.8517,0.7708,48.34,1,1
IMG-500716,Control,B03,130.32,237,149.93,587.28,1209.8,400.0,0.9379,0.8434,18.48,0,0
IMG-500167,Control,B03,101.55,287,206.97,760.92,1192.8,45.0,0.8974,0.9365,29.68,1,0
IMG-500838,TreatmentA,B01,84.87,253,235.22,950.94,1790.2,1587.2,0.8541,0.9758,21.49,1,1
IMG-500125,TreatmentB,B02,86.69,237,228.18,320.19,1019.9,717.6,0.6379,0.8805,31.67,1,1
IMG-500195,Control,B01,143.15,232,161.67,749.82,1291.4,757.4,0.9153,0.931,27.12,1,0
IMG-500270,Control,B02,120.17,235,178.78,968.03,1753.2,641.8,0.7845,0.9451,15.71,1,1
IMG-500848,TreatmentB,B01,107.59,207,174.83,680.01,1658.9,761.8,0.7543,0.9266,22.01,1,1
IMG-500586,TreatmentB,B02,106.83,255,195.18,557.82,1885.5,798.7,0.9037,0.9357,15.99,1,0
IMG-500683,Control,B01,67.86,223,124.09,625.51,1668.1,25.1,0.8929,0.9486,34.4,0,0
IMG-500574,Control,B03,99.9,229,249.39,535.85,1446.8,991.4,0.7083,0.9372,33.86,1,0
IMG-500754,TreatmentB,B02,108.87,229,198.82,575.81,1836.4,964.4,0.8508,0.9149,15.01,1,0
IMG-500014,TreatmentB,B02,101.44,224,149.04,436.56,1815.7,760.9,0.7336,0.9263,18.54,0,0
IMG-500546,TreatmentA,B03,93.33,239,132.06,521.6,1439.2,342.2,0.723,0.9042,43.07,0,0
IMG-500543,TreatmentB,B03,98.64,247,121.41,667.65,1677.0,875.0,0.8422,0.8923,29.31,1,0
IMG-500499,TreatmentB,B01,94.38,239,240.34,875.93,1751.7,773.6,0.8077,0.8328,27.45,1,1
IMG-500334,TreatmentB,B03,110.63,263,176.05,594.51,1575.4,1307.2,0.553,0.8459,30.6,1,0
IMG-500256,TreatmentA,B02,99.6,259,186.88,748.74,1394.5,525.2,0.8549,0.9395,22.25,1,1
IMG-500821,TreatmentB,B02,128.25,242,155.39,698.51,1385.9,924.6,0.795,0.8794,21.49,0,1
IMG-500992,Control,B02,87.15,259,252.2,817.62,1655.2,432.4,0.8519,0.984,14.15,0,0
IMG-500025,Control,B01,108.7,248,238.43,732.34,1541.8,291.0,0.9177,0.9611,20.76,0,0
IMG-500533,TreatmentB,B02,130.69,269,243.99,882.45,1034.2,1006.1,0.8058,0.9359,67.26,0,0
IMG-500323,Control,B01,110.69,220,190.32,611.37,1861.3,518.1,0.7021,0.9668,16.84,0,0
IMG-500794,TreatmentA,B01,125.47,281,223.53,775.59,1076.1,721.0,0.8763,0.7789,28.21,1,0
IMG-500902,TreatmentA,B03,99.6,243,210.21,851.32,1325.1,1148.2,0.8365,0.9097,41.51,0,0
IMG-500176,Control,B01,99.26,249,151.79,606.2,1535.0,55.5,0.7215,0.8408,19.08,1,1
IMG-500133,Control,B01,100.46,237,196.15,865.9,1418.2,93.6,0.7524,0.8131,14.44,0,0
IMG-500954,TreatmentA,B01,98.07,241,142.19,776.12,1317.2,481.8,0.7046,0.8622,35.93,1,0
IMG-500998,TreatmentA,B01,102.52,217,266.35,849.52,1370.0,858.4,0.8099,0.9925,22.39,1,0
IMG-500190,TreatmentB,B01,68.89,237,195.45,615.02,1578.1,708.2,0.6684,0.9351,28.79,1,1
IMG-500893,TreatmentB,B01,122.71,242,149.61,574.49,1600.2,2156.5,0.8598,0.9512,27.41,1,0
IMG-500438,TreatmentA,B01,103.76,236,183.15,778.28,1120.7,359.2,0.7277,0.9208,19.67,0,0
IMG-500180,TreatmentB,B03,91.91,264,204.81,670.81,1540.2,687.9,0.863,0.924,25.98,0,0
IMG-500783,TreatmentB,B03,100.35,266,136.62,702.75,1435.1,1034.8,0.5526,0.8406,16.76,1,0
