sample_id,role,colony,body_mass_g,age_months,resting_metabolic_rate,body_temp_c,hypoxia_survival_min,hyaluronan_mda,cortisol_ng_ml,incisor_wear_score,chirps_per_hour,grooming_events_day,telomere_length_kb,target_a,target_b
NMR-500576,Breeder,Colony-D,44.5,44,0.214,31.5,32.5,5.19,12.82,0.233,34,9,18.92,1,1
NMR-500604,Worker,Colony-E,23.2,64,0.23,31.9,15.3,7.78,19.88,0.343,19,10,21.58,1,1
NMR-500189,Worker,Colony-A,38.4,162,0.223,32.7,18.4,6.6,14.29,0.583,34,17,26.4,1,1
NMR-500027,Worker,Colony-D,32.6,27,0.159,32.7,13.7,6.51,13.16,0.219,27,15,23.63,0,1
NMR-500464,Worker,Colony-A,26.7,116,0.198,33.0,27.7,6.98,11.5,0.411,20,12,17.1,1,1
NMR-500454,Breeder,Colony-D,54.2,60,0.228,32.0,5.4,5.96,13.2,0.411,29,14,21.74,0,1
NMR-500508,Soldier,Colony-C,30.5,39,0.223,31.0,40.4,7.37,8.04,0.23,25,4,20.57,0,1
NMR-500608,Soldier,Colony-D,38.4,22,0.322,32.6,20.5,6.17,36.45,0.243,30,14,18.22,0,1
NMR-500698,Worker,Colony-A,32.1,33,0.37,33.6,17.7,7.72,17.26,0.426,20,11,17.33,0,0
NMR-500121,Worker,Colony-A,24.5,44,0.243,33.8,18.7,5.75,10.37,0.355,23,15,24.0,0,1
NMR-500851,Worker,Colony-A,36.1,46,0.314,33.6,23.9,5.86,21.29,0.426,23,11,21.22,0,0
NMR-500879,Worker,Colony-A,38.1,32,0.307,31.5,16.6,7.52,13.82,0.159,27,13,22.78,1,0
NMR-500039,Soldier,Colony-A,40.1,61,0.216,33.0,26.7,9.5,9.83,0.335,25,12,25.37,1,0
NMR-500573,Worker,Colony-B,29.0,56,0.157,32.4,22.5,7.39,10.51,0.164,24,14,18.85,0,1
NMR-500623,Worker,Colony-B,20.7,51,0.297,32.4,26.4,7.88,29.63,0.312,18,14,24.93,1,0
NMR-500574,Soldier,Colony-C,39.7,74,0.142,32.0,27.4,5.66,4.6,0.35,25,9,24.91,1,0
NMR-500626,Worker,Colony-B,35.9,107,0.26,31.7,11.2,6.59,12.54,0.234,22,10,22.29,0,0
NMR-500524,Queen,Colony-C,37.2,79,0.206,32.0,32.8,8.0,5.48,0.222,32,8,18.32,1,1
NMR-500979,Worker,Colony-C,35.6,27,0.293,32.1,30.1,7.3,11.09,0.652,17,18,20.61,1,1
NMR-500201,Soldier,Colony-B,33.9,45,0.342,33.7,8.6,6.71,6.3,0.22,23,8,23.94,0,0
NMR-500668,Soldier,Colony-E,47.0,33,0.181,32.1,12.2,6.32,7.35,0.335,28,9,23.62,1,1
NMR-500985,Worker,Colony-B,30.9,130,0.267,32.9,17.3,6.42,14.83,0.305,20,18,14.84,0,0
NMR-500520,Soldier,Colony-D,39.7,68,0.421,32.1,12.2,8.03,4.41,0.33,22,10,13.37,0,1
NMR-500199,Soldier,Colony-C,35.5,38,0.356,31.3,23.2,6.66,2.45,0.282,19,14,21.67,1,1
NMR-500210,Worker,Colony-A,30.5,45,0.234,30.6,16.6,6.27,7.79,0.681,29,6,17.4,0,0
NMR-500087,Worker,Colony-D,23.4,58,0.265,31.4,40.8,6.34,11.77,0.382,26,9,14.01,0,1
NMR-500112,Soldier,Colony-C,23.7,73,0.204,32.5,11.2,10.02,15.57,0.251,28,6,19.97,1,1
NMR-500443,Worker,Colony-B,36.7,21,0.297,32.2,13.6,8.14,19.15,0.297,27,12,22.63,0,0
NMR-500056,Soldier,Colony-A,56.0,55,0.307,33.2,40.3,7.25,13.48,0.393,16,14,17.22,1,0
NMR-500850,Soldier,Colony-C,35.4,103,0.174,31.6,15.1,7.1,12.54,0.24,23,10,16.95,0,0
NMR-500947,Queen,Colony-D,44.9,31,0.16,31.3,25.9,5.98,-3.27,0.084,18,15,22.51,1,1
NMR-500981,Worker,Colony-E,39.3,64,0.232,32.4,20.9,6.2,21.56,0.513,16,8,19.11,0,1
NMR-500984,Worker,Colony-A,23.9,58,0.244,31.4,33.5,9.23,17.83,0.355,17,8,25.3,1,1
NMR-500424,Worker,Colony-E,32.0,49,0.27,31.9,16.9,7.32,15.07,0.357,11,7,16.04,0,1
NMR-500400,Worker,Colony-D,29.5,50,0.228,32.5,14.6,7.58,9.96,0.404,27,20,20.95,0,1
NMR-500550,Worker,Colony-A,26.9,83,0.449,32.8,25.1,7.54,12.29,0.176,22,14,20.11,1,1
NMR-500379,Breeder,Colony-A,53.3,45,0.228,32.8,15.6,8.74,8.75,0.154,26,13,20.57,1,0
NMR-500510,Worker,Colony-B,29.0,42,0.191,31.5,28.6,6.18,15.76,0.281,16,15,20.77,1,0
NMR-500503,Worker,Colony-E,32.4,86,0.311,33.4,20.7,5.77,12.84,0.252,16,15,19.14,0,0
NMR-500556,Soldier,Colony-E,37.5,49,0.209,34.2,10.8,6.09,4.57,0.295,24,9,20.6,0,0
NMR-500198,Worker,Colony-D,31.8,93,0.369,30.9,13.4,6.51,14.77,0.267,30,13,18.82,0,0
NMR-500997,Worker,Colony-E,25.5,71,0.226,33.5,16.9,7.32,12.22,0.226,38,13,16.78,0,0
NMR-500742,Soldier,Colony-D,28.9,94,0.369,32.7,8.9,7.11,12.22,0.59,21,10,21.15,0,1
NMR-500650,Worker,Colony-B,31.7,35,0.307,32.7,8.6,6.65,21.9,0.444,23,15,21.69,0,1
NMR-500557,Worker,Colony-B,34.0,88,0.233,31.4,19.5,7.73,23.79,0.226,28,7,19.62,0,1
NMR-500059,Soldier,Colony-A,37.1,60,0.235,31.9,35.3,8.94,16.52,0.184,19,17,23.77,1,1
NMR-500246,Worker,Colony-C,22.2,69,0.315,30.9,15.0,7.68,17.19,0.384,18,14,18.95,0,1
NMR-500104,Soldier,Colony-E,37.2,88,0.331,32.4,23.8,6.84,13.28,0.275,18,10,17.09,0,1
NMR-500445,Worker,Colony-B,30.2,48,0.289,32.8,16.9,5.69,18.12,0.266,26,12,17.98,1,1
NMR-500077,Soldier,Colony-B,36.3,43,0.465,33.1,41.7,7.17,8.25,0.42,20,13,21.48,1,0
NMR-500966,Soldier,Colony-B,35.2,33,0.217,32.8,24.5,5.26,4.73,0.381,24,8,21.15,1,1
NMR-500251,Worker,Colony-C,30.6,54,0.313,32.2,15.0,6.75,15.49,0.415,26,11,21.81,0,1
NMR-500035,Worker,Colony-B,27.3,43,0.282,31.7,25.4,7.24,14.84,0.115,27,15,12.6,1,1
NMR-500496,Worker,Colony-A,31.9,91,0.303,31.1,17.7,8.78,13.21,0.316,27,13,23.92,1,1
NMR-500523,Worker,Colony-A,30.4,162,0.179,32.4,9.1,6.3,7.17,0.618,35,14,22.23,0,0
NMR-500933,Worker,Colony-A,27.3,161,0.215,33.7,12.3,5.82,8.88,0.344,18,11,22.22,0,0
NMR-500408,Worker,Colony-C,34.8,52,0.194,31.9,34.3,5.71,10.51,0.102,17,15,20.35,1,1
NMR-500682,Soldier,Colony-E,37.8,78,0.234,32.6,14.5,7.59,8.39,0.319,21,7,20.57,1,1
NMR-500880,Worker,Colony-D,40.0,41,0.4,32.3,19.6,7.65,28.21,0.039,30,11,23.61,1,0
NMR-500882,Soldier,Colony-E,31.8,75,0.228,31.2,16.6,8.4,7.55,0.407,24,8,22.12,0,1
NMR-500703,Breeder,Colony-C,48.8,79,0.183,31.6,9.3,5.06,9.03,0.55,26,8,26.92,1,0
NMR-500288,Worker,Colony-E,35.2,114,0.207,32.0,23.9,8.46,9.29,0.303,31,14,17.2,1,1
NMR-500105,Worker,Colony-B,21.2,58,0.498,32.7,19.2,6.22,10.11,0.371,18,16,20.0,1,1
NMR-500959,Soldier,Colony-C,28.2,36,0.242,31.7,26.5,5.68,4.55,0.3,33,14,20.62,1,1
NMR-500912,Worker,Colony-B,30.0,46,0.32,32.3,12.5,3.63,14.35,0.2,19,12,20.11,0,0
NMR-500669,Worker,Colony-B,29.0,66,0.237,31.9,23.6,6.55,10.29,0.311,25,11,20.23,1,1
NMR-500888,Worker,Colony-C,34.7,95,0.199,32.4,18.5,5.62,14.18,0.372,25,9,17.31,0,0
NMR-500031,Soldier,Colony-B,30.0,86,0.221,31.2,17.1,4.96,14.19,0.4,24,6,17.75,0,0
NMR-500439,Soldier,Colony-E,27.9,31,0.351,30.9,17.3,7.03,10.3,0.132,39,17,21.27,0,0
NMR-500857,Worker,Colony-A,36.1,65,0.452,33.7,18.7,4.39,7.7,0.638,28,11,16.89,0,0
NMR-500268,Soldier,Colony-E,30.6,25,0.516,32.5,15.7,6.38,19.12,0.137,25,9,20.78,0,1
NMR-500852,Soldier,Colony-C,31.9,25,0.24,32.2,17.4,7.15,6.61,0.326,19,6,20.07,1,0
NMR-500522,Worker,Colony-C,24.7,162,0.247,33.0,15.5,7.03,12.85,0.46,27,9,18.2,0,1
NMR-500040,Worker,Colony-A,39.7,29,0.31,31.2,40.7,8.2,20.95,0.153,26,14,19.6,1,0
NMR-500255,Worker,Colony-E,26.0,77,0.217,32.5,22.6,7.23,11.41,0.369,28,7,21.44,0,1
NMR-500419,Queen,Colony-C,42.1,41,0.234,31.3,15.7,6.87,0.22,0.273,22,9,18.47,0,0
NMR-500999,Breeder,Colony-E,37.1,51,0.324,32.0,30.2,9.42,4.98,0.36,24,11,21.94,1,1
NMR-500275,Breeder,Colony-C,36.0,45,0.27,31.5,19.7,7.16,7.01,0.232,25,10,15.36,0,0
NMR-500935,Soldier,Colony-D,44.2,63,0.274,32.2,22.1,6.76,11.03,0.178,30,9,17.72,0,1
NMR-500415,Worker,Colony-B,34.5,52,0.205,32.6,14.1,5.85,23.14,0.328,33,21,22.4,1,1
NMR-500916,Soldier,Colony-B,31.6,48,0.163,31.3,12.8,7.04,7.73,0.468,22,7,17.04,0,1
NMR-500032,Breeder,Colony-A,42.8,58,0.354,31.7,15.0,6.82,10.64,0.159,31,14,21.45,0,1
NMR-500274,Soldier,Colony-E,45.8,107,0.341,32.8,23.1,4.38,4.27,0.317,32,9,19.28,0,0
NMR-500973,Soldier,Colony-A,30.0,28,0.304,33.2,14.6,6.11,16.65,0.26,19,9,22.37,0,1
NMR-500095,Worker,Colony-E,30.3,29,0.269,32.5,16.1,6.47,10.36,0.281,27,14,16.16,0,1
NMR-500129,Worker,Colony-B,26.4,47,0.234,32.6,12.7,6.23,14.53,0.469,37,10,22.2,0,1
NMR-500423,Worker,Colony-E,37.0,106,0.278,31.7,32.2,8.43,7.23,0.435,23,9,18.22,0,1
NMR-500953,Soldier,Colony-C,48.0,37,0.215,32.1,28.0,6.8,6.94,0.25,21,8,23.57,1,1
NMR-500738,Soldier,Colony-A,32.3,32,0.267,31.4,11.3,5.71,6.95,0.185,24,6,24.18,1,0
NMR-500467,Soldier,Colony-C,34.7,41,0.262,31.3,33.0,7.17,14.85,0.385,27,8,22.26,1,0
NMR-500690,Worker,Colony-D,34.1,71,0.301,32.3,16.7,6.56,7.73,0.347,27,6,17.03,0,1
NMR-500816,Worker,Colony-E,29.2,91,0.436,32.0,15.9,7.85,7.7,0.458,24,13,14.1,0,1
NMR-500249,Soldier,Colony-E,42.1,65,0.35,31.7,33.7,7.43,9.12,0.305,20,11,19.75,1,1
NMR-500567,Soldier,Colony-C,38.5,73,0.132,31.8,8.3,5.83,7.2,0.315,24,13,19.68,0,0
NMR-500833,Worker,Colony-E,23.9,61,0.214,32.9,13.4,5.53,12.23,0.348,15,11,21.87,0,0
NMR-500366,Worker,Colony-D,26.9,109,0.176,32.0,17.0,7.16,7.62,0.171,16,12,17.5,0,1
NMR-500836,Soldier,Colony-D,37.6,75,0.406,32.4,23.1,7.54,12.76,0.237,30,14,22.22,1,1
NMR-500891,Soldier,Colony-A,36.4,32,0.155,29.7,11.9,8.35,16.81,0.317,27,11,21.43,1,0
NMR-500477,Soldier,Colony-E,29.6,39,0.347,31.6,19.7,7.88,21.1,0.192,26,10,17.46,0,0
NMR-500422,Soldier,Colony-A,45.1,42,0.394,32.5,19.4,7.72,5.73,0.108,18,9,19.98,0,1
NMR-500229,Soldier,Colony-C,21.3,42,0.338,33.0,10.1,5.08,13.15,0.084,23,13,19.76,0,1
NMR-500453,Soldier,Colony-C,26.9,65,0.185,32.4,11.5,6.92,7.28,0.517,25,13,21.54,0,1
NMR-500837,Breeder,Colony-D,35.3,25,0.204,32.4,20.1,4.18,7.01,0.441,23,10,25.2,1,1
NMR-500986,Soldier,Colony-A,34.3,69,0.267,31.9,12.8,6.25,11.45,0.471,20,16,27.2,0,1
NMR-500988,Queen,Colony-C,43.3,77,0.22,32.9,25.0,6.3,4.3,0.275,22,10,20.34,1,1
NMR-500382,Worker,Colony-C,34.4,31,0.347,32.8,25.4,6.98,14.39,0.357,27,15,20.2,1,1
NMR-500107,Breeder,Colony-E,35.7,49,0.184,31.6,12.1,8.14,12.87,0.192,18,8,25.18,1,1
NMR-500633,Worker,Colony-B,25.7,35,0.216,30.6,28.6,7.33,27.84,0.351,27,6,21.57,1,0
NMR-500838,Breeder,Colony-A,40.8,33,0.43,30.4,7.8,6.56,5.05,0.284,19,6,18.35,0,0
NMR-500729,Worker,Colony-A,29.3,85,0.156,31.7,17.0,5.86,16.76,0.34,26,12,18.75,1,0
NMR-500646,Soldier,Colony-C,30.1,88,0.296,31.5,17.8,6.21,5.83,0.214,14,9,18.41,0,0
NMR-500770,Soldier,Colony-C,38.2,74,0.183,31.3,9.4,5.79,11.12,0.167,27,6,18.42,0,1
NMR-500200,Soldier,Colony-A,38.6,43,0.159,32.5,21.8,8.47,10.3,0.675,22,8,21.8,1,0
NMR-500322,Worker,Colony-C,39.5,96,0.197,31.4,13.6,6.17,7.41,0.115,26,9,17.43,0,0
NMR-500361,Worker,Colony-A,16.2,79,0.331,31.9,15.8,7.47,10.33,0.201,22,12,26.4,1,1
NMR-500699,Soldier,Colony-D,40.8,72,0.162,32.9,21.8,8.26,3.14,0.236,28,9,20.57,1,1
NMR-500807,Soldier,Colony-E,23.8,120,0.317,32.6,10.5,6.82,9.96,0.229,21,7,21.02,0,1
NMR-500167,Worker,Colony-C,28.1,52,0.196,32.3,15.2,8.37,19.76,0.257,16,11,19.97,0,1
NMR-500327,Queen,Colony-B,37.5,80,0.257,31.2,25.4,6.49,13.14,0.396,23,13,21.08,1,0
NMR-500054,Worker,Colony-B,33.2,68,0.259,32.1,16.2,7.43,7.28,0.339,19,9,22.18,0,1
NMR-500695,Worker,Colony-B,32.9,25,0.167,30.5,35.2,4.78,6.74,0.405,25,8,17.3,0,1
NMR-500637,Worker,Colony-B,25.6,63,0.187,31.8,26.4,7.36,20.3,0.367,25,9,23.93,1,1
NMR-500732,Worker,Colony-B,35.4,44,0.276,33.2,16.4,7.45,10.05,0.406,30,10,22.38,1,0
NMR-500865,Worker,Colony-D,22.4,58,0.334,32.1,11.3,6.32,16.28,0.223,25,10,20.61,0,0
NMR-500004,Soldier,Colony-B,46.8,78,0.32,32.8,16.0,7.29,4.84,0.221,23,13,18.68,0,1
NMR-500348,Soldier,Colony-C,38.9,63,0.503,31.7,10.5,7.63,7.74,0.355,24,10,17.1,0,1
NMR-500213,Worker,Colony-D,23.8,58,0.146,31.1,24.4,4.87,12.39,0.301,18,9,17.95,1,0
NMR-500775,Worker,Colony-E,26.7,44,0.257,33.0,34.0,7.16,10.88,0.403,26,11,18.92,0,1
NMR-500611,Worker,Colony-E,24.4,84,0.357,32.6,10.3,7.83,12.18,0.234,33,13,18.48,0,1
NMR-500872,Worker,Colony-B,32.3,25,0.281,32.3,23.8,7.13,12.81,0.256,26,9,19.21,0,1
NMR-500407,Breeder,Colony-D,43.5,76,0.284,31.1,14.9,6.38,4.11,0.27,23,9,25.32,0,0
NMR-500446,Worker,Colony-E,31.0,53,0.183,32.0,21.7,6.66,25.66,0.386,22,12,20.13,1,1
NMR-500492,Worker,Colony-D,26.6,56,0.331,33.0,10.8,7.54,23.8,0.368,26,9,14.31,0,0
NMR-500094,Soldier,Colony-E,30.4,66,0.25,30.9,20.3,6.5,21.95,0.188,26,10,22.96,0,0
NMR-500197,Worker,Colony-D,30.2,88,0.302,32.7,18.5,7.5,14.11,0.135,21,18,19.0,0,1
NMR-500620,Queen,Colony-E,38.1,63,0.178,33.0,22.0,4.82,10.19,0.214,26,14,15.11,1,0
NMR-500810,Worker,Colony-A,28.0,55,0.239,32.1,37.3,6.9,15.72,0.319,30,19,19.59,1,1
NMR-500593,Worker,Colony-D,23.9,57,0.257,32.1,16.3,2.95,9.93,0.205,18,10,18.5,1,0
NMR-500868,Worker,Colony-D,36.9,55,0.232,33.5,20.6,6.94,24.11,0.419,20,7,11.91,0,0
NMR-500458,Worker,Colony-C,26.5,41,0.63,33.5,19.7,4.27,9.18,0.444,23,14,16.53,0,1
NMR-500154,Soldier,Colony-B,31.0,33,0.17,33.0,28.1,6.64,16.06,0.072,21,9,25.74,1,0
NMR-500297,Worker,Colony-E,26.1,23,0.257,33.7,25.3,6.6,18.32,0.437,18,10,16.5,1,0
NMR-500713,Breeder,Colony-B,35.8,87,0.422,32.4,13.3,8.32,10.09,0.348,26,11,21.82,0,1
NMR-500146,Worker,Colony-A,26.9,42,0.304,34.5,19.7,5.22,12.65,0.094,19,11,21.95,0,1
NMR-500211,Worker,Colony-E,27.1,87,0.256,33.7,13.5,6.7,16.51,0.253,25,19,20.25,1,0
NMR-500011,Worker,Colony-B,28.1,47,0.39,31.5,17.0,7.18,10.66,0.208,25,14,16.13,0,1
NMR-500044,Worker,Colony-E,36.8,76,0.184,32.8,17.7,6.87,9.69,0.106,33,6,19.33,0,0
NMR-500305,Soldier,Colony-B,35.7,54,0.33,32.1,19.4,4.85,13.73,0.315,38,9,20.5,0,1
NMR-500052,Worker,Colony-D,28.2,40,0.48,31.8,35.3,6.24,14.55,0.697,23,11,23.89,1,1
NMR-500978,Breeder,Colony-B,38.2,74,0.104,33.2,21.0,8.17,-0.87,0.444,26,13,16.8,1,1
NMR-500504,Soldier,Colony-E,32.3,38,0.227,32.4,15.6,5.04,9.12,0.241,25,11,25.91,1,1
NMR-500160,Breeder,Colony-A,41.8,43,0.274,32.4,33.9,6.58,6.51,0.18,22,16,18.93,1,1
NMR-500184,Worker,Colony-C,31.7,31,0.244,32.9,14.5,8.8,19.74,0.234,32,10,18.02,1,0
NMR-500793,Soldier,Colony-C,27.3,110,0.382,32.5,15.7,4.68,5.53,0.423,17,9,19.63,0,0
NMR-500069,Soldier,Colony-A,34.1,80,0.155,31.5,23.8,6.55,7.57,0.138,26,11,22.98,1,0
NMR-500590,Breeder,Colony-D,45.1,71,0.421,33.0,32.4,5.58,10.74,0.243,24,16,23.84,1,1
NMR-500802,Worker,Colony-D,32.3,49,0.272,31.3,13.6,5.53,14.99,0.38,20,9,21.87,1,0
NMR-500243,Worker,Colony-A,37.5,51,0.295,33.1,37.5,6.98,11.6,0.161,23,18,19.79,1,0
NMR-500145,Soldier,Colony-D,34.5,41,0.376,32.0,17.6,7.95,23.45,0.236,15,11,23.36,1,0
NMR-500861,Worker,Colony-A,31.5,69,0.298,34.0,30.3,7.74,13.16,0.134,14,12,16.19,1,0
NMR-500677,Worker,Colony-D,35.5,31,0.224,32.1,19.0,8.04,11.44,0.436,24,13,18.73,1,0
NMR-500063,Worker,Colony-B,37.9,134,0.325,33.0,8.9,5.65,15.2,0.205,30,21,16.65,0,0
NMR-500224,Worker,Colony-D,26.9,45,0.351,32.4,22.8,7.09,23.52,0.346,29,8,15.97,0,1
NMR-500269,Soldier,Colony-E,35.1,50,0.203,33.2,26.2,4.8,6.8,0.316,28,6,20.07,0,1
NMR-500801,Worker,Colony-A,39.7,57,0.277,32.6,15.6,4.99,21.19,0.236,19,9,17.43,0,1
NMR-500839,Soldier,Colony-E,30.0,48,0.286,30.5,9.9,7.61,8.39,0.336,23,13,21.47,0,0
NMR-500281,Worker,Colony-B,35.4,42,0.269,30.3,16.4,5.4,27.71,0.408,21,12,16.38,0,0
NMR-500217,Worker,Colony-A,27.6,25,0.205,32.7,41.3,7.6,16.49,0.227,21,7,17.49,1,0
NMR-500948,Worker,Colony-D,39.7,64,0.169,32.3,15.7,6.28,15.1,0.067,22,11,14.79,0,1
NMR-500542,Breeder,Colony-D,45.5,38,0.432,33.5,20.1,7.0,5.84,0.285,20,13,18.35,0,0
NMR-500643,Worker,Colony-C,22.9,63,0.295,32.6,6.5,6.09,11.41,0.225,16,10,18.11,0,1
NMR-500743,Worker,Colony-B,30.0,33,0.306,31.6,11.0,6.03,8.63,0.199,26,11,20.72,0,1
NMR-500433,Worker,Colony-E,31.5,92,0.353,33.8,14.4,7.65,9.84,0.168,33,10,21.46,1,1
NMR-500721,Queen,Colony-A,43.3,28,0.103,33.1,22.8,6.21,2.32,0.521,17,10,18.06,1,1
NMR-500814,Worker,Colony-B,31.0,82,0.173,33.8,7.4,7.47,9.48,0.424,28,6,17.62,0,0
NMR-500883,Worker,Colony-E,20.9,37,0.258,31.0,15.0,5.8,6.76,0.162,25,13,20.38,0,0
NMR-500074,Worker,Colony-C,33.3,107,0.199,31.2,24.3,4.97,10.43,0.245,26,9,16.94,1,0
NMR-500073,Worker,Colony-E,30.6,54,0.341,31.2,12.8,7.07,7.4,0.245,27,17,25.19,0,1
NMR-500440,Breeder,Colony-C,46.8,94,0.216,31.6,14.5,7.63,11.74,0.421,20,7,23.43,0,1
NMR-500726,Worker,Colony-E,35.3,68,0.23,31.3,10.7,4.77,20.15,0.347,22,17,19.15,0,0
NMR-500546,Worker,Colony-D,34.8,47,0.197,30.7,10.6,6.43,17.48,0.147,24,16,21.37,0,0
NMR-500812,Soldier,Colony-E,35.5,77,0.308,32.6,29.6,6.37,9.0,0.336,22,16,23.83,1,1
NMR-500141,Soldier,Colony-B,39.0,55,0.314,32.5,17.6,6.52,13.4,0.286,20,13,26.1,0,1
NMR-500645,Breeder,Colony-A,55.5,101,0.232,32.3,28.0,6.76,4.41,0.415,26,13,22.06,0,1
NMR-500003,Breeder,Colony-A,50.0,32,0.308,32.2,16.9,5.93,3.76,0.11,24,8,18.82,0,1
NMR-500718,Soldier,Colony-A,31.0,62,0.135,32.2,19.7,9.23,7.01,0.285,24,9,14.25,1,1
NMR-500123,Worker,Colony-D,42.6,63,0.221,32.4,35.7,6.55,10.53,0.332,24,4,17.36,1,1
NMR-500665,Breeder,Colony-A,32.0,90,0.194,32.6,14.1,6.15,11.22,0.079,27,7,14.0,0,1
NMR-500099,Soldier,Colony-B,24.1,97,0.433,32.0,13.0,5.5,15.58,0.369,23,9,18.4,0,0
NMR-500233,Queen,Colony-A,51.0,28,0.31,32.8,7.7,7.26,2.62,0.242,28,13,16.43,0,0
NMR-500232,Worker,Colony-C,32.4,61,0.493,31.2,12.7,6.24,8.35,0.308,29,11,15.12,0,0
NMR-500076,Soldier,Colony-A,33.4,23,0.26,31.4,49.2,5.75,6.04,0.461,15,12,20.47,1,1
NMR-500047,Worker,Colony-D,40.1,35,0.225,31.4,8.2,5.46,17.5,0.347,23,11,21.68,1,1
NMR-500570,Soldier,Colony-A,29.3,30,0.273,34.0,18.1,5.89,8.73,0.179,16,13,15.06,0,0
NMR-500654,Worker,Colony-B,37.6,51,0.187,31.2,25.4,6.92,12.94,0.382,25,16,19.2,1,0
NMR-500239,Worker,Colony-E,15.4,43,0.251,31.2,19.4,7.93,16.97,0.387,26,11,16.43,0,0
NMR-500156,Queen,Colony-A,32.9,62,0.178,31.6,21.2,7.18,7.21,0.328,34,12,19.43,1,0
NMR-500143,Worker,Colony-D,33.3,95,0.212,32.3,38.1,7.04,10.54,0.304,18,13,23.68,1,1
NMR-500180,Worker,Colony-C,33.7,80,0.168,31.1,6.8,4.87,8.03,0.507,26,13,18.05,1,0
NMR-500472,Worker,Colony-E,21.7,60,0.312,29.8,11.4,8.24,10.35,0.332,19,15,22.93,0,0
NMR-500131,Breeder,Colony-A,34.8,38,0.261,33.4,14.3,7.14,6.06,0.3,25,7,17.23,0,0
NMR-500402,Breeder,Colony-D,23.9,77,0.286,32.8,8.9,5.21,3.64,0.551,19,13,24.99,1,0
NMR-500779,Worker,Colony-B,31.8,56,0.227,32.2,13.7,9.59,16.26,0.331,25,14,18.62,0,1
NMR-500411,Worker,Colony-B,34.0,86,0.495,31.4,17.3,6.5,10.16,0.282,21,11,18.24,0,0
NMR-500403,Breeder,Colony-E,35.4,63,0.259,31.0,14.8,8.42,7.99,0.264,24,16,21.52,0,0
NMR-500277,Soldier,Colony-D,37.0,38,0.255,33.2,9.7,6.93,6.49,0.221,29,10,24.78,1,1
NMR-500317,Worker,Colony-C,21.5,27,0.233,31.7,19.4,7.18,11.46,0.237,19,11,16.19,0,0
NMR-500950,Worker,Colony-A,24.2,108,0.223,29.8,21.8,7.79,12.62,0.267,21,7,14.58,1,1
NMR-500568,Worker,Colony-B,34.4,43,0.293,31.5,27.5,8.38,10.02,0.389,24,9,15.48,0,1
NMR-500441,Soldier,Colony-D,30.7,57,0.281,32.3,15.5,6.06,17.73,0.353,19,8,17.05,0,1
NMR-500512,Worker,Colony-C,36.7,54,0.204,32.9,25.1,7.44,14.86,0.445,25,16,20.8,0,0
NMR-500330,Worker,Colony-E,22.5,25,0.3,30.8,14.0,7.65,28.57,0.195,22,13,22.81,1,0
NMR-500694,Worker,Colony-B,31.6,65,0.182,33.8,23.1,5.0,9.5,0.289,26,13,18.12,0,0
NMR-500994,Worker,Colony-C,24.6,35,0.183,32.0,8.7,8.31,9.41,0.188,26,7,24.17,1,0
NMR-500791,Worker,Colony-A,33.6,41,0.213,33.7,24.5,5.78,10.25,0.149,16,15,19.16,0,1
NMR-500736,Soldier,Colony-D,46.5,38,0.331,32.8,17.3,10.1,8.26,0.076,34,14,16.01,0,0
NMR-500781,Soldier,Colony-C,28.3,46,0.37,33.3,22.8,7.96,6.78,0.487,20,7,21.13,0,0
NMR-500185,Soldier,Colony-B,47.3,95,0.227,31.5,6.9,5.54,6.85,0.196,22,10,17.68,0,0
NMR-500172,Breeder,Colony-A,40.6,109,0.212,33.1,25.9,7.92,5.3,0.265,18,16,22.73,1,1
NMR-500470,Worker,Colony-C,37.0,46,0.353,32.0,18.6,7.55,7.82,0.348,15,10,25.7,1,0
NMR-500577,Soldier,Colony-E,41.9,56,0.297,31.9,31.9,7.68,5.21,0.124,21,8,21.54,1,1
NMR-500630,Worker,Colony-E,30.0,46,0.184,33.3,20.0,6.86,11.48,0.196,23,9,18.55,0,0
NMR-500719,Worker,Colony-E,24.6,66,0.293,32.0,49.9,7.75,11.35,0.327,23,8,17.02,0,1
NMR-500447,Worker,Colony-D,39.2,73,0.487,31.4,14.8,7.19,9.26,0.139,23,11,18.68,0,0
NMR-500283,Soldier,Colony-B,38.2,87,0.253,32.8,21.9,8.15,9.8,0.159,16,10,22.97,0,1
NMR-500765,Worker,Colony-E,16.0,82,0.324,32.3,11.7,6.74,9.93,0.356,19,12,21.21,0,1
NMR-500126,Soldier,Colony-A,40.0,63,0.2,32.6,26.4,5.65,8.01,0.539,19,8,20.58,1,1
NMR-500701,Worker,Colony-B,27.4,94,0.228,32.7,8.8,6.78,13.23,0.268,17,7,19.9,0,1
NMR-500939,Soldier,Colony-A,33.5,66,0.239,32.3,9.1,5.16,6.32,0.317,24,6,16.98,0,1
NMR-500963,Worker,Colony-C,23.4,18,0.292,33.0,48.8,6.65,9.01,0.395,12,12,21.84,1,1
NMR-500911,Worker,Colony-E,23.4,43,0.393,33.1,14.8,8.12,13.07,0.485,16,18,18.78,1,0
NMR-500866,Worker,Colony-D,29.0,173,0.512,30.8,7.6,4.75,8.44,0.176,27,18,17.09,0,0
NMR-500026,Worker,Colony-B,29.7,68,0.276,34.0,9.6,6.46,15.19,0.332,28,16,18.13,0,0
NMR-500617,Worker,Colony-B,22.4,44,0.185,32.1,23.3,6.78,22.63,0.309,19,14,16.69,0,1
NMR-500148,Worker,Colony-B,23.6,36,0.309,31.9,14.8,5.46,13.75,0.397,17,6,24.77,0,1
NMR-501000,Breeder,Colony-D,44.3,67,0.245,34.6,16.0,7.56,1.98,0.212,27,8,24.18,1,0
NMR-500666,Worker,Colony-D,22.1,56,0.27,32.5,20.0,5.39,9.58,0.369,22,16,22.29,1,1
NMR-500450,Worker,Colony-C,24.8,19,0.309,32.8,32.9,5.98,10.13,0.31,24,9,21.55,1,1
NMR-500980,Worker,Colony-E,40.4,61,0.243,31.6,16.2,7.05,7.41,0.146,23,8,23.09,1,1
NMR-500687,Soldier,Colony-C,32.6,61,0.146,32.3,35.6,6.41,15.29,0.387,24,8,17.82,1,1
NMR-500526,Soldier,Colony-A,42.0,40,0.196,32.2,13.5,8.57,24.31,0.147,28,13,19.75,0,1
NMR-500309,Breeder,Colony-C,32.4,70,0.238,32.1,9.9,7.31,4.57,0.127,20,18,17.99,0,1
NMR-500970,Worker,Colony-B,32.1,135,0.177,31.1,13.8,9.01,17.62,0.43,24,8,20.42,0,1
NMR-500811,Worker,Colony-E,21.6,72,0.216,31.0,16.4,6.72,11.8,0.206,19,11,17.35,0,0
NMR-500373,Worker,Colony-A,26.7,73,0.174,33.0,23.8,6.74,6.44,0.243,27,18,20.26,1,0
NMR-500975,Worker,Colony-A,26.2,33,0.209,30.7,9.2,8.25,10.19,0.333,24,10,17.73,0,0
NMR-500111,Worker,Colony-B,34.6,48,0.334,30.6,19.8,7.73,12.13,0.335,25,8,17.38,0,0
NMR-500869,Worker,Colony-D,42.7,94,0.413,31.9,12.1,4.63,17.13,0.376,24,7,18.72,0,0
NMR-500460,Worker,Colony-E,23.3,38,0.239,32.5,12.9,6.23,15.29,0.247,29,10,16.83,0,1
NMR-500034,Soldier,Colony-D,26.8,82,0.223,33.1,15.3,6.37,6.32,0.344,27,13,21.66,1,0
NMR-500561,Worker,Colony-D,35.2,70,0.195,32.0,21.6,5.18,9.68,0.388,20,15,13.72,0,0
NMR-500927,Worker,Colony-D,25.3,31,0.178,34.3,17.3,6.97,10.84,0.406,13,8,10.69,0,0
NMR-500903,Soldier,Colony-B,38.5,38,0.273,30.9,12.1,5.59,11.38,0.368,21,12,21.73,0,1
NMR-500635,Worker,Colony-E,27.4,61,0.301,33.1,18.3,5.12,5.88,0.161,27,13,20.31,1,1
NMR-500594,Soldier,Colony-A,43.3,40,0.168,31.8,39.9,5.78,1.65,0.121,24,12,20.67,1,1
NMR-500019,Worker,Colony-C,23.6,35,0.238,29.3,18.1,5.89,10.6,0.326,19,9,15.1,0,0
NMR-500109,Worker,Colony-C,36.7,33,0.239,34.0,7.6,7.61,10.53,0.137,16,13,20.71,0,0
NMR-500826,Worker,Colony-B,20.1,55,0.236,33.2,37.2,8.36,10.22,0.199,25,15,22.36,1,0
NMR-500795,Worker,Colony-E,42.4,98,0.241,32.6,16.1,6.86,8.97,0.361,23,10,19.7,1,1
NMR-500932,Soldier,Colony-B,37.2,17,0.261,32.6,37.1,5.45,4.08,0.311,23,12,21.95,1,1
NMR-500060,Worker,Colony-D,20.5,44,0.165,32.0,17.2,7.61,12.03,0.453,30,17,20.17,1,0
NMR-500928,Worker,Colony-E,21.1,38,0.222,33.1,10.2,7.33,9.1,0.087,20,14,21.82,1,0
NMR-500314,Soldier,Colony-A,38.6,44,0.23,31.2,25.4,7.11,19.27,0.257,33,11,23.4,1,0
NMR-500434,Worker,Colony-B,32.2,94,0.304,32.9,10.1,7.56,11.47,0.225,26,18,18.76,0,1
NMR-500020,Worker,Colony-C,34.9,49,0.151,31.8,15.1,7.02,9.46,0.301,24,11,15.36,0,1
NMR-500072,Worker,Colony-E,40.3,23,0.13,32.1,10.8,6.6,9.46,0.191,32,12,22.57,1,1
NMR-500846,Breeder,Colony-D,48.7,46,0.131,33.6,23.2,6.19,9.34,0.287,21,14,19.4,1,0
NMR-500930,Worker,Colony-B,38.7,55,0.173,32.7,11.1,4.67,14.32,0.312,29,9,21.87,0,1
NMR-500234,Queen,Colony-D,41.3,56,0.381,31.1,29.5,6.38,11.27,0.284,21,9,22.96,1,0
NMR-500753,Worker,Colony-A,27.7,84,0.275,34.8,9.3,7.11,12.0,0.536,20,7,20.01,1,0
NMR-500974,Soldier,Colony-B,44.1,46,0.223,33.0,13.9,8.61,4.65,0.073,29,14,21.45,1,0
NMR-500083,Soldier,Colony-A,39.4,66,0.313,32.1,11.6,6.58,10.54,0.196,19,10,24.01,1,1
NMR-500326,Breeder,Colony-B,39.5,34,0.505,32.8,25.6,7.33,5.51,0.326,28,14,22.14,1,0
NMR-500638,Soldier,Colony-B,33.1,53,0.32,32.0,15.1,5.09,10.59,0.362,17,16,19.26,0,1
NMR-500414,Worker,Colony-A,37.6,37,0.309,32.1,15.7,7.76,16.35,0.065,27,12,16.12,0,0
NMR-500884,Worker,Colony-E,19.6,67,0.244,31.5,28.7,7.2,11.16,0.363,16,11,25.53,1,0
NMR-500904,Worker,Colony-E,41.0,30,0.166,31.8,15.5,5.88,8.93,0.311,26,9,18.91,0,1
NMR-500855,Worker,Colony-E,29.7,54,0.244,31.7,14.4,7.53,13.28,0.687,26,13,18.61,1,1
NMR-500667,Soldier,Colony-D,22.1,67,0.262,34.1,11.1,6.98,13.04,0.261,18,13,23.26,1,0
NMR-500125,Worker,Colony-C,22.5,43,0.254,31.7,18.7,5.99,16.84,0.213,20,7,23.23,1,1
NMR-500368,Worker,Colony-C,48.0,33,0.169,31.5,24.0,6.56,9.64,0.364,18,14,24.92,1,1
NMR-500864,Worker,Colony-E,30.8,81,0.37,32.5,27.7,6.68,11.49,0.383,22,13,20.69,0,1
NMR-500913,Worker,Colony-E,28.8,32,0.537,33.7,10.2,7.06,8.4,0.13,23,11,20.75,0,1
NMR-500065,Worker,Colony-A,28.1,77,0.267,32.1,27.1,9.06,18.09,0.391,29,8,15.9,0,1
NMR-500194,Worker,Colony-A,22.9,99,0.427,32.0,18.0,5.23,9.21,0.385,23,13,18.87,1,0
NMR-500658,Worker,Colony-C,24.7,34,0.225,31.1,14.5,7.02,13.9,0.468,25,22,23.01,1,0
NMR-500625,Worker,Colony-E,29.2,32,0.379,33.9,36.5,8.04,9.95,0.062,16,10,18.53,1,0
NMR-500585,Breeder,Colony-C,53.4,48,0.178,31.8,13.9,6.94,8.88,0.595,22,9,18.25,1,1
NMR-500509,Worker,Colony-A,31.7,40,0.303,32.1,11.3,6.78,17.85,0.358,28,11,21.82,0,1
NMR-500621,Worker,Colony-C,24.6,66,0.263,32.1,14.4,5.31,8.17,0.483,24,8,15.45,1,0
NMR-500466,Worker,Colony-C,43.0,44,0.348,33.2,21.0,6.36,17.79,0.212,31,6,22.79,1,1
NMR-500843,Worker,Colony-C,24.6,56,0.276,31.2,18.6,5.51,8.39,0.106,23,9,19.23,0,0
NMR-500784,Soldier,Colony-B,45.7,108,0.196,32.6,26.0,5.2,7.5,0.361,27,11,18.15,1,0
NMR-500854,Soldier,Colony-B,18.5,90,0.128,32.6,26.7,6.59,12.57,0.199,32,12,19.72,1,1
NMR-500588,Worker,Colony-D,21.0,56,0.165,33.3,14.3,6.84,9.71,0.452,28,13,24.92,0,0
NMR-500137,Soldier,Colony-E,30.5,80,0.411,32.0,23.1,5.4,3.27,0.137,19,8,19.87,0,0
NMR-500831,Worker,Colony-C,28.7,26,0.256,31.1,27.5,6.42,17.12,0.347,19,10,28.2,1,1
NMR-500193,Worker,Colony-B,24.7,78,0.238,32.7,34.8,6.42,15.09,0.323,27,10,15.72,0,1
NMR-500777,Worker,Colony-E,16.9,30,0.277,33.7,9.9,6.53,17.14,0.624,19,11,22.14,0,0
NMR-500957,Worker,Colony-A,16.9,123,0.191,32.4,35.8,9.58,10.09,0.233,22,7,16.63,1,1
NMR-500409,Breeder,Colony-D,40.6,38,0.196,31.3,11.9,6.09,9.05,0.364,30,7,16.51,0,0
NMR-500041,Soldier,Colony-B,32.0,51,0.302,33.4,34.2,7.36,7.95,0.26,25,13,17.42,0,0
NMR-500296,Soldier,Colony-B,30.4,56,0.249,31.1,12.0,6.43,6.72,0.101,22,14,22.13,1,0
NMR-500692,Soldier,Colony-C,25.3,43,0.312,32.3,24.4,6.16,10.79,0.306,20,7,19.2,1,1
NMR-500128,Queen,Colony-D,42.7,11,0.198,32.5,5.8,7.47,-0.06,0.407,22,11,16.04,0,0
NMR-500525,Worker,Colony-D,25.9,127,0.221,32.0,21.7,6.8,19.89,0.204,28,13,18.06,1,1
NMR-500529,Worker,Colony-E,38.6,61,0.156,32.8,30.2,7.39,14.16,0.198,22,10,23.79,1,1
NMR-500506,Worker,Colony-C,28.3,21,0.305,31.4,34.3,7.29,12.09,0.349,29,11,24.56,1,0
NMR-500786,Worker,Colony-B,38.6,56,0.192,32.1,12.1,8.31,13.01,0.403,19,17,15.43,0,1
NMR-500532,Worker,Colony-C,29.1,44,0.179,31.2,18.6,8.28,12.52,0.224,28,12,24.07,1,0
NMR-500173,Worker,Colony-D,36.3,94,0.188,32.8,10.3,6.7,10.74,0.464,20,15,18.49,0,1
NMR-500697,Worker,Colony-B,38.6,46,0.2,32.4,52.3,8.76,17.78,0.083,16,12,19.5,1,1
NMR-500264,Worker,Colony-A,41.4,97,0.269,32.2,17.8,6.33,11.33,0.281,26,16,19.45,0,1
NMR-500009,Queen,Colony-E,45.3,52,0.326,32.7,18.2,6.88,13.78,0.198,33,10,16.74,0,1
NMR-500462,Worker,Colony-D,26.9,29,0.286,30.9,21.2,6.67,8.43,0.437,25,10,16.41,1,0
NMR-500324,Worker,Colony-C,21.6,121,0.421,33.4,35.1,6.61,6.97,0.197,28,10,15.15,0,0
NMR-500038,Worker,Colony-D,27.5,68,0.322,31.2,14.6,8.47,10.42,0.124,18,16,19.92,0,1
NMR-500030,Worker,Colony-A,32.8,31,0.256,32.8,8.4,5.13,7.18,0.182,27,9,22.91,0,1
NMR-500613,Worker,Colony-E,31.9,12,0.217,31.1,13.9,6.49,10.96,0.426,23,9,16.6,1,0
NMR-500686,Soldier,Colony-A,31.9,30,0.185,31.0,34.2,5.39,2.6,0.234,24,5,22.25,1,1
NMR-500798,Worker,Colony-A,33.1,51,0.225,32.0,15.0,4.47,18.32,0.182,25,13,22.29,1,1
NMR-500619,Soldier,Colony-A,38.7,75,0.242,32.1,11.5,6.05,5.89,0.3,28,12,17.1,1,1
NMR-500048,Worker,Colony-E,29.3,86,0.248,32.3,14.5,5.94,8.48,0.15,25,14,26.66,1,0
NMR-500484,Worker,Colony-B,31.1,111,0.242,32.0,13.4,5.37,13.39,0.456,19,12,22.55,1,0
NMR-500133,Worker,Colony-D,23.9,167,0.363,32.6,15.4,7.01,12.78,0.157,24,16,21.27,0,0
NMR-500325,Soldier,Colony-A,32.3,50,0.155,33.0,22.4,6.1,21.66,0.317,26,18,18.27,1,0
NMR-500894,Soldier,Colony-D,39.4,57,0.368,30.8,15.9,7.78,10.28,0.358,20,9,21.6,0,0
NMR-500581,Worker,Colony-A,31.7,53,0.141,31.5,39.8,7.15,9.78,0.331,23,16,15.86,1,0
NMR-500768,Worker,Colony-B,37.9,34,0.15,31.7,11.9,7.69,19.28,0.249,23,10,22.14,1,0
NMR-500480,Breeder,Colony-C,44.3,55,0.205,31.3,18.9,7.32,4.57,0.255,28,14,21.21,1,1
NMR-500755,Worker,Colony-C,29.9,59,0.208,31.8,22.5,4.95,10.45,0.235,23,15,22.86,1,1
NMR-500898,Soldier,Colony-B,36.9,80,0.366,33.2,17.7,6.37,7.29,0.048,39,12,18.62,0,0
NMR-500389,Worker,Colony-E,18.0,78,0.221,32.6,14.9,7.66,10.64,0.269,24,9,19.22,0,1
NMR-500318,Worker,Colony-D,36.2,99,0.227,32.5,35.7,7.75,16.2,0.274,22,8,20.39,1,1
NMR-500486,Soldier,Colony-A,32.6,47,0.209,32.6,11.6,8.07,10.63,0.648,29,11,20.72,0,0
NMR-500956,Worker,Colony-C,33.7,72,0.195,31.5,15.1,7.79,26.69,0.195,32,11,22.84,1,0
NMR-500725,Worker,Colony-E,37.8,76,0.235,32.7,13.0,6.71,27.36,0.122,21,13,16.82,0,1
NMR-500856,Queen,Colony-D,45.1,21,0.193,30.6,29.1,7.7,3.08,0.305,19,14,18.23,0,0
NMR-500291,Worker,Colony-A,32.3,61,0.292,32.4,31.4,7.75,7.86,0.575,21,8,18.62,1,1
NMR-500134,Worker,Colony-E,38.0,55,0.313,31.9,18.4,6.0,23.69,0.407,19,9,19.54,0,1
NMR-500760,Worker,Colony-B,28.2,48,0.149,32.8,25.2,6.25,24.79,0.5,28,7,20.26,1,1
NMR-500982,Worker,Colony-B,21.8,33,0.204,31.7,15.6,8.22,8.58,0.522,23,14,21.46,1,0
NMR-500483,Soldier,Colony-E,36.5,65,0.394,32.1,19.0,6.34,12.43,0.178,33,14,18.27,0,1
NMR-500714,Queen,Colony-B,50.8,39,0.259,31.7,15.8,5.55,-1.98,0.342,13,18,20.29,0,1
NMR-500820,Soldier,Colony-B,39.5,41,0.189,33.5,16.3,7.6,3.85,0.429,21,9,20.07,1,0
NMR-500991,Worker,Colony-A,24.4,84,0.221,30.1,22.5,6.61,10.46,0.296,19,10,17.47,0,0
NMR-500266,Worker,Colony-D,24.1,28,0.242,34.1,25.5,10.09,9.68,0.271,26,12,26.1,1,0
NMR-500582,Worker,Colony-A,30.9,47,0.174,29.7,30.8,5.54,21.35,0.181,23,6,17.62,1,0
NMR-500787,Soldier,Colony-E,46.7,67,0.216,31.5,22.6,6.2,29.72,0.288,25,10,16.65,0,0
NMR-500906,Worker,Colony-C,33.1,75,0.174,31.0,15.6,8.55,15.05,0.208,23,19,15.79,0,1
NMR-500240,Worker,Colony-C,29.5,36,0.252,33.8,18.7,6.62,8.53,0.346,30,7,21.94,1,0
NMR-500286,Worker,Colony-B,28.2,65,0.301,32.7,15.6,5.22,8.87,0.261,21,8,24.89,1,0
NMR-500628,Worker,Colony-B,32.9,51,0.225,33.3,10.2,6.05,14.94,0.37,30,12,12.9,0,0
NMR-500487,Soldier,Colony-E,41.5,51,0.308,31.9,11.3,6.61,9.3,0.189,25,9,18.32,0,1
NMR-500553,Breeder,Colony-C,35.7,82,0.208,31.6,17.7,7.12,6.9,0.348,22,5,17.22,1,1
NMR-500989,Worker,Colony-B,22.2,60,0.28,33.0,14.1,7.3,19.99,0.212,23,13,18.93,1,0
NMR-500378,Soldier,Colony-E,40.8,82,0.232,32.5,10.7,7.27,7.74,0.172,21,16,24.53,1,0
NMR-500371,Queen,Colony-C,41.7,62,0.354,33.3,7.6,7.36,4.15,0.458,18,12,17.43,0,1
NMR-500773,Soldier,Colony-B,37.1,41,0.204,31.9,64.2,8.57,8.15,0.429,23,5,20.99,1,0
NMR-500929,Worker,Colony-D,28.7,41,0.181,31.5,24.8,7.45,14.53,0.254,22,8,23.04,1,0
NMR-500943,Worker,Colony-B,32.5,100,0.19,31.1,13.9,4.93,10.19,0.137,24,10,18.54,0,0
NMR-500842,Worker,Colony-D,20.3,72,0.148,34.0,21.2,7.14,13.21,0.257,23,7,19.97,1,0
NMR-500968,Worker,Colony-C,43.3,46,0.263,32.8,27.6,5.31,10.79,0.293,25,7,18.34,1,1
NMR-500705,Worker,Colony-C,33.3,71,0.362,31.6,15.2,7.56,12.53,0.13,24,11,22.77,0,1
NMR-500853,Worker,Colony-A,24.3,99,0.214,31.8,7.0,7.06,14.88,0.101,32,7,15.2,0,1
NMR-500376,Worker,Colony-E,27.9,125,0.314,33.2,13.2,6.49,12.88,0.176,21,13,18.67,0,1
NMR-500207,Worker,Colony-A,42.2,39,0.382,32.5,10.0,5.19,8.93,0.722,23,10,17.7,0,0
NMR-500230,Soldier,Colony-E,26.7,52,0.281,32.4,16.1,7.55,14.83,0.516,30,6,22.87,1,1
NMR-500404,Worker,Colony-A,31.5,72,0.178,34.1,9.9,6.67,11.26,0.368,17,14,24.51,0,0
NMR-500521,Worker,Colony-D,29.2,15,0.21,32.2,14.7,5.3,22.61,0.224,25,9,25.64,1,1
NMR-500451,Worker,Colony-C,23.1,98,0.217,31.3,27.8,9.9,6.19,0.269,30,12,19.36,1,1
NMR-500681,Worker,Colony-C,21.7,131,0.174,31.4,38.6,8.0,10.09,0.397,30,7,17.63,1,1
NMR-500946,Soldier,Colony-C,34.9,52,0.223,32.7,10.5,6.52,13.35,0.226,19,14,16.99,0,0
NMR-500796,Worker,Colony-B,27.4,41,0.374,33.2,21.8,7.37,16.03,0.091,29,10,18.45,0,1
NMR-500380,Soldier,Colony-A,39.6,41,0.103,33.6,30.1,5.94,18.37,0.267,18,13,23.34,1,0
NMR-500270,Soldier,Colony-A,41.5,47,0.192,33.0,12.8,9.97,13.33,0.28,26,11,14.52,0,1
NMR-500769,Worker,Colony-D,26.6,45,0.401,29.8,15.0,6.99,15.9,0.293,29,11,19.99,1,0
NMR-500527,Soldier,Colony-E,31.3,37,0.203,33.3,10.2,7.32,8.98,0.294,26,15,22.3,1,0
NMR-500418,Soldier,Colony-D,25.7,44,0.144,33.2,22.0,6.54,6.44,0.143,23,12,19.51,1,1
NMR-500127,Soldier,Colony-D,49.2,36,0.256,32.5,32.1,5.99,6.1,0.258,29,5,24.97,1,1
NMR-500720,Worker,Colony-A,31.2,100,0.166,32.6,33.3,6.53,18.67,0.235,28,15,11.92,1,0
NMR-500332,Soldier,Colony-E,27.2,11,0.304,33.0,11.9,5.4,9.32,0.615,19,7,17.56,0,1
NMR-500858,Worker,Colony-B,35.5,57,0.279,30.9,12.3,7.31,8.76,0.208,16,9,13.65,0,0
NMR-500717,Worker,Colony-E,31.2,72,0.388,30.0,16.4,6.37,7.58,0.108,26,10,20.8,1,0
NMR-500136,Breeder,Colony-C,32.9,32,0.271,31.6,23.1,6.84,5.88,0.37,33,9,19.31,0,1
NMR-500825,Worker,Colony-E,41.3,28,0.202,32.8,15.9,6.48,20.41,0.258,27,9,8.0,0,1
NMR-500881,Worker,Colony-A,40.5,47,0.323,31.6,18.4,8.11,15.44,0.38,27,10,17.63,0,1
NMR-500103,Breeder,Colony-B,37.8,42,0.27,33.0,16.9,8.65,4.36,0.661,28,10,19.07,0,0
NMR-500263,Worker,Colony-D,26.2,24,0.184,32.5,17.7,7.1,6.15,0.31,25,14,18.91,1,1
NMR-500983,Worker,Colony-D,31.6,119,0.294,31.3,14.1,6.88,9.67,0.059,23,18,18.94,0,0
NMR-500299,Worker,Colony-B,28.1,19,0.343,33.2,25.0,6.68,5.16,0.193,21,15,16.2,0,0
NMR-500262,Soldier,Colony-D,37.1,65,0.228,32.5,10.2,5.8,8.51,0.172,29,9,21.07,0,1
NMR-500463,Soldier,Colony-B,32.5,45,0.261,32.0,14.0,7.63,5.93,0.275,25,10,20.43,1,1
NMR-500599,Worker,Colony-B,22.4,44,0.27,32.3,14.1,6.06,12.46,0.128,25,10,20.36,1,1
NMR-500642,Worker,Colony-B,27.7,35,0.176,34.1,8.7,6.56,17.39,0.157,23,12,14.52,0,1
NMR-500554,Soldier,Colony-C,29.1,59,0.227,32.3,21.3,5.78,5.87,0.326,25,12,23.26,0,1
NMR-500391,Worker,Colony-E,36.5,43,0.223,33.4,22.5,8.13,12.94,0.338,24,13,19.66,1,0
NMR-500310,Worker,Colony-B,22.1,124,0.153,32.0,24.8,5.65,10.14,0.078,30,14,22.15,1,0
NMR-500279,Breeder,Colony-D,48.9,116,0.482,31.6,14.6,6.92,1.91,0.112,18,14,20.13,0,1
NMR-500405,Breeder,Colony-B,46.2,106,0.251,31.8,12.6,6.26,16.73,0.29,31,13,21.39,1,0
NMR-500183,Soldier,Colony-D,33.9,43,0.425,31.7,14.7,7.16,20.81,0.194,26,10,20.94,0,1
NMR-500745,Breeder,Colony-A,47.4,34,0.469,32.4,19.1,6.92,3.6,0.062,13,9,15.61,0,1
NMR-500896,Worker,Colony-B,24.3,23,0.183,32.2,13.9,8.57,14.83,0.089,20,7,17.18,1,0
NMR-500014,Worker,Colony-E,27.4,29,0.283,32.1,17.2,5.95,9.67,0.438,26,6,19.95,0,1
NMR-500499,Soldier,Colony-E,33.3,62,0.147,32.9,21.4,6.1,3.65,0.59,23,9,13.26,1,0
NMR-500507,Soldier,Colony-D,30.8,32,0.344,32.2,22.0,7.32,8.91,0.195,20,9,18.13,0,1
NMR-500092,Worker,Colony-C,30.9,45,0.233,33.3,15.3,8.39,8.86,0.261,31,10,17.6,1,0
NMR-500278,Soldier,Colony-A,33.1,74,0.285,32.4,23.2,7.46,8.75,0.07,33,8,25.34,1,1
NMR-500941,Soldier,Colony-A,30.5,22,0.169,31.8,10.4,5.87,6.06,0.082,29,13,15.38,1,1
NMR-500644,Soldier,Colony-E,32.2,68,0.256,30.5,18.5,7.55,22.14,0.442,17,8,14.52,0,0
NMR-500977,Worker,Colony-B,27.8,89,0.621,32.1,38.6,6.15,8.52,0.231,18,18,21.5,0,0
NMR-500430,Soldier,Colony-C,28.8,84,0.29,33.2,23.0,8.18,5.59,0.018,22,6,23.2,1,1
NMR-500429,Worker,Colony-C,33.1,32,0.295,32.4,12.4,7.19,12.25,0.161,24,14,24.88,0,1
NMR-500544,Worker,Colony-A,35.7,124,0.337,33.3,11.1,5.8,9.67,0.697,24,15,14.92,0,0
NMR-500848,Worker,Colony-A,39.2,29,0.26,31.6,18.9,7.23,8.34,0.081,27,10,21.4,1,0
NMR-500023,Soldier,Colony-C,43.1,140,0.267,31.6,20.9,6.16,10.99,0.531,21,7,23.99,1,0
NMR-500346,Worker,Colony-E,29.5,49,0.29,32.0,20.1,6.35,7.77,0.168,13,9,22.04,1,1
NMR-500564,Worker,Colony-B,24.8,36,0.23,34.4,19.4,7.35,13.19,0.114,22,13,20.17,1,0
NMR-500683,Breeder,Colony-A,35.4,91,0.157,31.7,20.5,9.46,6.87,0.127,36,6,22.23,1,1
NMR-500609,Worker,Colony-D,27.9,95,0.47,32.0,30.4,6.3,10.53,0.165,26,9,18.65,0,1
NMR-500673,Breeder,Colony-B,29.8,39,0.156,30.6,36.4,5.51,5.46,0.281,20,8,19.67,1,1
NMR-500563,Worker,Colony-C,34.9,42,0.192,31.9,13.0,4.97,24.36,0.58,21,9,21.67,1,1
NMR-500206,Worker,Colony-A,29.7,78,0.198,30.5,34.5,4.21,19.37,0.289,21,11,19.48,1,0
NMR-500282,Soldier,Colony-C,38.3,38,0.224,31.2,14.9,7.08,9.06,0.391,26,10,17.96,1,0
NMR-500171,Worker,Colony-C,34.3,52,0.239,31.1,19.3,6.8,11.97,0.562,31,9,22.33,1,0
NMR-500754,Breeder,Colony-D,48.8,44,0.192,33.2,26.8,6.03,4.59,0.325,24,17,27.22,1,0
NMR-500334,Breeder,Colony-B,35.8,23,0.324,33.6,10.8,5.91,0.95,0.419,20,13,20.18,0,1
NMR-500704,Worker,Colony-D,20.1,120,0.345,31.0,17.4,5.84,6.39,0.189,22,7,19.92,1,0
NMR-500358,Soldier,Colony-B,35.8,64,0.262,32.0,6.8,6.86,23.37,0.231,23,10,23.98,1,1
NMR-500656,Soldier,Colony-C,31.3,42,0.197,33.7,25.6,7.63,10.4,0.528,28,6,24.53,0,0
NMR-500113,Breeder,Colony-A,33.8,66,0.324,31.4,24.5,7.63,7.75,0.088,21,9,19.52,1,1
NMR-500037,Worker,Colony-B,27.7,60,0.408,31.3,19.4,6.22,11.12,0.082,24,13,16.39,0,0
NMR-500808,Worker,Colony-D,20.2,36,0.302,33.7,16.5,6.87,13.49,0.247,34,9,18.45,0,0
NMR-500751,Queen,Colony-B,51.0,33,0.123,32.8,14.4,8.07,0.37,0.252,24,12,15.44,0,0
NMR-500174,Worker,Colony-E,27.8,51,0.257,32.6,22.6,6.2,13.93,0.282,23,18,24.05,1,1
NMR-500702,Worker,Colony-C,39.6,36,0.194,32.5,12.8,6.78,14.96,0.166,19,10,20.1,1,1
NMR-500757,Worker,Colony-E,29.3,82,0.215,32.1,22.0,6.26,14.94,0.516,25,10,20.1,1,1
NMR-500267,Worker,Colony-B,28.8,134,0.246,31.4,20.3,7.6,5.91,0.123,30,10,15.57,0,1
NMR-500377,Worker,Colony-B,29.2,47,0.251,33.0,17.5,7.81,14.88,0.194,25,13,22.21,1,0
NMR-500541,Worker,Colony-A,27.6,53,0.366,33.6,10.4,6.41,13.64,0.243,24,10,25.38,1,0
NMR-500887,Breeder,Colony-E,39.6,24,0.141,31.4,8.9,6.2,2.73,0.256,25,15,17.79,1,1
NMR-500731,Soldier,Colony-E,33.3,28,0.236,32.4,21.5,4.03,12.64,0.247,28,16,21.51,0,1
NMR-500818,Worker,Colony-D,38.4,76,0.34,32.5,20.3,6.5,16.75,0.074,15,13,23.1,1,1
NMR-500075,Soldier,Colony-A,29.3,27,0.175,31.5,12.3,4.29,8.16,0.429,17,12,20.34,0,1
NMR-500730,Worker,Colony-A,26.6,35,0.53,32.5,16.7,6.68,17.33,0.234,30,10,16.55,0,1
NMR-500165,Worker,Colony-D,26.3,61,0.257,30.6,21.5,6.3,22.75,0.144,31,8,12.25,0,0
NMR-500600,Worker,Colony-A,33.8,44,0.157,31.7,15.2,6.81,14.75,0.446,33,15,20.49,1,1
NMR-500597,Worker,Colony-B,30.6,76,0.289,34.1,14.0,8.19,14.04,0.235,23,10,15.6,0,0
NMR-500804,Worker,Colony-D,26.6,17,0.147,29.6,12.3,8.75,19.47,0.401,18,8,20.68,1,0
NMR-500028,Worker,Colony-B,22.7,91,0.314,31.5,13.5,7.15,11.92,0.213,26,11,22.34,0,1
NMR-500578,Worker,Colony-B,40.3,39,0.232,33.1,23.3,6.98,12.78,0.146,23,8,23.06,1,1
NMR-500867,Worker,Colony-E,32.2,40,0.138,31.7,8.8,7.36,8.08,0.149,23,7,14.28,0,1
NMR-500078,Soldier,Colony-C,40.8,151,0.17,33.2,23.8,7.96,10.29,0.063,21,12,20.22,1,1
NMR-500116,Worker,Colony-C,32.4,48,0.173,33.4,21.0,9.18,13.95,0.41,22,19,24.53,0,0
NMR-500192,Soldier,Colony-A,33.3,72,0.316,32.7,37.8,4.5,16.27,0.166,28,15,23.39,1,0
NMR-500089,Soldier,Colony-D,35.3,30,0.155,32.6,13.3,6.74,4.04,0.597,13,7,23.65,1,0
NMR-500357,Breeder,Colony-E,43.1,73,0.364,31.9,21.3,7.3,15.71,0.184,30,9,14.76,0,1
NMR-500042,Soldier,Colony-D,44.5,43,0.519,32.5,12.6,6.63,7.21,0.185,36,15,14.74,0,1
NMR-500253,Breeder,Colony-B,45.3,52,0.334,32.8,27.5,6.37,9.87,0.319,20,11,16.56,0,0
NMR-500307,Worker,Colony-D,33.5,63,0.308,30.4,12.8,7.81,16.67,0.168,27,7,17.39,0,0
NMR-500771,Worker,Colony-D,23.7,52,0.253,32.0,7.5,5.07,19.46,0.325,25,15,23.59,0,1
NMR-500907,Breeder,Colony-A,38.1,34,0.377,32.5,6.4,8.15,15.82,0.311,19,8,14.5,0,0
NMR-500338,Worker,Colony-A,33.4,22,0.297,31.8,29.2,6.98,16.59,0.2,25,11,13.95,0,0
NMR-500175,Worker,Colony-B,33.2,146,0.299,33.3,23.6,7.01,10.88,0.482,23,10,25.1,1,1
NMR-500610,Worker,Colony-E,30.4,50,0.293,31.5,27.3,5.95,26.52,0.281,26,12,23.26,1,0
NMR-500390,Queen,Colony-A,42.8,32,0.28,32.1,12.3,5.61,7.53,0.193,20,10,23.76,1,1
NMR-500468,Worker,Colony-E,24.2,68,0.515,33.5,14.0,5.83,10.93,0.068,19,11,16.03,0,0
NMR-500397,Worker,Colony-A,23.3,23,0.469,32.6,20.0,4.56,8.5,0.282,27,7,17.46,0,1
NMR-500800,Worker,Colony-D,24.9,29,0.224,31.7,13.5,5.95,11.88,0.539,26,12,16.72,1,1
NMR-500057,Worker,Colony-E,22.1,60,0.296,31.3,10.7,8.16,11.89,0.279,24,15,17.3,0,1
NMR-500181,Worker,Colony-C,40.3,35,0.397,32.9,22.4,7.46,15.67,0.281,25,14,17.6,0,0
NMR-500566,Worker,Colony-C,41.2,94,0.176,30.4,29.6,9.11,9.26,0.378,35,6,17.07,0,1
NMR-500482,Worker,Colony-B,22.9,91,0.283,32.2,34.0,9.48,7.67,0.259,17,14,20.47,1,1
NMR-500236,Soldier,Colony-E,33.5,79,0.291,31.3,25.8,7.24,16.24,0.121,30,5,19.46,1,1
NMR-500067,Worker,Colony-B,25.3,34,0.241,31.5,35.3,6.94,9.76,0.228,26,7,18.88,0,0
NMR-500847,Worker,Colony-B,35.3,56,0.332,33.1,55.6,5.63,8.04,0.28,23,7,17.93,1,0
NMR-500817,Worker,Colony-E,20.2,29,0.201,31.6,22.4,7.85,8.02,0.184,25,10,20.11,1,0
NMR-500518,Queen,Colony-D,36.7,59,0.403,32.0,17.4,7.29,1.2,0.426,25,15,18.64,0,1
NMR-500164,Breeder,Colony-B,42.5,49,0.264,31.0,10.1,7.9,11.54,0.155,28,12,19.54,0,1
NMR-500091,Worker,Colony-C,26.7,74,0.169,32.3,21.5,8.13,11.88,0.225,19,9,19.05,1,1
NMR-500962,Worker,Colony-D,36.2,111,0.175,32.2,13.4,8.41,9.3,0.077,29,12,19.15,1,1
NMR-500622,Worker,Colony-D,35.2,66,0.234,32.8,25.4,5.72,11.51,0.223,21,10,26.39,0,1
NMR-500342,Worker,Colony-D,37.6,39,0.293,32.2,26.7,5.92,17.53,0.458,21,10,16.06,1,1
NMR-500653,Worker,Colony-E,20.1,25,0.467,31.7,38.7,6.61,8.09,0.161,25,12,21.64,1,1
NMR-500996,Soldier,Colony-C,30.3,30,0.296,31.0,16.4,7.39,13.26,0.324,18,15,22.48,1,0
NMR-500345,Soldier,Colony-B,40.9,42,0.206,33.1,53.6,8.16,7.48,0.284,24,11,19.47,1,0
NMR-500068,Worker,Colony-A,27.4,50,0.267,32.4,17.0,8.02,9.09,0.271,20,10,15.46,0,1
NMR-500223,Worker,Colony-C,28.9,77,0.473,32.5,10.0,7.24,8.27,0.139,24,19,15.28,0,0
NMR-500235,Worker,Colony-A,32.7,118,0.351,32.9,14.9,6.79,10.35,0.341,12,16,18.77,1,1
NMR-500049,Worker,Colony-D,40.5,66,0.332,33.8,14.0,5.96,25.33,0.142,28,9,21.26,0,0
NMR-500949,Worker,Colony-B,36.1,23,0.281,32.5,14.9,6.42,15.49,0.496,27,11,14.97,0,1
NMR-500302,Worker,Colony-A,31.4,64,0.301,31.2,15.0,7.1,11.73,0.266,22,7,14.1,0,1
NMR-500488,Worker,Colony-D,12.6,115,0.326,31.7,38.2,6.29,15.62,0.38,25,12,21.07,1,0
NMR-500339,Worker,Colony-C,21.6,24,0.249,32.4,14.1,5.56,9.71,0.134,29,10,17.77,0,1
NMR-500495,Worker,Colony-C,30.1,31,0.226,32.3,21.5,7.72,6.12,0.097,27,11,14.99,1,0
NMR-500025,Worker,Colony-E,20.2,76,0.273,30.4,17.9,5.97,14.28,0.241,40,16,22.9,1,0
NMR-500365,Worker,Colony-E,28.5,87,0.205,31.3,19.9,5.87,6.7,0.248,27,10,17.98,1,0
NMR-500926,Worker,Colony-C,26.4,107,0.265,31.7,8.3,6.24,8.08,0.403,30,7,19.05,1,0
NMR-500709,Worker,Colony-D,31.6,57,0.194,32.8,10.0,6.14,5.96,0.663,17,14,19.86,0,0
NMR-500735,Worker,Colony-E,25.0,40,0.223,32.5,15.5,8.17,27.03,0.696,23,12,19.11,1,1
NMR-500256,Soldier,Colony-E,40.4,47,0.239,31.8,26.5,4.88,6.32,0.133,19,11,21.69,1,1
NMR-500474,Soldier,Colony-D,42.0,73,0.285,31.3,17.2,6.5,5.98,0.091,26,12,19.09,0,0
NMR-500203,Worker,Colony-B,25.4,75,0.161,31.6,8.5,7.91,26.07,0.427,19,17,25.76,0,1
NMR-500559,Worker,Colony-C,27.2,42,0.162,33.3,16.8,4.37,22.95,0.202,18,9,15.87,1,1
NMR-500195,Worker,Colony-C,31.5,74,0.272,30.4,16.0,6.73,20.76,0.27,20,7,22.41,1,0
NMR-500893,Worker,Colony-C,26.6,91,0.298,33.3,39.1,6.6,12.29,0.442,29,5,18.64,1,0
NMR-500064,Soldier,Colony-E,38.2,82,0.233,32.2,15.0,5.79,11.9,0.118,14,8,16.4,0,0
NMR-500547,Soldier,Colony-C,20.4,37,0.236,32.1,15.2,8.27,5.32,0.086,42,10,14.15,0,1
NMR-500355,Worker,Colony-E,34.7,19,0.226,31.0,49.6,7.97,23.92,0.37,21,10,21.9,1,0
NMR-500017,Worker,Colony-B,24.5,90,0.242,32.2,15.6,6.46,16.07,0.476,20,8,15.15,0,0
NMR-500919,Breeder,Colony-B,37.0,53,0.152,31.8,15.6,5.16,8.5,0.659,36,9,16.4,0,1
NMR-500058,Worker,Colony-A,28.7,30,0.226,31.6,17.0,7.69,6.96,0.699,25,10,24.46,1,0
NMR-500591,Worker,Colony-E,29.5,29,0.293,31.9,45.2,6.28,25.17,0.055,23,16,22.96,1,1
NMR-500388,Breeder,Colony-C,42.5,34,0.225,32.6,29.9,6.58,1.61,0.299,27,9,20.98,1,1
NMR-500897,Worker,Colony-A,29.4,90,0.273,31.2,12.1,5.15,7.04,0.508,25,8,25.32,0,0
NMR-500372,Queen,Colony-C,46.6,75,0.186,31.2,13.3,8.74,11.82,0.241,21,16,20.01,0,1
NMR-500046,Breeder,Colony-C,35.2,16,0.179,31.4,14.0,7.12,22.15,0.157,33,4,17.72,1,1
NMR-500549,Worker,Colony-D,39.8,67,0.394,32.7,23.2,6.31,14.76,0.28,21,13,12.28,0,1
NMR-500724,Breeder,Colony-E,40.8,29,0.318,33.2,17.0,5.72,5.85,0.378,26,15,20.02,0,0
NMR-500062,Worker,Colony-A,24.9,76,0.148,33.0,23.5,6.52,7.02,0.441,24,16,17.17,1,1
NMR-500369,Breeder,Colony-B,36.2,112,0.173,32.7,13.0,6.37,10.95,0.408,17,15,15.92,0,0
NMR-500728,Breeder,Colony-B,35.8,55,0.229,33.0,8.5,6.34,7.25,0.407,27,10,19.0,0,1
NMR-500088,Worker,Colony-A,35.2,28,0.323,32.7,27.5,5.36,15.99,0.314,38,13,16.17,1,1
NMR-500998,Worker,Colony-A,24.0,48,0.177,31.7,12.7,7.34,7.78,0.308,24,9,20.39,0,1
NMR-500465,Worker,Colony-E,38.4,49,0.129,30.7,33.7,7.72,11.83,0.303,21,9,21.41,1,0
NMR-500437,Queen,Colony-C,47.3,56,0.129,32.6,17.5,4.79,10.31,0.112,26,14,17.81,1,1
NMR-500519,Worker,Colony-E,26.2,33,0.173,32.1,17.5,7.79,7.48,0.37,21,9,21.44,0,1
NMR-500349,Worker,Colony-A,39.8,47,0.412,33.1,13.4,5.41,14.01,0.507,24,7,14.64,0,1
NMR-500438,Worker,Colony-B,31.2,54,0.226,30.8,14.8,8.23,5.88,0.291,24,6,23.15,0,0
NMR-500767,Breeder,Colony-D,41.7,45,0.282,30.7,13.7,8.62,13.22,0.547,24,14,22.54,0,0
NMR-500782,Worker,Colony-B,27.0,21,0.212,31.7,25.6,6.6,8.92,0.317,26,12,18.02,0,1
NMR-500803,Soldier,Colony-D,30.5,50,0.089,33.2,23.1,8.33,23.06,0.135,17,19,23.1,1,1
NMR-500647,Worker,Colony-C,28.4,50,0.282,33.0,35.0,8.84,16.34,0.397,18,11,23.05,1,0
NMR-500890,Worker,Colony-C,34.5,110,0.263,32.5,16.3,5.53,16.25,0.317,21,8,23.86,0,0
NMR-500555,Soldier,Colony-C,40.7,60,0.248,30.3,19.2,6.31,8.05,0.095,16,10,20.16,1,0
NMR-500257,Worker,Colony-E,24.0,93,0.171,32.4,34.3,7.14,11.0,0.311,25,8,23.49,1,1
NMR-500265,Breeder,Colony-B,37.8,48,0.14,32.0,23.5,7.7,1.2,0.099,20,12,21.61,1,1
NMR-500944,Breeder,Colony-B,41.7,76,0.285,32.0,10.9,7.94,13.21,0.365,22,10,22.06,0,1
NMR-500805,Worker,Colony-C,30.6,82,0.305,33.3,14.1,7.31,17.58,0.09,24,10,17.14,0,0
NMR-500285,Worker,Colony-B,25.2,40,0.259,32.9,9.8,6.36,16.01,0.406,24,13,21.28,1,1
NMR-500161,Breeder,Colony-E,43.5,19,0.254,31.7,9.1,6.28,10.53,0.263,17,16,20.74,0,1
NMR-500774,Breeder,Colony-B,46.7,61,0.343,31.6,17.6,7.16,5.87,0.277,20,11,16.12,1,1
NMR-500205,Worker,Colony-B,35.3,24,0.173,32.0,20.4,8.6,16.45,0.341,26,10,19.02,1,0
NMR-500562,Worker,Colony-E,38.8,19,0.294,31.1,24.5,5.29,12.11,0.495,19,14,21.66,0,1
NMR-500293,Soldier,Colony-D,42.2,46,0.274,33.0,21.9,6.73,5.06,0.257,15,12,17.58,1,0
NMR-500539,Soldier,Colony-E,25.4,61,0.306,31.3,18.1,7.59,14.91,0.445,30,11,20.03,0,1
NMR-500012,Worker,Colony-C,34.7,37,0.236,32.2,25.3,6.82,16.49,0.159,22,15,25.56,1,1
NMR-500218,Breeder,Colony-C,33.8,47,0.266,32.6,89.1,5.23,11.77,0.285,18,11,15.79,1,1
NMR-500387,Soldier,Colony-D,31.2,31,0.162,32.6,41.5,7.22,7.18,0.693,23,10,12.53,1,0
NMR-500244,Worker,Colony-A,26.2,76,0.541,31.1,8.4,8.47,8.59,0.393,21,14,15.6,0,1
NMR-500607,Worker,Colony-A,30.9,32,0.232,31.1,26.4,5.71,16.86,0.299,15,13,13.09,1,1
NMR-500383,Worker,Colony-C,30.1,54,0.246,31.4,10.4,8.13,11.19,0.401,26,11,18.22,0,1
NMR-500304,Worker,Colony-E,35.7,35,0.196,32.4,11.7,7.94,7.57,0.491,18,9,11.39,1,0
NMR-500815,Breeder,Colony-E,38.5,53,0.18,32.4,17.5,5.46,14.75,0.041,26,8,26.6,1,1
NMR-500459,Worker,Colony-C,37.0,35,0.256,32.6,13.6,6.95,13.59,0.367,26,8,23.61,0,1
NMR-500648,Worker,Colony-D,26.4,78,0.367,30.8,22.3,5.52,15.39,0.362,25,8,16.33,0,0
NMR-500287,Worker,Colony-A,35.9,90,0.218,32.3,18.1,5.61,15.28,0.162,24,7,19.48,0,0
NMR-500830,Soldier,Colony-B,41.2,33,0.286,33.4,8.5,6.64,5.51,0.151,27,10,24.95,1,0
NMR-500331,Soldier,Colony-A,19.0,45,0.175,32.8,9.3,8.12,4.73,0.387,25,14,22.64,0,1
NMR-500117,Worker,Colony-B,24.9,46,0.415,33.1,8.3,7.23,12.36,0.298,28,11,18.77,0,0
NMR-500315,Worker,Colony-E,24.3,98,0.494,32.9,10.5,7.48,21.62,0.19,28,8,19.12,0,1
NMR-500746,Worker,Colony-E,27.0,50,0.259,32.0,17.9,6.92,8.7,0.295,23,8,14.0,0,1
NMR-500029,Worker,Colony-E,29.5,83,0.235,33.1,19.2,6.52,16.84,0.521,21,10,18.06,0,1
NMR-500292,Worker,Colony-B,29.3,66,0.325,30.9,15.0,7.91,15.43,0.489,28,12,21.39,1,0
NMR-500081,Worker,Colony-A,42.9,69,0.182,32.5,12.9,5.82,16.89,0.294,20,11,13.45,0,1
NMR-500889,Worker,Colony-A,28.4,45,0.186,32.7,19.0,8.13,9.89,0.331,29,12,20.66,0,0
NMR-500457,Worker,Colony-A,27.6,76,0.167,32.0,15.2,6.13,10.0,0.323,20,10,26.45,0,1
NMR-500490,Worker,Colony-C,32.0,89,0.222,32.4,18.6,5.79,18.61,0.332,23,11,22.34,1,0
NMR-500651,Soldier,Colony-B,27.6,45,0.418,33.6,18.0,5.81,10.38,0.187,32,10,21.34,0,0
NMR-500098,Breeder,Colony-D,44.0,55,0.265,33.3,28.3,6.56,5.02,0.287,22,7,24.16,1,0
NMR-500671,Worker,Colony-A,23.6,35,0.206,32.1,16.6,5.6,11.81,0.138,28,8,20.89,1,1
NMR-500531,Worker,Colony-C,23.9,57,0.224,31.8,20.9,6.24,30.32,0.519,31,8,21.41,1,1
NMR-500425,Worker,Colony-D,27.9,85,0.155,31.4,27.1,6.94,14.53,0.423,21,9,22.39,1,0
NMR-500254,Breeder,Colony-D,33.4,117,0.301,31.9,12.2,6.66,2.16,0.206,31,14,19.52,1,1
NMR-500018,Soldier,Colony-A,44.9,54,0.193,31.0,15.2,5.57,9.13,0.177,17,6,20.7,1,0
NMR-500551,Breeder,Colony-D,33.9,60,0.408,32.0,30.3,6.91,5.04,0.27,27,10,18.93,0,1
NMR-500878,Worker,Colony-D,26.4,17,0.25,32.4,23.5,6.09,13.11,0.165,24,7,11.54,0,1
NMR-500552,Worker,Colony-B,40.2,55,0.247,31.6,57.3,7.58,5.89,0.171,20,12,13.54,1,0
NMR-500455,Worker,Colony-E,39.5,147,0.206,31.8,23.6,6.4,26.82,0.266,12,12,19.66,1,0
NMR-500636,Worker,Colony-A,23.1,52,0.217,31.8,20.0,6.56,24.11,0.172,22,7,23.51,1,1
NMR-500899,Worker,Colony-C,36.5,65,0.249,32.0,13.1,7.43,8.61,0.503,24,17,17.42,1,1
NMR-500595,Worker,Colony-E,29.8,35,0.341,34.3,14.0,7.04,13.29,0.287,35,6,14.76,0,0
NMR-500449,Worker,Colony-C,34.8,87,0.234,32.1,14.2,8.0,10.17,0.43,24,13,18.51,1,1
NMR-500100,Soldier,Colony-C,33.9,42,0.258,33.5,20.0,7.66,8.23,0.595,27,13,18.54,1,0
NMR-500517,Worker,Colony-D,30.3,29,0.185,30.9,20.2,7.72,11.15,0.235,37,9,18.35,0,0
NMR-500336,Soldier,Colony-C,50.2,40,0.202,30.9,7.3,6.87,10.52,0.294,25,10,20.29,0,0
NMR-500374,Breeder,Colony-A,45.1,25,0.221,34.1,20.0,6.32,4.14,0.309,29,16,21.82,0,0
NMR-500937,Soldier,Colony-B,34.5,71,0.212,32.3,15.4,7.39,6.38,0.162,29,9,21.8,1,1
NMR-500624,Breeder,Colony-D,35.8,35,0.143,34.4,45.8,6.29,16.04,0.16,24,9,18.84,1,0
NMR-500084,Worker,Colony-D,29.8,98,0.318,32.1,19.3,7.91,5.64,0.498,27,7,21.56,1,1
NMR-500452,Worker,Colony-D,25.1,98,0.278,32.1,13.3,6.86,21.54,0.453,23,13,17.18,0,1
NMR-500592,Breeder,Colony-C,38.2,85,0.205,31.5,22.6,6.88,5.28,0.455,23,11,16.34,0,0
NMR-500925,Worker,Colony-C,37.7,54,0.277,30.7,22.3,6.04,14.49,0.465,27,9,19.13,1,0
NMR-500442,Worker,Colony-D,34.4,66,0.383,31.0,21.4,8.5,7.33,0.305,28,11,23.6,1,0
NMR-500186,Worker,Colony-B,27.5,46,0.297,32.1,22.5,7.28,8.99,0.58,24,10,20.1,1,1
NMR-500938,Worker,Colony-A,28.2,79,0.165,32.0,17.8,6.79,15.37,0.371,12,16,21.42,1,1
NMR-500569,Soldier,Colony-B,28.3,95,0.147,32.1,18.9,7.62,8.12,0.166,23,17,19.96,1,1
NMR-500575,Worker,Colony-C,33.2,63,0.217,30.2,32.1,7.0,10.06,0.192,34,15,16.64,1,0
NMR-500749,Worker,Colony-A,29.1,77,0.213,32.0,18.3,5.67,8.08,0.057,21,10,13.52,0,1
NMR-500347,Soldier,Colony-A,34.9,51,0.397,31.4,10.4,5.65,12.35,0.41,27,8,23.23,0,1
NMR-500237,Soldier,Colony-B,28.6,78,0.29,32.7,18.1,7.8,28.61,0.34,24,13,18.85,1,1
NMR-500102,Worker,Colony-D,34.8,35,0.172,31.0,27.0,4.49,24.16,0.287,24,9,18.61,1,1
NMR-500353,Worker,Colony-E,23.5,37,0.259,31.9,23.9,6.73,7.7,0.362,25,10,18.5,0,1
NMR-500672,Worker,Colony-B,21.1,95,0.377,32.4,21.8,6.7,8.8,0.373,23,9,18.6,0,0
NMR-500363,Worker,Colony-A,27.6,37,0.266,33.7,29.0,6.81,7.82,0.054,22,15,20.76,0,0
NMR-500761,Worker,Colony-E,26.3,72,0.352,32.2,15.3,7.27,6.61,0.135,26,7,23.81,0,1
NMR-500350,Queen,Colony-B,43.0,58,0.316,31.8,18.3,7.53,1.71,0.23,20,12,19.99,0,1
NMR-500335,Worker,Colony-D,29.9,55,0.197,32.7,22.0,6.73,21.11,0.376,14,11,23.78,1,0
NMR-500942,Worker,Colony-C,26.2,45,0.319,32.5,32.0,7.0,9.29,0.26,24,10,21.27,0,1
NMR-500675,Worker,Colony-E,20.9,98,0.248,30.6,14.0,6.7,15.56,0.204,29,8,15.19,0,0
NMR-500431,Soldier,Colony-D,32.9,128,0.189,31.3,17.7,5.75,9.16,0.404,26,12,16.86,0,0
NMR-500410,Worker,Colony-C,34.1,35,0.243,31.9,46.5,6.57,14.89,0.319,17,6,27.73,1,0
NMR-500918,Soldier,Colony-A,37.4,73,0.178,33.3,12.3,4.91,5.79,0.632,27,7,21.65,1,0
NMR-500558,Worker,Colony-D,30.8,70,0.222,31.5,15.4,5.93,9.19,0.316,26,5,20.13,0,0
NMR-500707,Breeder,Colony-B,35.6,118,0.191,31.4,20.2,7.22,1.11,0.292,36,15,24.19,1,0
NMR-500910,Soldier,Colony-C,41.5,30,0.209,32.3,11.9,5.48,11.08,0.281,21,17,20.38,1,1
NMR-500923,Worker,Colony-A,23.8,69,0.2,31.4,34.4,5.85,8.39,0.173,28,16,15.61,0,0
NMR-500674,Soldier,Colony-C,28.6,42,0.197,32.1,13.0,7.72,5.78,0.224,28,9,11.75,0,0
NMR-500276,Soldier,Colony-E,38.4,111,0.215,32.3,24.1,5.33,16.84,0.341,19,9,20.97,0,1
NMR-500489,Worker,Colony-D,25.6,59,0.36,30.9,15.3,5.37,9.54,0.134,19,7,20.41,0,0
NMR-500676,Worker,Colony-E,26.1,58,0.269,32.2,15.8,6.39,6.38,0.199,27,9,15.91,0,0
NMR-500284,Soldier,Colony-A,24.7,86,0.219,33.5,38.3,7.2,10.1,0.607,23,14,19.06,1,1
NMR-500163,Worker,Colony-E,30.1,41,0.202,30.3,21.9,5.87,18.68,0.135,28,14,19.28,0,0
NMR-500157,Worker,Colony-C,32.2,86,0.274,32.4,82.6,6.32,7.48,0.234,20,13,13.25,1,1
NMR-500115,Worker,Colony-D,28.5,92,0.236,32.6,9.4,6.63,11.64,0.449,29,12,22.09,0,0
NMR-500659,Breeder,Colony-C,46.1,41,0.134,32.2,11.1,8.47,0.24,0.129,18,13,22.91,1,0
NMR-500416,Worker,Colony-D,24.5,113,0.178,31.6,7.0,6.76,16.8,0.057,22,6,22.25,1,1
NMR-500479,Soldier,Colony-C,31.6,63,0.201,30.9,11.7,6.38,10.76,0.177,23,16,15.78,0,0
NMR-500222,Soldier,Colony-D,35.9,53,0.393,31.8,9.8,8.21,6.34,0.247,29,12,19.81,0,1
NMR-500085,Worker,Colony-D,29.4,54,0.272,32.8,29.2,7.72,7.83,0.221,27,14,17.22,0,0
NMR-500740,Soldier,Colony-A,36.6,85,0.33,32.6,14.4,6.3,19.69,0.303,24,15,20.94,0,1
NMR-500886,Worker,Colony-B,34.8,38,0.247,32.2,15.9,7.75,18.37,0.242,23,14,20.7,1,0
NMR-500337,Worker,Colony-B,29.7,75,0.203,32.7,15.0,6.43,9.44,0.423,25,11,24.4,1,0
NMR-500259,Breeder,Colony-D,41.6,49,0.284,31.1,16.4,7.59,4.87,0.377,25,14,18.51,0,0
NMR-500685,Soldier,Colony-E,35.7,36,0.249,33.4,22.7,5.35,9.77,0.439,35,10,14.65,1,1
NMR-500841,Breeder,Colony-E,45.3,62,0.245,31.8,20.2,7.57,1.01,0.202,31,8,16.6,0,1
NMR-500789,Worker,Colony-E,24.6,54,0.284,32.3,15.2,5.51,14.34,0.49,24,8,16.79,0,1
NMR-500540,Worker,Colony-D,33.4,40,0.253,32.5,5.8,8.61,10.93,0.069,27,7,22.93,0,1
NMR-500678,Worker,Colony-D,41.4,62,0.308,32.5,16.7,6.79,16.45,0.637,24,11,20.35,0,1
NMR-500748,Soldier,Colony-A,29.4,77,0.19,31.8,9.1,7.11,17.08,0.211,19,11,24.66,1,1
NMR-500693,Soldier,Colony-D,32.7,37,0.488,32.5,17.3,7.65,15.91,0.306,25,6,20.83,0,1
NMR-500142,Queen,Colony-D,54.4,50,0.256,31.5,14.5,9.63,8.66,0.499,34,10,17.53,0,1
NMR-500859,Worker,Colony-C,34.1,30,0.191,32.6,9.8,6.33,10.33,0.245,32,16,14.25,0,1
NMR-500618,Worker,Colony-A,19.8,73,0.176,33.5,19.8,7.92,8.09,0.311,28,6,18.52,0,1
NMR-500849,Worker,Colony-C,31.3,55,0.215,32.6,10.1,6.12,9.28,0.17,22,6,20.47,0,0
NMR-500616,Worker,Colony-D,32.0,65,0.199,31.8,13.7,7.54,11.37,0.343,19,10,22.62,0,1
NMR-500045,Breeder,Colony-A,44.9,55,0.287,32.8,15.4,4.75,6.68,0.324,19,10,20.12,1,1
NMR-500162,Worker,Colony-A,33.8,47,0.295,33.7,15.6,7.58,8.94,0.192,20,5,18.14,0,0
NMR-500122,Worker,Colony-C,40.4,82,0.198,31.2,15.3,4.64,13.45,0.248,19,7,16.19,0,0
NMR-500744,Breeder,Colony-A,32.2,83,0.126,32.5,17.1,5.03,5.22,0.188,21,15,13.58,0,0
NMR-500428,Breeder,Colony-A,38.1,58,0.241,32.0,12.6,6.43,7.62,0.337,22,6,27.91,1,1
NMR-500502,Worker,Colony-E,31.7,147,0.264,31.9,24.4,6.06,10.84,0.231,23,15,18.45,0,0
NMR-500961,Worker,Colony-B,26.4,68,0.257,32.7,11.2,7.61,11.53,0.25,19,7,19.21,0,1
NMR-500641,Soldier,Colony-B,32.1,34,0.393,30.7,18.2,6.88,12.03,0.078,25,20,12.31,1,0
NMR-500660,Worker,Colony-E,37.4,38,0.191,32.5,12.5,7.85,8.94,0.224,26,12,19.22,0,1
NMR-500964,Worker,Colony-A,34.2,20,0.356,31.9,14.8,5.64,9.03,0.524,26,10,19.18,0,1
NMR-500543,Soldier,Colony-B,35.1,27,0.236,32.0,11.4,6.99,8.83,0.326,24,5,24.96,1,1
NMR-500294,Soldier,Colony-D,37.0,62,0.186,33.6,16.2,6.85,13.9,0.514,26,7,17.52,0,0
NMR-500252,Queen,Colony-D,31.1,62,0.232,32.5,25.4,6.65,7.78,0.199,26,9,23.45,1,1
NMR-500580,Breeder,Colony-C,44.5,78,0.217,32.9,18.7,6.53,3.16,0.127,20,9,25.36,1,1
NMR-500298,Worker,Colony-A,26.9,50,0.617,34.0,21.0,7.22,10.77,0.398,27,12,21.53,0,0
NMR-500328,Worker,Colony-D,23.4,64,0.236,31.5,14.1,6.41,14.66,0.374,27,11,16.81,0,1
NMR-500696,Soldier,Colony-C,30.6,128,0.264,32.2,17.6,9.28,8.5,0.209,28,15,24.47,1,1
NMR-500471,Worker,Colony-C,15.1,44,0.19,32.6,13.9,6.4,12.39,0.404,23,10,22.69,0,0
NMR-500758,Worker,Colony-A,31.6,90,0.2,32.8,26.9,6.61,24.82,0.236,26,13,20.7,1,0
NMR-500245,Worker,Colony-D,28.5,36,0.208,31.5,9.8,5.95,23.2,0.365,23,12,20.75,1,1
NMR-500344,Worker,Colony-D,29.2,41,0.278,31.8,14.6,7.0,20.42,0.598,25,7,16.83,0,0
NMR-500822,Breeder,Colony-A,36.7,50,0.175,32.7,31.6,4.16,6.66,0.446,24,9,23.27,1,1
NMR-500790,Soldier,Colony-E,44.0,52,0.197,31.3,36.5,8.44,11.5,0.296,20,12,20.46,1,0
NMR-500340,Worker,Colony-A,31.4,46,0.309,34.1,18.5,7.28,15.64,0.398,26,7,23.0,0,0
NMR-500168,Breeder,Colony-A,44.2,35,0.214,31.7,14.8,6.54,10.7,0.33,28,18,20.64,0,1
NMR-500333,Queen,Colony-D,47.0,81,0.179,32.8,18.1,7.37,-0.52,0.237,28,10,20.11,1,1
NMR-500924,Worker,Colony-E,29.9,146,0.262,31.0,23.2,5.95,8.94,0.128,33,19,14.42,1,0
NMR-500797,Worker,Colony-A,39.1,70,0.187,32.5,18.3,7.32,33.67,0.122,26,16,17.83,0,1
NMR-500159,Worker,Colony-E,40.1,66,0.389,31.6,23.3,8.22,14.27,0.384,23,8,19.56,0,1
NMR-500061,Soldier,Colony-B,35.9,25,0.25,31.3,9.4,5.75,6.64,0.348,22,10,14.66,0,1
NMR-500727,Worker,Colony-A,25.7,47,0.172,30.9,9.3,6.86,7.29,0.217,26,17,21.84,0,0
NMR-500945,Soldier,Colony-A,26.4,98,0.341,33.0,20.3,8.47,5.62,0.144,20,9,21.45,1,1
NMR-500401,Soldier,Colony-C,23.4,66,0.271,32.7,27.5,5.07,10.14,0.282,28,12,19.08,1,0
NMR-500320,Worker,Colony-B,31.3,41,0.289,31.3,16.9,8.15,7.39,0.204,26,10,20.71,1,0
NMR-500367,Worker,Colony-A,26.1,63,0.189,32.1,39.3,7.29,6.12,0.267,18,8,19.25,1,1
NMR-500829,Worker,Colony-C,19.9,64,0.199,31.7,15.8,6.5,18.63,0.325,22,12,17.29,1,1
NMR-500273,Worker,Colony-A,27.5,28,0.157,33.7,22.2,7.54,15.89,0.144,24,10,21.21,1,0
NMR-500712,Worker,Colony-E,32.5,29,0.252,32.9,16.7,5.06,11.17,0.129,26,14,19.52,1,1
NMR-500515,Worker,Colony-D,22.7,43,0.209,31.7,35.5,7.86,17.56,0.363,11,8,13.16,1,0
NMR-500629,Soldier,Colony-A,39.8,76,0.319,32.2,22.2,8.18,11.84,0.214,19,14,19.06,0,1
NMR-500828,Worker,Colony-C,37.5,37,0.346,32.0,20.0,5.97,8.68,0.418,21,7,18.18,0,1
NMR-500341,Worker,Colony-B,20.7,36,0.213,32.3,30.0,7.54,19.2,0.433,18,11,17.96,1,1
NMR-500140,Worker,Colony-D,34.0,30,0.246,31.4,22.9,5.68,8.71,0.118,14,15,20.82,1,1
NMR-500535,Worker,Colony-B,23.7,103,0.232,32.2,19.3,6.41,10.0,0.298,24,10,18.06,0,0
NMR-500093,Soldier,Colony-E,35.6,75,0.269,31.9,23.2,5.79,11.42,0.56,31,6,16.58,0,0
NMR-500494,Soldier,Colony-A,29.9,34,0.286,33.3,13.2,5.46,4.06,0.096,24,17,20.35,0,0
NMR-500885,Soldier,Colony-E,38.9,37,0.252,31.2,25.8,7.89,7.06,0.154,18,7,16.5,0,0
NMR-500393,Soldier,Colony-B,30.9,44,0.463,31.2,18.5,7.6,10.97,0.151,26,17,17.19,0,0
NMR-500835,Soldier,Colony-D,32.9,57,0.335,31.7,20.1,7.13,8.43,0.323,28,11,21.82,1,1
NMR-500691,Soldier,Colony-D,43.5,66,0.28,31.1,27.3,6.16,6.4,0.583,31,9,19.72,0,1
NMR-500114,Worker,Colony-C,34.6,33,0.29,32.3,18.9,5.83,8.64,0.169,16,13,25.18,1,1
NMR-500147,Breeder,Colony-E,39.1,40,0.404,31.9,24.6,7.65,16.43,0.271,21,10,20.05,0,1
NMR-500860,Queen,Colony-E,49.7,44,0.241,31.4,12.5,6.57,0.85,0.205,18,7,17.9,0,1
NMR-500792,Breeder,Colony-D,37.1,81,0.163,30.9,9.1,7.65,9.96,0.324,23,11,20.95,1,1
NMR-500097,Breeder,Colony-D,44.8,33,0.273,32.7,20.3,5.98,5.84,0.303,23,9,24.56,1,1
NMR-500661,Worker,Colony-B,30.4,66,0.158,31.8,20.3,8.29,12.95,0.416,30,15,26.29,1,1
NMR-500680,Worker,Colony-A,20.8,28,0.266,33.1,25.6,5.06,10.16,0.255,29,16,23.15,1,1
NMR-500381,Worker,Colony-B,44.5,63,0.281,30.5,15.0,7.37,23.17,0.193,30,13,24.07,0,0
NMR-500313,Worker,Colony-E,23.2,60,0.293,31.2,29.3,7.85,7.7,0.084,35,15,16.52,1,0
NMR-500560,Soldier,Colony-B,40.5,74,0.276,32.4,39.3,6.73,9.55,0.135,24,7,22.67,1,1
NMR-500191,Worker,Colony-A,33.0,20,0.285,32.0,21.8,8.42,8.94,0.289,28,8,19.94,0,0
NMR-500370,Breeder,Colony-B,36.4,64,0.238,32.3,20.5,7.34,3.38,0.477,21,16,18.48,0,1
NMR-500934,Queen,Colony-E,45.7,39,0.207,32.3,14.2,6.71,4.51,0.387,33,9,20.7,1,1
NMR-500809,Worker,Colony-C,30.2,47,0.191,31.7,16.6,6.98,6.93,0.082,19,12,25.6,1,1
NMR-500394,Worker,Colony-D,32.9,50,0.168,32.5,23.1,6.21,16.55,0.387,22,7,17.88,1,1
NMR-500212,Worker,Colony-A,41.4,52,0.126,31.2,14.8,6.77,10.63,0.138,23,11,20.98,1,0
NMR-500010,Worker,Colony-A,31.3,69,0.268,30.9,16.2,6.03,12.26,0.577,21,10,20.26,1,0
NMR-500343,Worker,Colony-D,20.6,103,0.293,31.1,13.1,5.4,11.45,0.443,30,10,20.09,0,0
NMR-500036,Worker,Colony-B,20.7,60,0.31,31.0,23.4,8.66,7.94,0.473,30,6,17.77,1,1
NMR-500225,Soldier,Colony-D,26.7,24,0.235,32.6,10.8,6.61,4.68,0.136,27,11,16.94,0,1
NMR-500528,Worker,Colony-E,24.3,47,0.253,32.2,9.8,7.92,13.05,0.334,15,9,17.5,0,1
NMR-500108,Worker,Colony-C,29.4,45,0.248,33.9,22.0,7.06,12.0,0.369,26,8,16.51,0,0
NMR-500917,Breeder,Colony-B,38.1,21,0.221,31.3,23.0,5.64,10.0,0.405,21,16,21.95,0,1
NMR-500679,Breeder,Colony-B,43.2,141,0.216,31.6,14.2,5.65,15.07,0.187,28,9,17.82,0,0
NMR-500516,Worker,Colony-E,29.8,38,0.205,32.8,12.4,8.72,5.09,0.57,24,10,19.31,1,0
NMR-500514,Worker,Colony-B,22.8,137,0.222,31.7,20.3,6.72,12.02,0.398,21,16,12.51,0,1
NMR-500151,Breeder,Colony-B,29.0,66,0.157,29.8,37.9,7.87,3.39,0.641,32,10,21.09,1,0
NMR-500132,Worker,Colony-B,25.3,81,0.452,33.1,31.6,5.83,7.46,0.38,24,12,23.18,1,0
NMR-500612,Soldier,Colony-B,22.0,93,0.243,32.1,18.7,8.16,19.67,0.157,18,6,18.55,0,1
NMR-500260,Worker,Colony-D,36.2,24,0.164,32.3,14.2,7.67,6.25,0.456,25,12,24.2,1,0
NMR-500303,Soldier,Colony-A,38.2,66,0.201,32.1,10.9,8.07,12.09,0.114,34,9,20.56,1,1
NMR-500178,Worker,Colony-C,32.0,104,0.25,35.7,15.2,8.31,8.35,0.17,24,16,24.98,1,0
NMR-500571,Worker,Colony-D,25.8,47,0.208,32.9,11.5,5.95,13.12,0.103,28,5,31.73,0,1
NMR-500016,Breeder,Colony-C,32.9,54,0.297,31.9,15.2,5.77,0.82,0.362,18,9,22.97,0,1
NMR-500216,Worker,Colony-C,33.0,50,0.336,32.3,13.6,8.36,13.11,0.366,20,12,23.67,0,1
NMR-500806,Worker,Colony-E,24.1,23,0.159,32.0,15.7,7.28,11.63,0.336,26,6,19.09,1,0
NMR-500873,Queen,Colony-D,48.6,30,0.21,32.6,22.1,6.53,3.57,0.416,24,6,22.14,1,1
NMR-500500,Queen,Colony-D,33.6,74,0.141,31.8,18.7,8.09,1.6,0.261,26,8,19.22,1,1
NMR-500306,Soldier,Colony-D,49.0,93,0.201,32.4,5.9,6.88,9.67,0.41,25,11,19.32,1,1
NMR-500311,Soldier,Colony-D,34.4,74,0.252,30.6,13.6,5.88,7.97,0.126,17,13,20.98,1,0
NMR-500473,Worker,Colony-C,30.1,40,0.415,30.7,58.4,6.55,12.85,0.406,32,13,17.84,0,0
NMR-500615,Worker,Colony-D,30.7,83,0.264,31.9,16.4,7.18,6.99,0.218,24,13,20.72,0,1
NMR-500840,Worker,Colony-C,32.9,51,0.232,32.2,19.7,5.71,10.79,0.255,29,12,23.63,1,0
NMR-500614,Worker,Colony-C,30.7,33,0.381,32.3,16.7,4.99,18.95,0.437,29,10,17.74,0,1
NMR-500965,Worker,Colony-C,32.5,50,0.227,34.6,42.5,4.83,13.65,0.311,13,11,12.15,1,0
NMR-500008,Worker,Colony-D,32.3,67,0.216,31.9,18.7,5.85,18.56,0.394,19,10,14.62,0,0
NMR-500051,Soldier,Colony-A,28.2,38,0.359,31.7,11.5,7.61,15.14,0.076,25,15,20.1,0,0
NMR-500080,Soldier,Colony-D,24.4,101,0.37,32.1,30.5,7.34,7.49,0.108,22,8,14.74,0,1
NMR-500190,Soldier,Colony-C,33.9,37,0.251,30.8,34.1,5.81,10.67,0.107,24,10,18.4,1,1
NMR-500356,Soldier,Colony-C,33.6,61,0.344,32.2,10.6,4.6,9.87,0.05,22,17,20.66,0,1
NMR-500780,Soldier,Colony-D,21.6,58,0.389,32.1,44.5,4.89,5.46,0.418,34,12,19.99,0,1
NMR-500290,Worker,Colony-C,33.1,88,0.246,32.5,13.5,4.6,11.7,0.291,33,11,22.1,0,0
NMR-500385,Breeder,Colony-E,36.1,56,0.298,32.5,23.7,4.43,6.76,0.194,31,8,18.07,0,0
NMR-500548,Breeder,Colony-A,41.2,45,0.291,32.4,31.8,6.3,2.22,0.189,27,11,21.75,1,1
NMR-500655,Worker,Colony-B,38.4,31,0.355,31.8,30.2,8.01,15.38,0.394,21,8,22.88,1,0
NMR-500511,Soldier,Colony-A,30.6,77,0.242,33.6,20.6,5.99,12.9,0.38,25,23,18.86,1,0
NMR-500909,Soldier,Colony-E,44.3,18,0.284,32.1,15.9,6.47,16.82,0.177,28,9,25.31,0,1
NMR-500066,Soldier,Colony-B,30.6,31,0.329,31.6,29.6,7.0,5.84,0.168,24,10,19.82,1,0
NMR-500392,Worker,Colony-D,24.8,83,0.252,32.7,54.3,7.09,21.66,0.282,22,11,20.84,1,0
NMR-500481,Worker,Colony-C,38.1,49,0.202,31.9,40.2,7.44,7.62,0.487,26,17,25.14,1,1
NMR-500783,Worker,Colony-E,33.8,144,0.119,32.8,27.3,7.52,8.45,0.175,26,11,17.54,1,1
NMR-500584,Worker,Colony-C,29.8,43,0.338,34.7,43.1,7.36,8.11,0.205,15,7,18.74,0,0
NMR-500706,Worker,Colony-E,24.7,58,0.377,31.1,23.1,5.38,16.04,0.337,24,10,17.47,1,0
NMR-500015,Worker,Colony-B,36.6,76,0.299,30.6,15.2,6.49,15.74,0.07,23,10,14.48,0,0
NMR-500652,Breeder,Colony-E,48.6,33,0.205,33.0,9.6,6.56,6.47,0.335,22,15,21.84,0,0
NMR-500747,Soldier,Colony-C,34.3,51,0.267,33.7,20.7,6.35,16.66,0.336,26,13,20.23,1,0
NMR-500435,Soldier,Colony-E,32.1,88,0.154,32.6,21.3,7.2,9.66,0.322,19,10,22.93,1,1
NMR-500785,Worker,Colony-C,31.7,40,0.181,32.2,12.6,8.13,17.2,0.112,20,12,21.51,1,0
NMR-500476,Breeder,Colony-C,40.7,43,0.295,34.0,7.4,4.8,5.17,0.289,15,11,20.52,1,0
NMR-500152,Soldier,Colony-D,42.1,157,0.326,32.2,34.6,7.14,8.51,0.272,26,12,18.02,1,0
NMR-500598,Worker,Colony-B,36.9,27,0.212,29.9,27.8,8.1,15.12,0.451,20,12,12.01,1,0
NMR-500250,Worker,Colony-D,34.4,39,0.203,31.8,9.1,5.43,19.06,0.406,26,11,16.53,0,1
NMR-500169,Worker,Colony-E,19.5,90,0.196,31.8,15.0,8.36,11.5,0.221,23,10,20.84,0,1
NMR-500631,Worker,Colony-B,31.3,98,0.272,33.1,24.3,3.7,8.35,0.211,27,6,19.39,0,0
NMR-500202,Breeder,Colony-A,39.0,62,0.316,32.4,21.5,5.48,4.63,0.461,20,12,16.09,0,1
NMR-500534,Breeder,Colony-B,43.0,80,0.176,32.6,15.4,7.87,2.27,0.363,23,11,14.96,1,1
NMR-500627,Breeder,Colony-B,42.3,41,0.249,33.4,20.3,8.23,1.22,0.287,27,6,23.3,1,0
NMR-500664,Worker,Colony-C,30.3,48,0.14,32.7,23.4,6.03,15.56,0.224,22,12,17.37,1,0
NMR-500050,Soldier,Colony-E,39.1,38,0.289,33.4,27.7,8.58,16.52,0.207,22,9,17.9,1,0
NMR-500188,Worker,Colony-A,37.4,59,0.214,32.3,7.4,7.88,11.97,0.125,16,10,15.23,0,1
NMR-500634,Soldier,Colony-B,27.7,79,0.189,32.5,24.2,9.15,7.71,0.105,28,8,17.22,1,1
NMR-500295,Queen,Colony-B,44.2,38,0.255,32.0,26.7,8.1,-2.47,0.232,16,10,21.91,0,0
NMR-500875,Worker,Colony-D,23.0,76,0.403,32.0,14.4,7.17,9.73,0.494,28,8,24.39,0,1
NMR-500316,Worker,Colony-A,30.1,63,0.169,33.1,59.0,6.04,6.82,0.346,27,10,18.96,1,0
NMR-500308,Soldier,Colony-B,33.4,38,0.446,32.7,10.7,6.01,10.03,0.175,30,7,20.66,1,1
NMR-500005,Worker,Colony-E,31.6,31,0.328,31.9,27.6,7.49,10.59,0.4,18,5,22.38,1,0
NMR-500106,Breeder,Colony-E,40.0,47,0.192,33.3,25.4,6.42,4.4,0.118,28,11,10.31,0,1
NMR-500952,Queen,Colony-A,52.9,61,0.202,34.1,15.6,5.6,20.82,0.223,18,9,20.37,1,0
NMR-500587,Breeder,Colony-A,40.1,90,0.187,33.7,31.8,6.15,7.43,0.385,25,14,21.19,1,0
NMR-500844,Worker,Colony-A,25.6,34,0.187,33.6,33.8,7.62,10.91,0.214,27,6,18.46,1,0
NMR-500813,Soldier,Colony-B,32.9,44,0.184,33.6,12.6,8.07,5.1,0.291,20,4,16.98,1,0
NMR-500362,Worker,Colony-C,24.9,122,0.236,32.2,19.6,8.41,16.65,0.197,23,9,16.26,1,1
NMR-500750,Queen,Colony-E,47.7,23,0.277,33.1,14.8,2.26,6.45,0.24,22,10,25.28,1,1
NMR-500469,Worker,Colony-A,28.2,69,0.236,32.0,12.2,8.0,22.14,0.247,26,12,16.6,0,1
NMR-500545,Worker,Colony-B,33.9,35,0.186,32.3,27.7,6.91,8.67,0.118,28,8,20.22,1,1
NMR-500219,Soldier,Colony-B,47.7,80,0.307,31.8,10.9,5.39,9.53,0.278,28,15,16.58,0,0
NMR-500972,Worker,Colony-B,39.5,34,0.157,34.0,31.1,7.97,13.02,0.252,32,11,17.44,0,0
NMR-500606,Worker,Colony-A,23.3,36,0.213,31.7,40.9,8.05,12.61,0.489,23,13,18.31,1,0
NMR-500640,Worker,Colony-A,27.2,50,0.299,33.2,19.6,6.91,9.55,0.528,27,11,16.67,0,0
NMR-500242,Worker,Colony-E,40.1,23,0.415,31.4,22.5,7.98,18.35,0.159,24,13,21.84,0,0
NMR-500605,Breeder,Colony-E,44.6,59,0.319,32.3,22.8,7.5,5.03,0.469,25,9,20.43,1,1
NMR-500135,Worker,Colony-C,27.3,35,0.233,32.9,30.5,7.62,8.95,0.271,24,10,23.39,1,0
NMR-500007,Worker,Colony-B,29.2,88,0.259,30.8,9.8,5.91,33.62,0.635,29,11,20.17,0,0
NMR-500354,Soldier,Colony-A,41.8,47,0.196,30.8,31.8,5.39,16.95,0.555,22,13,16.45,1,0
NMR-500788,Soldier,Colony-B,38.6,73,0.294,32.1,13.0,6.72,6.4,0.396,29,16,21.45,0,1
NMR-500601,Soldier,Colony-C,39.0,40,0.215,31.5,12.1,7.4,7.48,0.4,29,16,18.19,0,0
NMR-500537,Worker,Colony-C,26.6,59,0.253,31.0,16.6,5.13,11.0,0.457,19,6,22.93,0,0
NMR-500420,Worker,Colony-D,22.8,38,0.157,31.1,23.4,7.36,22.78,0.494,15,9,15.49,1,0
NMR-500406,Worker,Colony-E,36.3,48,0.17,31.8,39.2,5.77,19.46,0.308,17,12,12.58,0,1
NMR-500448,Soldier,Colony-B,46.7,76,0.301,32.0,19.7,6.0,5.1,0.418,19,10,21.29,1,1
NMR-500493,Breeder,Colony-A,48.5,20,0.188,33.2,53.8,7.49,11.63,0.369,15,9,21.42,1,0
NMR-500238,Soldier,Colony-C,38.5,30,0.49,32.7,18.7,4.72,4.89,0.121,31,13,17.59,0,1
NMR-500819,Worker,Colony-D,30.5,67,0.218,31.6,11.5,7.32,9.91,0.265,23,9,21.62,0,1
NMR-500586,Soldier,Colony-E,36.6,30,0.247,32.5,18.6,5.22,3.12,0.079,24,10,16.33,0,1
NMR-500312,Worker,Colony-D,26.4,152,0.221,31.9,13.9,8.14,10.2,0.347,18,7,20.89,0,1
NMR-500794,Worker,Colony-C,30.5,78,0.147,31.9,16.6,7.21,10.05,0.525,16,12,14.12,1,1
NMR-500386,Worker,Colony-C,31.2,34,0.434,32.7,7.4,6.34,18.53,0.386,27,9,23.61,0,1
NMR-500778,Worker,Colony-B,35.1,55,0.352,32.0,37.6,6.45,6.11,0.33,18,9,16.23,1,1
NMR-500228,Soldier,Colony-C,30.4,77,0.312,30.1,31.9,6.14,6.54,0.472,30,12,16.0,1,0
NMR-500892,Worker,Colony-C,33.0,75,0.295,31.0,21.0,6.29,14.57,0.397,21,8,15.71,1,0
NMR-500931,Breeder,Colony-C,47.6,31,0.223,32.2,7.0,9.79,12.8,0.381,22,12,19.3,1,0
NMR-500138,Worker,Colony-B,40.9,78,0.119,30.2,13.8,4.44,10.48,0.565,18,12,17.18,0,0
NMR-500485,Breeder,Colony-C,35.6,117,0.123,31.4,12.0,9.68,9.54,0.174,21,8,22.65,0,1
NMR-500101,Worker,Colony-E,22.0,42,0.175,33.0,26.8,7.4,9.05,0.139,19,7,19.53,1,0
NMR-500208,Worker,Colony-C,33.2,59,0.228,30.7,8.5,8.58,9.7,0.299,22,10,20.65,1,0
NMR-500417,Worker,Colony-D,31.0,44,0.242,31.6,20.6,7.44,5.99,0.548,14,13,20.41,1,1
NMR-500456,Soldier,Colony-C,42.5,51,0.215,32.9,39.1,5.73,11.4,0.29,29,10,17.31,1,1
NMR-500739,Soldier,Colony-C,46.2,68,0.289,31.9,33.7,5.68,13.47,0.124,25,11,20.74,0,1
NMR-500497,Worker,Colony-B,33.6,42,0.4,32.5,7.4,8.16,14.59,0.113,21,12,21.3,0,0
NMR-500589,Worker,Colony-A,35.5,54,0.179,32.9,27.3,6.93,18.49,0.532,32,14,19.96,1,1
NMR-500766,Worker,Colony-B,25.6,44,0.276,32.4,18.3,6.67,7.23,0.215,26,10,22.54,1,1
NMR-500663,Queen,Colony-C,36.4,26,0.245,31.9,18.8,8.0,5.05,0.214,33,9,20.21,0,0
NMR-500261,Breeder,Colony-D,29.4,29,0.195,31.5,25.2,7.18,3.17,0.069,17,11,13.37,0,0
NMR-500120,Worker,Colony-A,19.1,39,0.26,32.7,24.0,8.52,8.58,0.108,19,12,24.35,1,0
NMR-500832,Soldier,Colony-D,18.8,46,0.151,32.6,19.7,8.62,12.21,0.212,28,6,20.12,1,0
NMR-500053,Worker,Colony-C,24.9,124,0.22,32.0,21.2,7.97,8.67,0.291,25,8,25.54,1,1
NMR-500351,Worker,Colony-D,27.6,32,0.294,33.6,16.6,7.82,11.27,0.188,27,8,19.92,1,0
NMR-500533,Worker,Colony-B,37.1,38,0.23,32.4,18.6,7.26,15.07,0.342,32,10,21.96,1,1
NMR-500862,Worker,Colony-C,28.4,44,0.259,32.3,20.0,4.78,12.3,0.128,25,16,16.83,1,1
NMR-500491,Worker,Colony-B,30.8,46,0.196,33.8,26.2,7.43,17.96,0.428,22,14,17.47,1,0
NMR-500384,Worker,Colony-A,29.0,56,0.409,31.3,7.1,6.96,19.35,0.28,30,11,14.63,0,0
NMR-500139,Worker,Colony-A,22.7,123,0.22,32.3,22.2,5.62,19.6,0.029,34,14,17.5,1,0
NMR-500756,Soldier,Colony-C,34.6,59,0.425,33.1,19.4,8.17,8.51,0.388,27,10,20.92,0,0
NMR-500764,Soldier,Colony-B,33.9,37,0.298,32.2,25.2,6.3,11.78,0.276,22,10,20.25,1,1
NMR-500271,Worker,Colony-A,37.8,58,0.234,32.0,46.5,6.31,27.92,0.451,18,9,21.58,1,1
NMR-500990,Soldier,Colony-A,33.9,65,0.439,33.6,19.7,8.05,12.32,0.174,26,10,16.46,0,0
NMR-500920,Worker,Colony-A,17.2,57,0.279,33.5,13.8,6.51,7.99,0.225,21,10,21.15,1,0
NMR-500478,Soldier,Colony-D,35.2,26,0.239,33.8,19.6,6.62,6.04,0.32,21,12,20.75,1,0
NMR-500992,Breeder,Colony-C,35.2,49,0.304,30.7,21.3,8.03,3.86,0.11,22,6,17.96,0,0
NMR-500119,Worker,Colony-A,22.5,128,0.325,33.3,17.0,7.41,9.81,0.128,25,12,20.52,0,1
NMR-500684,Soldier,Colony-A,33.0,28,0.193,32.4,32.8,8.52,17.48,0.307,25,18,16.93,0,1
NMR-500001,Worker,Colony-C,28.4,67,0.252,33.6,12.8,6.77,8.36,0.351,22,7,21.31,0,0
NMR-500399,Soldier,Colony-A,35.5,96,0.331,32.7,17.1,8.57,6.74,0.603,31,10,15.0,0,1
NMR-500360,Worker,Colony-C,25.1,78,0.211,31.7,15.4,5.72,10.3,0.198,26,15,26.24,1,1
NMR-500901,Worker,Colony-D,26.5,35,0.228,32.2,7.7,8.16,20.52,0.192,23,12,23.51,0,0
NMR-500708,Worker,Colony-D,28.4,38,0.17,33.1,23.6,6.08,10.11,0.325,29,7,24.02,0,0
NMR-500364,Soldier,Colony-E,39.3,75,0.202,32.9,17.5,5.62,11.31,0.376,23,18,21.38,1,0
NMR-500096,Soldier,Colony-D,40.1,51,0.255,33.3,11.2,5.73,22.14,0.152,25,6,18.87,0,0
NMR-500501,Queen,Colony-E,42.9,29,0.259,32.0,22.9,6.61,1.89,0.345,19,9,10.11,0,1
NMR-500530,Worker,Colony-B,38.1,118,0.282,32.5,15.0,7.43,9.5,0.48,24,13,16.05,0,1
NMR-500954,Worker,Colony-B,35.2,119,0.248,32.2,23.2,6.19,8.7,0.058,33,10,17.52,1,0
NMR-500055,Worker,Colony-E,28.6,26,0.183,31.3,14.3,7.46,8.16,0.23,24,11,20.52,1,0
NMR-500700,Soldier,Colony-E,39.6,49,0.181,32.4,14.8,5.71,17.07,0.488,16,17,21.7,1,1
NMR-500960,Soldier,Colony-A,35.9,61,0.259,32.7,43.3,7.09,9.62,0.514,24,10,15.0,1,1
NMR-500398,Soldier,Colony-A,33.4,23,0.222,33.0,15.1,9.7,10.13,0.411,18,7,20.9,0,0
NMR-500022,Breeder,Colony-C,44.3,56,0.244,33.4,16.3,8.34,11.33,0.345,24,6,14.6,0,0
NMR-500921,Breeder,Colony-B,36.4,55,0.242,32.1,13.3,6.14,4.63,0.305,22,11,18.96,0,1
NMR-500412,Breeder,Colony-B,32.7,27,0.32,32.8,13.6,5.64,10.22,0.269,26,10,19.26,0,1
NMR-500900,Breeder,Colony-A,50.7,38,0.23,32.9,11.2,7.62,0.16,0.159,29,13,15.8,1,0
NMR-500657,Soldier,Colony-B,37.9,100,0.195,33.0,19.9,6.27,17.85,0.351,17,13,21.03,1,0
NMR-500498,Soldier,Colony-B,37.7,57,0.184,32.3,14.2,4.33,10.73,0.116,17,18,21.15,1,0
NMR-500536,Worker,Colony-E,30.6,43,0.305,31.7,12.8,7.03,17.67,0.31,14,17,23.97,0,1
NMR-500955,Worker,Colony-D,30.6,47,0.264,31.1,7.6,6.99,9.3,0.18,23,10,19.43,1,0
NMR-500936,Breeder,Colony-B,36.7,81,0.264,31.4,26.4,6.98,8.06,0.161,23,13,18.01,0,0
NMR-500272,Soldier,Colony-D,31.7,43,0.255,32.6,21.8,6.11,8.68,0.122,28,14,18.38,1,1
NMR-500596,Soldier,Colony-B,28.7,123,0.114,31.9,26.0,7.49,30.15,0.418,29,12,17.42,0,1
NMR-500874,Soldier,Colony-A,33.2,31,0.282,32.6,13.9,5.27,6.8,0.204,22,11,19.06,0,1
NMR-500987,Worker,Colony-C,22.8,40,0.288,32.5,13.3,7.37,8.49,0.044,22,6,10.45,0,0
NMR-500300,Worker,Colony-A,22.3,46,0.225,30.9,10.8,7.89,7.52,0.285,22,8,14.22,0,0
NMR-500475,Worker,Colony-D,31.9,66,0.149,31.5,16.8,7.97,17.03,0.364,30,8,21.58,1,0
NMR-500895,Worker,Colony-A,24.7,83,0.219,32.7,31.4,8.05,12.71,0.21,17,9,23.55,1,1
NMR-500870,Worker,Colony-D,31.5,68,0.256,30.3,22.8,5.92,14.04,0.239,25,15,15.29,1,0
NMR-500024,Worker,Colony-D,22.2,129,0.255,33.4,14.9,6.1,18.22,0.31,27,7,18.85,0,0
NMR-500711,Soldier,Colony-E,36.8,114,0.388,32.2,29.7,6.41,4.83,0.508,18,12,20.55,1,1
NMR-500187,Worker,Colony-E,35.5,47,0.217,31.7,15.1,5.59,9.2,0.409,22,9,18.75,0,1
NMR-500321,Queen,Colony-D,43.1,51,0.41,31.1,19.2,6.43,-0.46,0.292,22,10,25.99,1,1
NMR-500396,Worker,Colony-D,27.5,37,0.22,34.6,37.0,6.18,22.68,0.205,19,9,22.77,1,0
NMR-500166,Soldier,Colony-C,31.9,73,0.342,33.7,19.1,5.77,5.43,0.423,15,10,16.52,1,0
NMR-500940,Breeder,Colony-C,28.4,55,0.195,32.0,9.5,6.26,3.8,0.387,27,11,20.06,1,0
NMR-500461,Worker,Colony-A,31.1,69,0.264,32.2,9.2,6.98,15.79,0.254,24,10,17.4,1,1
NMR-500716,Soldier,Colony-A,39.4,77,0.407,31.2,10.7,6.4,11.85,0.214,25,10,21.56,0,0
NMR-500824,Worker,Colony-C,19.0,57,0.27,32.5,43.7,5.58,10.37,0.19,31,10,22.36,1,1
NMR-500013,Worker,Colony-D,48.4,41,0.295,32.2,27.2,6.59,15.38,0.363,27,14,22.64,0,1
NMR-500227,Worker,Colony-C,28.2,42,0.201,31.7,28.3,6.14,10.33,0.208,26,7,19.02,1,1
NMR-500772,Worker,Colony-A,39.3,40,0.238,33.0,20.4,5.32,11.19,0.228,32,10,18.27,0,1
NMR-500603,Soldier,Colony-B,39.4,40,0.149,32.4,11.3,8.37,6.41,0.283,22,14,20.99,0,0
NMR-500043,Worker,Colony-A,38.5,30,0.269,32.4,13.5,6.41,26.61,0.332,23,19,21.65,1,1
NMR-500572,Soldier,Colony-B,29.6,49,0.208,31.8,10.3,6.87,7.79,0.142,18,10,17.2,1,1
NMR-500241,Worker,Colony-A,38.4,43,0.12,32.7,18.6,6.34,9.28,0.236,31,10,21.23,1,1
NMR-500176,Worker,Colony-A,20.5,99,0.142,32.7,16.1,6.24,8.07,0.134,24,12,18.59,0,0
NMR-500723,Queen,Colony-B,51.3,105,0.195,34.9,17.8,4.94,2.17,0.324,25,11,20.49,1,0
NMR-500220,Breeder,Colony-B,34.0,82,0.354,32.7,26.4,7.7,7.61,0.172,22,11,14.84,0,1
NMR-500130,Breeder,Colony-A,48.5,69,0.192,32.2,13.0,7.32,4.59,0.089,25,14,14.89,0,1
NMR-500248,Worker,Colony-E,25.4,73,0.272,31.8,13.6,7.08,13.0,0.11,22,10,24.63,1,1
NMR-500413,Worker,Colony-B,28.0,31,0.228,30.7,9.9,7.94,6.29,0.27,30,16,18.24,0,0
NMR-500070,Breeder,Colony-C,19.2,41,0.153,32.5,16.6,6.12,7.26,0.144,19,12,17.99,0,1
NMR-500153,Worker,Colony-B,29.1,78,0.277,33.4,22.1,6.54,9.03,0.112,29,5,16.23,0,0
NMR-500565,Soldier,Colony-C,39.7,25,0.4,33.5,28.2,7.05,6.22,0.169,27,9,28.79,1,0
NMR-500538,Worker,Colony-D,29.4,42,0.403,32.3,11.1,7.17,8.86,0.32,28,7,21.91,0,1
NMR-500902,Worker,Colony-C,31.8,43,0.283,32.1,8.7,8.08,9.62,0.282,21,16,16.49,0,1
NMR-500258,Worker,Colony-C,36.3,66,0.245,34.5,23.3,7.67,13.69,0.26,23,14,23.96,1,0
NMR-500922,Worker,Colony-D,31.5,39,0.206,30.8,21.9,6.61,19.7,0.358,27,15,26.04,1,1
NMR-500150,Soldier,Colony-A,40.4,28,0.258,33.9,20.8,6.62,15.73,0.376,20,9,20.96,0,0
NMR-500086,Worker,Colony-E,35.1,79,0.185,32.1,13.5,5.64,21.04,0.14,24,10,25.97,1,0
NMR-500995,Worker,Colony-A,34.9,47,0.322,32.3,9.4,4.96,9.0,0.574,18,10,15.71,0,1
NMR-500395,Worker,Colony-D,24.9,74,0.279,31.3,23.5,7.26,8.63,0.073,40,11,14.4,1,0
NMR-500196,Soldier,Colony-D,27.8,80,0.252,32.8,22.4,5.75,23.97,0.459,22,12,23.72,1,0
NMR-500209,Queen,Colony-B,32.7,43,0.276,33.8,17.6,8.15,7.55,0.283,20,18,21.86,1,0
NMR-500689,Breeder,Colony-E,38.9,31,0.229,32.5,10.3,8.04,2.44,0.219,22,13,26.57,1,1
NMR-500247,Worker,Colony-A,23.4,91,0.254,33.0,17.4,7.79,8.94,0.132,29,16,18.54,0,1
NMR-500215,Soldier,Colony-B,35.2,92,0.184,30.7,12.8,6.7,6.8,0.049,24,12,16.69,1,0
NMR-500799,Queen,Colony-C,46.0,82,0.294,32.1,12.7,6.78,5.9,0.083,22,16,15.77,0,1
NMR-500688,Soldier,Colony-A,43.4,39,0.248,31.3,11.2,8.38,8.36,0.309,29,6,16.82,0,0
NMR-500033,Worker,Colony-C,30.5,50,0.372,32.8,21.4,6.81,6.77,0.457,26,16,21.3,0,1
NMR-500579,Worker,Colony-B,39.0,57,0.244,30.2,30.3,5.92,9.24,0.231,24,11,17.37,1,0
NMR-500863,Worker,Colony-E,41.8,83,0.191,30.9,33.6,5.6,6.58,0.224,26,9,20.79,1,0
NMR-500871,Soldier,Colony-D,38.1,120,0.184,31.0,17.0,4.76,5.09,0.185,30,8,20.33,1,0
NMR-500006,Soldier,Colony-E,44.2,64,0.242,33.4,15.7,9.11,11.54,0.257,22,13,22.87,0,1
NMR-500214,Breeder,Colony-B,43.6,39,0.36,32.7,43.2,7.07,5.51,0.435,29,14,16.24,0,0
NMR-500426,Soldier,Colony-A,35.0,77,0.417,32.2,7.6,8.06,13.64,0.446,23,13,18.06,0,1
NMR-500002,Breeder,Colony-D,35.2,68,0.214,33.1,13.2,4.68,6.25,0.362,30,11,17.72,0,0
NMR-500741,Worker,Colony-E,24.0,31,0.329,31.2,12.9,7.56,17.51,0.433,23,7,23.46,0,0
NMR-500915,Worker,Colony-A,32.3,68,0.173,30.6,36.7,5.88,15.41,0.251,21,6,11.45,1,0
NMR-500221,Breeder,Colony-E,47.9,76,0.307,32.0,16.0,6.89,5.42,0.166,19,7,19.73,1,1
NMR-500821,Worker,Colony-C,39.4,37,0.203,31.7,24.2,5.26,25.26,0.459,25,12,24.46,0,1
NMR-500170,Worker,Colony-C,28.6,59,0.179,32.7,9.0,6.65,11.61,0.21,26,13,18.5,0,1
NMR-500649,Breeder,Colony-B,41.9,58,0.245,31.7,24.1,7.42,9.84,0.509,20,12,17.92,0,1
NMR-500079,Soldier,Colony-B,36.1,19,0.236,32.7,14.3,9.21,8.13,0.236,22,7,17.08,0,0
NMR-500118,Soldier,Colony-A,28.6,81,0.28,30.9,12.6,7.51,9.08,0.22,25,12,23.47,0,1
NMR-500513,Worker,Colony-B,28.4,31,0.163,32.9,12.7,6.54,8.51,0.189,30,9,18.84,1,1
NMR-500436,Breeder,Colony-C,29.7,22,0.404,31.2,34.7,6.84,7.51,0.238,24,14,16.79,0,0
NMR-500632,Worker,Colony-E,35.9,57,0.188,32.6,5.6,7.8,8.16,0.491,30,14,18.24,0,1
NMR-500914,Worker,Colony-A,24.8,49,0.214,33.3,31.0,7.51,7.71,0.244,34,12,17.81,0,0
NMR-500737,Soldier,Colony-B,28.7,33,0.2,31.5,35.0,6.49,11.76,0.169,26,7,22.23,1,0
NMR-500179,Soldier,Colony-C,37.4,55,0.197,30.9,18.4,6.17,9.08,0.153,21,12,18.56,1,0
NMR-500958,Breeder,Colony-C,39.8,31,0.232,32.1,21.7,7.5,9.22,0.398,22,11,21.43,0,1
NMR-500182,Worker,Colony-E,30.6,33,0.248,33.7,18.4,4.97,8.68,0.081,22,11,18.87,0,1
NMR-500226,Worker,Colony-D,22.5,34,0.175,32.9,12.2,6.55,15.6,0.14,21,12,25.39,1,1
NMR-500158,Breeder,Colony-E,45.0,59,0.215,34.1,24.9,7.85,6.45,0.266,30,13,19.25,0,0
NMR-500971,Breeder,Colony-A,37.4,92,0.254,31.7,15.1,6.61,3.93,0.101,22,10,24.05,0,0
NMR-500662,Soldier,Colony-A,46.1,62,0.415,33.0,14.8,8.13,9.05,0.132,23,11,22.28,0,0
NMR-500144,Breeder,Colony-A,27.6,81,0.379,33.1,19.7,7.05,9.79,0.298,25,11,19.29,0,1
NMR-500639,Worker,Colony-B,23.8,105,0.177,33.3,19.5,6.89,10.06,0.295,25,13,14.22,1,1
NMR-500823,Worker,Colony-D,25.5,106,0.22,32.1,16.5,3.73,11.3,0.083,14,10,23.08,1,0
NMR-500722,Worker,Colony-C,29.0,76,0.283,32.5,9.2,7.84,14.53,0.38,25,8,16.98,0,1
NMR-500090,Worker,Colony-A,25.8,61,0.429,30.8,29.9,5.07,12.46,0.276,25,11,19.94,0,0
NMR-500231,Soldier,Colony-A,34.0,45,0.164,32.7,21.7,6.35,6.07,0.256,22,14,26.27,1,1
NMR-500375,Soldier,Colony-D,29.5,73,0.37,32.8,12.2,8.23,5.38,0.152,26,6,20.74,0,1
NMR-500993,Soldier,Colony-A,40.3,83,0.288,32.4,39.4,6.51,8.21,0.122,20,12,19.24,1,1
NMR-500071,Queen,Colony-A,34.0,57,0.35,33.3,14.5,6.29,-2.52,0.094,30,10,14.23,0,0
NMR-500319,Worker,Colony-C,27.4,42,0.26,31.7,23.7,7.54,13.16,0.413,18,18,22.63,1,1
NMR-500976,Soldier,Colony-A,26.5,52,0.196,30.3,25.7,6.65,22.98,0.275,21,8,13.17,0,0
NMR-500670,Worker,Colony-E,22.0,59,0.272,33.6,35.5,7.7,12.29,0.373,15,16,18.27,0,0
NMR-500149,Worker,Colony-A,34.5,83,0.197,31.3,8.1,5.78,15.83,0.459,20,10,17.32,0,0
NMR-500444,Worker,Colony-E,25.9,36,0.249,30.9,23.7,6.18,11.24,0.577,26,11,20.52,1,0
NMR-500776,Soldier,Colony-C,31.2,58,0.158,33.6,12.6,5.0,9.2,0.394,22,12,17.89,0,0
NMR-500951,Worker,Colony-A,29.5,88,0.354,32.2,42.4,7.53,12.88,0.458,20,16,16.1,1,1
NMR-500359,Worker,Colony-C,27.2,95,0.268,33.3,16.4,8.65,11.42,0.199,20,10,13.88,0,1
NMR-500082,Soldier,Colony-D,41.1,37,0.123,33.0,29.1,7.18,19.71,0.266,33,14,22.93,1,1
NMR-500289,Worker,Colony-E,19.2,60,0.366,31.2,22.3,9.12,15.39,0.598,33,9,22.39,1,0
NMR-500323,Worker,Colony-D,24.1,106,0.255,31.8,18.8,3.01,11.89,0.148,32,15,18.32,1,0
NMR-500734,Worker,Colony-C,34.1,34,0.226,32.7,25.3,7.14,12.1,0.315,24,10,27.97,1,0
NMR-500301,Queen,Colony-C,34.0,63,0.215,31.4,30.6,5.26,3.98,0.172,25,12,19.12,1,0
NMR-500827,Worker,Colony-B,38.3,94,0.291,31.9,21.4,6.58,13.19,0.184,24,12,18.21,0,0
NMR-500155,Worker,Colony-C,23.3,78,0.301,31.2,18.1,5.63,21.86,0.266,21,11,22.06,1,0
NMR-500759,Worker,Colony-A,28.9,62,0.118,31.8,21.0,6.61,7.19,0.246,24,8,24.7,0,0
NMR-500352,Worker,Colony-E,32.8,32,0.223,33.0,21.3,8.44,12.93,0.144,23,13,22.15,1,0
NMR-500280,Queen,Colony-A,26.6,31,0.498,31.2,11.6,7.85,0.21,0.205,19,16,16.03,0,0
NMR-500329,Soldier,Colony-B,41.8,79,0.26,32.7,15.2,5.77,26.48,0.216,17,10,16.0,0,0
NMR-500752,Soldier,Colony-C,33.3,49,0.169,31.2,26.2,7.34,16.0,0.128,34,13,19.75,1,0
NMR-500715,Breeder,Colony-C,47.8,46,0.196,33.2,14.1,7.46,35.51,0.062,19,11,20.83,1,0
NMR-500427,Worker,Colony-E,27.1,88,0.296,31.8,10.8,6.32,19.89,0.466,22,8,25.98,0,1
NMR-500710,Soldier,Colony-A,30.0,34,0.242,33.0,20.5,6.73,5.48,0.267,19,9,19.07,0,0
NMR-500762,Worker,Colony-C,23.6,95,0.277,32.4,13.3,5.29,15.28,0.184,22,14,18.04,0,0
NMR-500432,Worker,Colony-A,36.1,97,0.177,32.8,9.8,5.2,14.43,0.217,24,6,17.54,0,0
NMR-500421,Worker,Colony-A,31.9,42,0.332,33.1,7.1,6.18,10.89,0.125,28,11,20.65,0,0
NMR-500834,Soldier,Colony-A,34.4,49,0.313,33.8,31.5,6.13,9.28,0.171,30,10,20.02,1,0
NMR-500733,Worker,Colony-A,23.7,64,0.236,32.9,42.1,7.3,10.02,0.306,26,9,15.05,1,0
NMR-500876,Breeder,Colony-E,38.0,23,0.373,33.6,20.3,8.89,6.43,0.151,26,13,18.7,0,0
NMR-500969,Soldier,Colony-C,27.6,88,0.231,32.2,16.4,6.82,4.4,0.252,24,14,19.69,0,1
NMR-500905,Soldier,Colony-A,34.6,42,0.291,32.3,8.0,7.1,14.52,0.113,32,12,13.03,0,0
NMR-500967,Soldier,Colony-B,39.1,50,0.117,33.3,36.0,5.87,6.82,0.152,23,9,18.1,1,0
NMR-500505,Worker,Colony-D,34.8,57,0.181,33.5,31.0,6.0,23.1,0.313,28,8,18.35,1,0
NMR-500845,Worker,Colony-D,39.3,18,0.246,31.7,30.2,6.65,14.25,0.223,25,11,17.14,1,1
NMR-500021,Worker,Colony-B,31.0,26,0.134,31.7,15.2,6.42,15.81,0.305,14,10,14.95,0,1
NMR-500877,Worker,Colony-E,36.4,27,0.333,31.7,24.3,8.12,8.69,0.258,19,11,14.9,1,0
NMR-500110,Worker,Colony-C,21.6,57,0.112,33.3,20.4,5.71,11.02,0.204,27,7,21.27,1,0
NMR-500908,Worker,Colony-E,26.1,42,0.777,30.9,11.9,6.83,12.03,0.357,20,9,21.18,0,0
NMR-500177,Soldier,Colony-A,29.1,68,0.214,31.2,7.4,7.09,12.0,0.453,25,7,22.39,0,0
NMR-500583,Worker,Colony-A,31.0,113,0.299,32.9,11.9,7.32,10.92,0.48,20,5,19.16,0,1
NMR-500763,Worker,Colony-C,22.1,62,0.223,30.9,36.1,6.51,12.71,0.341,22,10,18.91,1,0
NMR-500204,Worker,Colony-B,33.8,83,0.207,31.4,16.5,7.16,9.11,0.138,12,13,24.02,1,0
NMR-500124,Worker,Colony-C,26.5,79,0.288,32.8,25.4,6.29,5.97,0.196,35,11,22.29,0,1
NMR-500602,Worker,Colony-B,29.4,47,0.192,32.8,43.9,6.97,22.96,0.307,17,11,22.89,1,0
