sample_id,group,batch,measure_1,resting_potential_mv,input_resistance_mohm,membrane_tau_ms,rheobase_pa,ap_threshold_mv,ap_half_width_ms,max_firing_rate_hz,spike_count,adaptation_index,target_a,target_b
NEU-500451,Control,B01,93.34,-62.81,255.4,27.09,134.6,-31.03,0.746,16.7,90,0.6575,0,1
NEU-500591,TreatmentB,B03,105.07,-60.1,238.1,18.29,85.5,-40.57,0.917,47.6,88,0.5605,1,1
NEU-500137,TreatmentA,B02,100.51,-52.98,342.4,14.82,76.0,-46.28,1.58,53.8,80,0.3202,1,0
NEU-500291,Control,B02,123.04,-62.69,68.3,11.61,103.8,-45.02,0.95,51.0,96,0.4273,0,0
NEU-500849,TreatmentB,B02,102.68,-57.88,165.9,8.48,82.4,-45.78,1.131,51.5,76,0.593,1,0
NEU-500466,TreatmentB,B03,104.87,-62.3,399.0,5.39,106.6,-37.17,1.506,57.9,114,0.455,0,1
NEU-500723,TreatmentB,B01,91.86,-73.37,281.2,10.68,52.8,-44.93,1.32,59.7,98,0.5331,1,0
NEU-500806,TreatmentB,B03,95.53,-67.14,286.8,16.02,43.7,-50.21,1.138,76.0,72,0.2759,1,1
NEU-500112,TreatmentA,B02,72.78,-56.99,406.8,18.43,84.3,-42.79,1.271,36.5,90,0.5429,0,1
NEU-500586,TreatmentB,B03,83.35,-60.16,161.2,9.17,97.0,-41.33,1.031,56.6,90,0.5166,0,0
NEU-500149,TreatmentA,B02,62.2,-71.08,245.1,15.68,170.3,-42.44,0.839,66.2,83,0.1618,1,0
NEU-500757,Control,B02,79.31,-65.48,182.6,11.63,129.7,-45.36,0.667,27.2,82,0.465,1,1
NEU-500361,Control,B03,112.55,-59.82,106.4,25.63,159.2,-41.24,1.252,37.8,83,0.2406,1,0
NEU-500989,TreatmentA,B02,107.45,-58.23,234.6,12.92,94.8,-43.0,0.993,41.4,81,0.3184,1,0
NEU-500436,TreatmentB,B03,138.4,-66.18,142.4,17.03,27.0,-34.04,1.086,63.4,87,0.7391,1,1
NEU-500462,TreatmentB,B02,61.14,-54.58,127.7,10.9,35.1,-48.11,0.96,43.7,88,0.2719,1,0
NEU-500191,TreatmentA,B01,96.52,-64.2,121.0,10.1,124.0,-48.18,0.854,49.3,95,0.3716,0,1
NEU-500190,TreatmentB,B02,91.64,-60.93,97.7,10.53,80.1,-41.87,1.121,80.1,99,0.4895,1,1
NEU-500929,TreatmentB,B01,89.15,-58.21,123.6,12.11,85.7,-47.31,1.806,66.5,88,0.2842,1,1
NEU-500570,Control,B02,108.4,-63.69,104.2,21.48,113.5,-40.1,1.236,66.9,87,0.4572,1,1
NEU-500706,TreatmentA,B01,102.64,-65.99,99.1,21.69,79.2,-46.57,1.245,44.0,77,0.367,1,1
NEU-500233,TreatmentB,B02,82.8,-71.21,90.7,7.37,52.6,-40.29,0.854,56.8,73,0.3714,1,0
NEU-500235,Control,B03,79.53,-61.43,91.3,16.73,125.6,-47.59,1.049,38.7,80,0.4366,1,0
NEU-500231,TreatmentA,B02,87.61,-72.83,135.8,22.87,143.8,-47.73,0.746,44.2,99,0.3145,0,0
NEU-500480,TreatmentB,B02,83.35,-64.03,136.7,7.71,108.8,-44.79,0.622,57.7,73,0.3906,0,1
NEU-500985,Control,B01,133.99,-57.83,71.2,16.1,189.1,-44.82,1.181,54.9,78,0.7323,1,1
NEU-500415,Control,B01,96.8,-69.7,200.1,17.66,128.2,-48.16,1.185,57.1,81,0.1633,0,0
NEU-500218,TreatmentA,B02,123.18,-73.01,152.8,16.72,109.7,-47.17,0.975,27.7,90,0.5183,1,1
NEU-500446,TreatmentB,B03,133.67,-69.15,177.3,14.0,124.9,-48.88,0.66,84.8,77,0.2526,1,1
NEU-500732,TreatmentA,B01,86.55,-61.48,115.1,15.7,29.9,-41.11,0.76,33.9,95,0.4754,0,1
NEU-500141,Control,B02,99.5,-69.47,219.8,9.53,107.3,-41.86,1.43,43.7,96,0.6232,0,0
NEU-500978,TreatmentB,B02,101.95,-69.36,319.7,13.77,69.6,-37.41,0.881,72.6,80,0.5388,1,0
NEU-500585,Control,B01,106.37,-71.72,162.5,18.46,142.7,-35.71,1.38,11.8,88,0.4096,0,0
NEU-500266,TreatmentA,B02,108.8,-68.15,221.0,8.44,72.5,-38.4,0.724,74.5,84,0.2356,1,1
NEU-500972,Control,B01,110.8,-59.86,162.9,16.18,57.0,-33.92,1.072,32.8,96,0.5538,0,0
NEU-500750,TreatmentB,B03,97.79,-78.14,133.0,9.7,142.2,-45.59,1.476,81.4,79,0.4317,1,0
NEU-500449,Control,B02,120.56,-75.08,174.3,17.96,156.3,-36.74,1.111,33.0,92,0.7555,0,0
NEU-500288,TreatmentB,B01,100.64,-56.26,137.2,10.87,120.7,-36.73,1.756,60.0,96,0.1913,1,1
NEU-500574,TreatmentB,B01,122.21,-64.49,206.2,12.99,-17.9,-30.75,1.008,100.2,77,0.3078,1,1
NEU-500499,Control,B02,87.78,-60.55,203.4,13.38,126.7,-38.77,0.733,50.1,106,0.2973,0,1
NEU-500566,TreatmentA,B03,82.16,-57.5,377.4,10.27,119.3,-44.72,1.36,70.9,96,0.4237,1,0
NEU-500671,TreatmentA,B01,96.52,-64.47,98.5,11.58,57.2,-40.87,1.23,46.3,79,0.5621,1,0
NEU-500202,Control,B02,89.41,-55.75,487.9,11.85,59.2,-37.36,1.12,24.1,97,0.117,0,0
NEU-500652,Control,B02,97.27,-58.25,252.2,17.61,126.6,-48.46,1.483,41.4,93,0.5208,0,0
NEU-500318,TreatmentA,B03,114.94,-67.76,119.5,4.45,118.7,-43.56,1.139,36.2,84,0.3931,0,0
NEU-500414,TreatmentA,B01,86.57,-61.35,165.2,7.79,97.6,-42.33,0.903,63.9,90,0.2452,0,1
NEU-500450,Control,B01,95.03,-63.37,103.2,9.77,122.2,-39.55,1.107,34.5,86,0.1487,0,1
NEU-500316,Control,B02,108.13,-57.42,271.0,12.97,134.7,-43.95,0.957,63.7,97,0.3002,1,0
NEU-500742,TreatmentA,B03,109.43,-52.93,271.2,7.47,71.8,-38.72,1.107,50.2,103,0.669,1,0
NEU-500409,TreatmentB,B01,93.69,-67.93,204.8,20.09,54.2,-41.08,1.346,33.3,95,0.3784,0,0
NEU-500924,TreatmentA,B01,132.06,-64.05,146.6,15.43,76.1,-42.26,0.599,58.8,91,0.1645,0,0
NEU-500616,TreatmentB,B01,89.15,-69.49,271.9,11.72,58.4,-42.03,0.916,68.1,73,0.6852,0,0
NEU-500893,TreatmentA,B02,95.63,-59.29,308.7,9.07,58.3,-39.31,1.836,74.5,97,0.2351,1,1
NEU-500424,Control,B03,94.0,-68.85,184.3,27.25,140.2,-53.51,1.015,64.6,90,0.1582,0,0
NEU-500596,Control,B02,106.98,-65.68,100.7,12.21,27.3,-42.41,1.6,36.8,82,0.4624,1,1
NEU-500726,Control,B02,107.27,-68.11,211.0,9.48,115.4,-43.2,0.94,19.5,75,0.6635,0,0
NEU-500768,Control,B03,113.52,-66.54,446.1,8.3,144.1,-42.76,1.179,51.6,81,0.564,0,0
NEU-500571,Control,B03,98.84,-61.44,86.2,14.18,92.2,-33.78,0.628,44.5,88,0.3897,0,1
NEU-500221,TreatmentB,B03,127.99,-63.33,133.9,14.41,123.3,-44.19,1.706,64.5,81,0.5082,1,1
NEU-500452,Control,B01,100.37,-73.75,138.5,15.51,152.1,-35.59,1.84,58.6,73,0.5557,1,0
NEU-500012,TreatmentA,B03,119.21,-74.82,116.6,11.97,71.7,-44.49,0.693,47.5,68,0.4579,1,1
NEU-500794,TreatmentA,B03,109.86,-64.04,222.1,7.12,106.9,-41.3,1.196,46.5,69,0.3737,0,1
NEU-500035,TreatmentB,B01,103.54,-65.24,329.1,19.58,160.3,-47.74,1.152,50.8,92,0.2766,0,1
NEU-500026,TreatmentB,B03,77.65,-64.64,211.6,13.79,59.2,-38.92,0.839,58.9,96,0.4169,1,1
NEU-500637,TreatmentA,B01,86.83,-67.64,168.0,15.65,42.3,-36.67,0.895,53.6,80,0.4137,0,1
NEU-500285,Control,B03,117.39,-64.01,213.4,11.79,169.0,-37.11,0.765,46.1,85,0.4387,0,1
NEU-500847,TreatmentA,B01,86.73,-67.68,166.1,7.59,140.8,-40.62,1.116,63.7,77,0.5448,0,0
NEU-500324,Control,B01,113.7,-59.93,230.7,15.37,88.8,-41.29,0.836,29.9,95,0.5989,0,0
NEU-500309,TreatmentA,B01,100.02,-63.05,87.9,18.21,207.4,-44.93,0.465,41.8,94,0.1783,0,1
NEU-500905,TreatmentA,B02,86.82,-72.56,282.3,9.17,141.0,-42.24,0.874,63.8,82,0.1404,0,0
NEU-500464,TreatmentA,B01,115.94,-68.17,192.7,17.25,89.2,-42.66,1.101,55.2,104,0.5171,1,1
NEU-500695,TreatmentA,B03,117.13,-69.09,79.1,9.98,64.6,-44.71,1.174,48.5,89,0.4338,0,1
NEU-500720,Control,B02,121.94,-59.06,618.4,6.28,127.5,-45.29,0.86,33.1,112,0.4193,0,0
NEU-500701,Control,B01,89.27,-63.09,317.6,8.51,58.2,-49.8,0.822,45.0,86,0.7394,1,0
NEU-500062,Control,B03,110.06,-65.64,115.2,11.57,38.7,-42.17,1.032,32.6,79,0.4237,0,1
NEU-500642,Control,B01,92.37,-56.39,170.5,25.04,96.4,-46.56,0.945,26.1,88,0.6772,1,1
NEU-500894,Control,B01,115.9,-66.41,101.0,13.25,100.2,-41.02,0.864,38.2,81,0.5634,1,0
NEU-500024,Control,B02,109.09,-63.29,354.6,8.23,208.5,-38.25,0.535,34.7,89,0.5829,0,1
NEU-500380,Control,B03,77.85,-65.98,418.7,32.04,95.0,-45.56,1.119,49.6,81,0.1831,0,0
NEU-500138,TreatmentA,B02,81.49,-60.7,230.2,8.2,68.6,-36.19,1.804,28.7,89,0.3144,1,1
NEU-500356,TreatmentB,B02,92.5,-65.81,280.4,31.11,60.5,-36.83,0.612,56.0,84,0.3344,0,0
NEU-500831,TreatmentB,B03,108.73,-67.99,249.5,11.73,79.6,-40.43,0.921,50.2,84,0.2721,0,1
NEU-500843,TreatmentB,B02,104.62,-75.06,121.8,12.8,129.7,-39.61,0.66,67.5,94,0.5759,0,1
NEU-500999,TreatmentB,B02,98.55,-66.25,115.5,10.39,-1.4,-41.56,1.326,54.3,85,0.5242,0,0
NEU-500898,TreatmentA,B03,109.06,-71.61,147.0,16.87,84.0,-37.48,0.721,49.0,76,0.3717,1,0
NEU-500631,Control,B02,95.26,-64.27,231.8,25.4,167.0,-42.91,1.457,8.2,90,0.2052,0,0
NEU-500984,TreatmentB,B03,104.16,-68.6,126.2,19.96,28.6,-46.62,1.894,70.8,89,0.7084,1,1
NEU-500087,TreatmentB,B03,100.75,-67.59,167.1,20.32,67.5,-40.57,0.687,68.8,96,0.4605,1,1
NEU-500951,TreatmentA,B03,99.04,-65.28,74.0,12.48,118.7,-39.41,1.428,55.9,87,0.7841,1,1
NEU-500483,Control,B02,86.89,-58.83,329.4,17.27,116.8,-34.81,1.014,27.8,81,0.552,0,1
NEU-500326,TreatmentB,B02,97.79,-64.91,114.3,15.03,113.4,-45.52,1.431,59.8,90,0.3717,1,0
NEU-500485,Control,B01,84.74,-66.75,251.0,19.98,78.3,-44.6,0.897,17.0,81,0.1774,0,0
NEU-500345,Control,B03,97.35,-73.42,212.5,9.73,88.6,-46.65,1.335,43.8,85,0.1819,1,1
NEU-500511,Control,B01,99.79,-75.18,304.2,10.04,59.0,-46.29,0.575,25.1,77,0.3075,0,0
NEU-500777,TreatmentA,B03,117.76,-71.32,127.2,9.35,100.3,-39.83,1.2,47.2,96,0.3703,1,0
NEU-500494,TreatmentB,B03,78.36,-61.69,146.3,9.24,52.7,-33.79,1.296,75.3,104,0.6584,1,0
NEU-500001,Control,B03,69.22,-58.85,155.9,19.29,150.0,-44.21,1.107,68.6,91,0.5129,1,1
NEU-500471,TreatmentB,B03,108.27,-65.53,86.5,13.35,121.3,-44.34,1.98,73.0,96,0.3042,1,1
NEU-500368,TreatmentA,B01,85.19,-60.24,200.9,14.52,53.9,-43.2,0.482,66.8,66,0.4628,0,1
NEU-500621,TreatmentA,B01,107.36,-65.8,436.9,11.07,77.7,-41.06,0.933,30.5,81,0.2697,0,1
NEU-500556,TreatmentA,B03,103.77,-59.87,221.7,13.58,102.0,-39.73,1.761,70.5,90,0.5394,1,0
NEU-500931,TreatmentB,B01,108.13,-64.83,381.3,16.49,121.5,-40.34,1.284,52.2,76,0.4293,0,1
NEU-500411,TreatmentB,B02,93.37,-64.95,121.2,15.57,105.1,-37.65,1.466,106.0,86,0.3834,1,1
NEU-500244,TreatmentB,B03,97.88,-65.09,133.6,12.24,72.8,-42.64,0.871,52.5,89,0.5822,0,1
NEU-500552,TreatmentB,B02,96.73,-56.92,193.7,8.32,115.7,-47.15,1.208,68.7,92,0.4148,1,0
NEU-500184,Control,B03,112.46,-64.88,187.0,15.16,101.9,-37.71,1.975,20.1,76,0.4862,1,1
NEU-500943,Control,B02,89.38,-73.11,210.6,22.9,111.7,-52.9,1.272,56.6,79,0.6713,1,1
NEU-500855,Control,B01,106.56,-57.61,123.0,13.33,107.9,-44.79,0.855,27.4,82,0.5559,0,1
NEU-500753,TreatmentA,B02,105.9,-69.37,145.3,21.32,76.2,-35.31,1.374,47.2,86,0.5074,0,1
NEU-500274,TreatmentA,B02,112.41,-63.56,153.5,17.85,159.6,-43.42,1.412,40.9,80,0.4967,1,1
NEU-500225,Control,B02,120.02,-63.85,322.2,21.71,92.9,-47.78,0.93,42.8,77,0.3839,0,1
NEU-500801,Control,B02,90.4,-66.77,123.9,14.32,165.0,-42.92,0.985,56.6,82,0.1864,0,1
NEU-500313,Control,B03,112.42,-59.69,218.2,9.27,102.4,-45.06,0.816,34.8,84,0.6447,0,0
NEU-500727,Control,B02,132.52,-63.4,165.4,19.61,116.1,-40.74,0.938,20.0,81,0.2881,0,0
NEU-500269,TreatmentB,B01,110.44,-59.34,223.0,5.58,55.8,-40.56,1.434,77.0,77,0.2394,1,1
NEU-500029,TreatmentB,B03,92.41,-69.93,332.8,24.66,173.7,-42.57,0.889,79.0,78,0.4599,0,1
NEU-500836,Control,B01,99.59,-59.46,195.2,15.7,91.5,-41.7,0.921,38.3,95,0.5603,1,1
NEU-500937,Control,B02,90.19,-63.53,170.5,9.48,152.0,-38.64,1.064,41.9,97,0.4563,1,0
NEU-500581,TreatmentA,B03,96.25,-64.11,169.4,11.78,112.4,-41.04,0.845,49.0,81,0.2651,1,1
NEU-500351,Control,B02,105.89,-67.3,145.0,11.62,120.0,-40.42,0.657,34.9,92,0.2483,0,1
NEU-500295,TreatmentA,B03,95.48,-76.89,107.8,22.08,167.5,-52.28,0.997,57.0,84,0.471,1,0
NEU-500949,Control,B02,99.2,-64.19,227.1,19.99,186.1,-46.0,0.831,29.8,74,0.1021,0,0
NEU-500169,TreatmentB,B01,131.18,-56.08,125.2,17.29,44.6,-39.9,0.964,79.5,100,0.3591,1,0
NEU-500119,TreatmentA,B01,99.24,-66.25,235.3,12.59,145.3,-40.52,1.128,58.2,103,0.217,1,1
NEU-500405,TreatmentB,B02,96.24,-62.39,125.3,14.35,91.8,-42.99,0.982,52.0,84,0.2171,0,1
NEU-500613,TreatmentA,B02,75.07,-70.54,264.2,25.94,58.2,-42.51,0.979,48.5,94,0.4315,0,0
NEU-500240,TreatmentA,B02,82.06,-60.18,126.6,17.36,149.5,-43.57,1.368,51.1,92,0.3429,1,0
NEU-500600,TreatmentB,B02,106.97,-65.84,202.0,22.78,119.0,-40.43,1.284,26.9,88,0.5344,0,1
NEU-500914,TreatmentA,B01,117.35,-71.43,108.5,9.32,99.5,-45.14,1.421,69.2,82,0.324,1,1
NEU-500236,TreatmentA,B03,103.66,-72.21,325.0,11.86,95.3,-38.27,1.216,43.2,75,0.2489,0,0
NEU-500708,TreatmentB,B01,90.53,-74.46,135.3,13.64,82.2,-35.53,0.839,67.0,88,0.616,1,0
NEU-500268,Control,B01,106.21,-64.5,129.7,12.41,112.6,-40.58,1.517,48.3,93,0.1677,1,1
NEU-500922,TreatmentA,B03,102.42,-59.3,90.5,13.55,61.4,-45.09,0.603,27.2,94,0.2588,0,0
NEU-500950,TreatmentB,B01,70.6,-67.84,161.0,6.64,58.5,-42.84,1.266,65.3,76,0.2004,0,1
NEU-500250,TreatmentA,B01,111.95,-62.98,284.0,8.95,142.2,-38.37,0.958,44.1,91,0.3696,0,1
NEU-500346,TreatmentA,B03,127.99,-64.19,208.5,32.98,80.6,-39.14,0.973,13.6,90,0.5001,0,1
NEU-500284,Control,B02,87.27,-63.83,207.9,11.42,71.7,-30.67,1.437,41.7,80,0.4518,1,1
NEU-500395,Control,B02,118.44,-60.08,125.7,9.77,86.3,-44.7,0.655,31.1,61,0.1905,0,1
NEU-500102,TreatmentA,B03,97.29,-76.85,535.2,16.94,139.9,-41.63,0.723,52.2,73,0.4336,0,0
NEU-500816,TreatmentB,B01,92.02,-61.38,145.7,18.17,147.6,-42.36,1.687,55.6,97,0.5818,1,1
NEU-500051,TreatmentB,B02,100.96,-76.28,135.9,5.84,105.6,-44.36,1.152,94.0,82,0.4954,1,0
NEU-500888,TreatmentA,B02,93.93,-64.75,146.2,29.61,110.4,-43.25,1.638,60.7,87,0.2954,1,0
NEU-500762,TreatmentB,B01,79.54,-58.4,63.0,11.08,82.6,-48.77,1.837,59.6,69,0.4485,1,0
NEU-500861,TreatmentA,B01,75.53,-71.91,144.7,16.18,138.5,-47.59,0.914,62.8,87,0.2484,0,0
NEU-500093,TreatmentB,B02,111.59,-67.69,82.2,15.61,92.9,-48.62,1.174,51.6,102,0.3327,0,1
NEU-500011,TreatmentB,B02,77.81,-59.93,138.0,11.28,87.3,-43.96,0.989,64.3,75,0.1903,1,1
NEU-500432,TreatmentB,B01,112.2,-66.98,321.8,20.54,76.5,-47.96,1.335,66.5,88,0.3353,1,1
NEU-500152,TreatmentA,B03,101.81,-67.38,77.6,22.49,144.4,-48.81,1.223,44.2,92,0.5047,1,1
NEU-500468,Control,B02,85.15,-60.18,301.8,3.58,169.2,-45.76,0.661,48.7,88,0.5492,0,0
NEU-500257,TreatmentB,B01,114.86,-72.06,93.7,10.82,120.7,-40.97,1.714,60.9,79,0.3724,1,0
NEU-500142,Control,B03,96.1,-69.69,81.3,9.32,78.6,-36.06,0.909,50.8,90,0.3489,0,1
NEU-500915,TreatmentA,B03,109.75,-61.47,144.1,18.11,74.2,-45.43,0.962,19.0,73,0.5189,0,1
NEU-500009,Control,B01,74.05,-75.11,262.0,13.13,149.9,-40.39,1.239,49.4,85,0.1701,1,0
NEU-500577,TreatmentB,B02,86.34,-67.83,357.8,8.32,112.6,-44.0,1.187,82.2,94,0.6031,0,1
NEU-500863,TreatmentA,B01,111.32,-66.68,235.4,15.97,49.4,-37.75,1.28,65.6,88,0.3468,1,1
NEU-500293,TreatmentA,B02,90.62,-61.63,261.1,14.95,73.9,-39.51,0.561,50.9,83,0.5866,0,0
NEU-500200,TreatmentB,B01,77.29,-66.91,679.9,18.07,104.6,-42.19,0.897,37.1,90,0.5648,0,1
NEU-500628,TreatmentB,B01,102.65,-68.66,218.2,8.37,32.5,-42.51,1.739,87.7,77,0.4181,1,1
NEU-500923,TreatmentB,B01,85.82,-65.83,311.7,13.86,87.5,-34.69,0.464,63.8,100,0.2663,0,1
NEU-500056,TreatmentB,B02,116.39,-55.75,288.8,30.32,16.5,-39.94,0.933,48.5,86,0.4243,0,0
NEU-500567,TreatmentB,B01,106.44,-61.51,145.7,17.31,39.3,-45.97,1.153,66.0,89,0.3059,1,0
NEU-500246,Control,B02,130.51,-60.99,152.5,25.93,96.7,-49.68,1.224,31.6,86,0.6374,1,1
NEU-500526,TreatmentA,B01,113.94,-64.14,185.4,8.59,82.2,-40.74,0.585,45.5,85,0.1143,1,1
NEU-500810,TreatmentB,B01,88.81,-68.43,147.2,22.66,117.5,-45.01,0.994,50.5,73,0.7233,0,1
NEU-500641,TreatmentA,B01,98.65,-65.8,74.7,20.32,86.0,-34.12,1.283,42.4,80,0.2796,1,0
NEU-500883,TreatmentB,B02,110.95,-73.15,131.7,11.65,42.7,-44.14,0.833,44.9,88,0.3619,1,0
NEU-500120,Control,B03,98.49,-70.88,128.8,14.16,166.9,-39.15,0.944,32.1,78,0.0951,0,1
NEU-500974,TreatmentA,B02,129.34,-55.32,173.4,10.14,22.6,-36.03,1.029,51.8,80,0.5833,1,0
NEU-500882,Control,B01,98.8,-58.73,103.1,22.4,158.6,-41.02,1.437,42.2,88,0.3557,1,0
NEU-500168,TreatmentB,B03,95.5,-67.36,169.7,11.31,88.7,-41.58,0.859,46.0,89,0.2441,1,1
NEU-500363,TreatmentB,B03,99.45,-56.55,194.2,9.95,117.2,-41.97,0.671,81.8,67,0.5513,0,0
NEU-500279,TreatmentA,B02,94.48,-74.39,124.7,18.97,112.0,-42.98,1.481,36.2,88,0.3659,1,0
NEU-500804,TreatmentA,B03,98.12,-65.4,115.2,11.15,73.0,-39.85,0.486,60.3,73,0.6392,0,0
NEU-500085,Control,B03,110.98,-67.77,464.1,24.22,92.0,-37.77,0.878,41.6,87,0.3879,0,1
NEU-500767,Control,B01,105.6,-64.14,322.4,6.05,136.3,-38.64,0.97,55.7,82,0.1004,1,1
NEU-500118,Control,B01,111.63,-59.06,204.5,13.14,143.2,-43.79,0.733,70.3,80,0.5391,1,0
NEU-500595,TreatmentA,B03,91.88,-75.1,371.6,17.39,126.8,-46.03,1.906,40.9,80,0.4492,0,0
NEU-500304,TreatmentB,B02,122.99,-69.26,160.5,6.85,82.3,-42.98,0.777,79.2,77,0.4029,1,1
NEU-500412,Control,B03,127.24,-63.06,453.7,18.57,112.8,-43.26,1.328,45.6,82,0.1614,0,1
NEU-500789,TreatmentB,B01,106.76,-63.1,142.7,11.54,-0.1,-33.34,0.763,61.4,98,0.7107,0,1
NEU-500911,Control,B01,89.94,-66.25,143.5,13.76,105.1,-45.46,1.351,36.3,106,0.5023,0,1
NEU-500895,TreatmentA,B01,108.51,-69.17,203.2,20.46,103.2,-40.12,1.206,55.6,76,0.5422,0,1
NEU-500049,Control,B02,89.87,-61.72,230.6,14.25,167.3,-45.54,0.405,63.4,101,0.4685,1,1
NEU-500482,TreatmentA,B02,89.87,-67.37,96.1,19.82,37.5,-35.21,1.62,53.4,105,0.3,1,1
NEU-500028,TreatmentA,B03,116.81,-59.72,107.3,15.65,78.4,-43.26,1.033,55.8,89,0.4756,1,0
NEU-500650,Control,B03,102.97,-65.26,142.0,19.46,105.0,-36.58,1.153,21.6,82,0.4622,0,1
NEU-500658,Control,B01,119.37,-72.39,171.9,10.65,88.3,-37.9,1.106,35.0,70,0.5477,0,0
NEU-500851,TreatmentA,B02,108.73,-68.11,354.9,7.73,126.6,-45.08,1.268,63.7,85,0.4293,0,1
NEU-500968,TreatmentB,B01,127.57,-58.96,290.2,11.09,50.9,-36.02,1.614,56.0,88,0.2877,1,1
NEU-500206,Control,B01,79.28,-56.79,211.8,34.84,131.9,-43.87,0.921,46.7,94,0.5218,0,1
NEU-500040,TreatmentB,B03,96.77,-65.95,327.1,13.48,56.5,-42.91,0.757,93.7,78,0.3028,0,1
NEU-500310,Control,B03,72.56,-68.51,316.8,6.69,188.2,-38.48,1.426,53.9,94,0.4997,1,0
NEU-500875,TreatmentB,B03,97.32,-67.32,247.4,13.6,104.2,-43.02,0.668,41.2,92,0.7566,0,1
NEU-500739,TreatmentB,B02,90.51,-65.26,66.1,12.35,110.0,-36.69,1.11,89.9,83,0.2614,1,1
NEU-500117,TreatmentA,B01,106.89,-61.26,130.8,11.41,90.5,-43.14,0.69,40.9,80,0.5584,1,0
NEU-500148,TreatmentB,B02,128.63,-61.69,215.2,10.86,65.7,-40.78,0.771,65.1,79,0.2396,1,1
NEU-500744,TreatmentB,B01,88.06,-54.49,219.9,6.76,51.5,-46.1,0.637,63.2,97,0.2189,1,1
NEU-500372,TreatmentA,B01,97.53,-66.37,112.8,20.48,85.6,-48.1,1.212,45.4,97,0.4544,1,1
NEU-500565,TreatmentA,B02,98.03,-68.17,554.4,15.32,58.3,-41.96,1.061,63.8,95,0.2353,0,1
NEU-500321,TreatmentB,B01,98.41,-61.91,286.6,14.84,101.8,-37.05,0.768,68.2,99,0.5778,0,1
NEU-500946,TreatmentB,B03,100.55,-67.54,73.1,14.09,106.8,-47.21,1.223,71.5,83,0.3803,1,1
NEU-500110,TreatmentB,B03,112.27,-58.38,247.6,25.2,134.9,-46.1,1.309,97.4,82,0.3038,1,0
NEU-500013,Control,B02,128.75,-76.47,152.4,16.32,136.7,-46.18,0.934,71.3,81,0.4235,1,0
NEU-500455,TreatmentA,B01,102.7,-66.65,120.1,8.06,136.9,-46.7,0.719,54.0,88,0.4244,0,1
NEU-500226,TreatmentA,B01,133.55,-63.31,100.0,8.56,90.4,-38.39,0.828,54.0,82,0.3666,0,1
NEU-500435,Control,B01,118.69,-71.69,129.5,10.54,88.5,-40.74,0.814,55.6,90,0.5637,1,0
NEU-500711,TreatmentB,B03,83.45,-68.26,280.7,10.94,143.7,-44.04,0.933,52.4,75,0.3392,1,1
NEU-500385,TreatmentA,B01,70.44,-63.2,122.1,10.91,156.3,-42.04,0.882,30.1,91,0.2076,0,1
NEU-500874,TreatmentB,B02,116.21,-69.19,176.9,12.75,65.7,-34.57,0.746,85.6,66,0.2724,1,1
NEU-500232,Control,B03,109.1,-56.67,458.4,7.85,84.2,-40.31,1.135,39.6,82,0.4081,0,0
NEU-500909,TreatmentB,B01,98.67,-50.79,63.5,8.21,35.0,-40.92,0.99,61.7,75,0.2546,1,0
NEU-500339,Control,B03,100.46,-82.61,151.3,14.95,114.2,-44.0,1.089,42.3,89,0.5509,1,1
NEU-500104,TreatmentA,B01,98.12,-67.11,102.8,27.35,163.9,-44.9,0.868,53.1,85,0.568,1,1
NEU-500930,TreatmentA,B03,112.0,-64.82,115.6,21.42,81.1,-42.55,0.917,43.3,82,0.5762,0,1
NEU-500352,TreatmentB,B03,91.81,-63.98,88.0,12.29,54.2,-42.23,1.215,64.3,86,0.2673,1,1
NEU-500860,TreatmentB,B01,137.38,-69.2,104.0,10.91,81.5,-41.23,0.97,65.2,87,0.6772,0,0
NEU-500791,TreatmentB,B03,96.12,-62.54,444.1,15.03,48.8,-38.06,0.733,57.1,84,0.1368,0,0
NEU-500097,TreatmentB,B01,86.22,-64.63,128.1,6.9,61.6,-38.1,1.059,42.8,77,0.5469,1,0
NEU-500143,Control,B02,92.28,-63.09,220.5,15.88,122.0,-48.58,0.704,44.8,86,0.3474,0,1
NEU-500793,TreatmentA,B02,100.9,-65.2,147.1,6.62,84.7,-47.28,0.972,50.0,100,0.4475,1,1
NEU-500224,TreatmentA,B02,97.14,-57.02,92.8,12.68,128.9,-37.27,1.488,45.8,91,0.299,1,0
NEU-500270,TreatmentA,B03,92.85,-69.45,348.2,9.98,72.2,-35.43,0.878,37.9,85,0.1649,0,1
NEU-500670,TreatmentB,B03,104.26,-58.68,181.0,24.24,56.2,-45.82,0.999,78.9,76,0.3655,0,0
NEU-500098,TreatmentB,B02,86.08,-62.28,327.7,15.91,86.6,-39.83,0.773,49.1,87,0.2255,0,1
NEU-500604,TreatmentB,B03,102.7,-64.54,158.9,14.61,99.2,-44.82,1.092,69.5,79,0.1661,1,1
NEU-500813,Control,B01,92.43,-66.44,226.5,11.76,173.2,-50.42,0.664,53.3,88,0.5998,0,0
NEU-500343,TreatmentA,B02,127.65,-69.5,249.3,8.8,134.3,-43.92,0.834,70.5,76,0.4765,1,1
NEU-500479,TreatmentA,B02,73.92,-71.88,368.1,13.56,104.0,-41.41,1.092,54.9,100,0.7529,0,0
NEU-500540,Control,B03,91.79,-53.32,132.9,10.41,97.1,-46.62,0.933,47.1,94,0.2438,0,0
NEU-500064,TreatmentA,B03,116.67,-70.05,155.2,9.76,107.6,-41.11,0.758,39.4,84,0.2843,0,1
NEU-500242,TreatmentB,B02,87.42,-57.81,209.6,9.82,101.5,-48.75,0.8,41.2,87,0.3093,0,0
NEU-500598,TreatmentA,B01,111.32,-55.85,159.8,15.33,105.9,-46.7,0.844,59.8,82,0.5301,0,0
NEU-500603,TreatmentA,B02,118.6,-71.17,211.2,9.2,136.0,-38.71,0.838,44.4,93,0.3499,0,0
NEU-500082,TreatmentA,B02,99.52,-68.3,107.3,23.06,74.0,-44.95,1.426,50.2,80,0.5302,1,1
NEU-500058,TreatmentA,B01,121.98,-70.06,218.4,10.8,157.0,-42.83,1.474,61.8,86,0.3464,0,0
NEU-500638,Control,B03,109.41,-67.77,128.5,10.03,171.9,-40.99,0.991,46.4,104,0.5346,0,0
NEU-500519,Control,B01,104.77,-51.78,119.9,9.75,91.7,-39.91,1.907,22.1,97,0.2999,1,0
NEU-500518,TreatmentB,B01,92.92,-67.65,193.0,14.9,111.9,-43.19,1.013,63.2,89,0.3767,0,1
NEU-500527,TreatmentA,B01,135.16,-66.56,119.1,13.36,96.2,-38.55,1.651,62.4,105,0.4766,0,1
NEU-500010,Control,B02,65.09,-65.38,374.9,13.84,132.0,-38.51,1.109,47.7,101,0.4262,0,0
NEU-500170,TreatmentB,B02,108.95,-63.41,196.5,8.83,128.4,-35.24,1.381,77.2,106,0.5164,1,0
NEU-500790,TreatmentB,B01,130.71,-56.64,182.5,6.73,72.6,-42.92,1.171,75.8,103,0.229,1,1
NEU-500027,Control,B02,94.43,-54.48,409.3,8.55,81.9,-37.93,1.164,35.9,88,0.3031,0,0
NEU-500022,TreatmentB,B01,110.66,-66.53,107.0,14.23,98.9,-46.27,1.058,68.0,83,0.4705,0,1
NEU-500941,TreatmentB,B01,87.01,-70.82,94.5,9.68,100.2,-39.9,1.276,61.9,104,0.3898,1,0
NEU-500979,TreatmentB,B02,101.16,-64.02,241.6,16.79,75.9,-44.63,2.292,63.5,89,0.2328,1,1
NEU-500829,TreatmentA,B02,99.2,-53.38,93.3,13.96,114.7,-38.68,1.521,48.7,109,0.1788,1,0
NEU-500754,TreatmentA,B02,103.22,-65.59,123.4,12.8,97.5,-41.1,0.792,51.4,103,0.5092,1,1
NEU-500828,TreatmentB,B03,108.83,-57.81,141.6,21.2,56.4,-41.54,1.308,76.5,87,0.2394,1,0
NEU-500234,Control,B02,86.34,-64.48,188.9,21.83,191.7,-38.25,1.093,43.3,87,0.5107,1,1
NEU-500729,TreatmentA,B01,109.35,-61.38,361.4,26.45,65.1,-50.92,1.198,36.3,98,0.2304,0,0
NEU-500870,Control,B03,121.73,-66.49,269.8,10.1,127.5,-39.78,0.621,68.9,84,0.3059,0,1
NEU-500484,TreatmentB,B02,78.53,-66.09,161.5,16.46,106.3,-42.29,0.842,69.9,82,0.4427,1,1
NEU-500094,TreatmentB,B03,97.74,-57.93,91.7,16.74,75.1,-44.87,0.861,77.1,90,0.477,1,0
NEU-500486,TreatmentA,B03,112.43,-61.3,120.0,18.17,107.9,-46.63,1.346,54.9,77,0.2427,1,0
NEU-500171,TreatmentB,B01,96.27,-65.48,184.4,8.83,124.1,-39.76,1.199,74.6,82,0.5153,1,0
NEU-500334,Control,B03,117.26,-70.25,113.4,11.54,87.4,-41.48,1.119,40.6,85,0.3805,0,1
NEU-500157,TreatmentA,B02,89.75,-72.66,133.8,10.33,42.4,-42.1,1.074,70.6,92,0.2912,1,1
NEU-500771,Control,B02,132.08,-68.65,161.0,25.17,106.8,-43.37,0.731,32.0,74,0.5139,0,1
NEU-500884,TreatmentA,B02,94.73,-56.76,153.2,16.31,84.8,-40.12,1.032,38.7,84,0.5889,0,1
NEU-500327,Control,B03,98.55,-65.9,265.8,18.74,97.6,-43.77,1.174,51.0,93,0.6465,1,1
NEU-500733,TreatmentB,B02,102.95,-58.97,161.1,6.0,115.4,-36.66,0.675,53.2,81,0.3136,1,1
NEU-500933,TreatmentA,B03,90.37,-65.78,235.5,16.43,89.8,-40.3,1.447,40.5,81,0.1822,0,1
NEU-500014,TreatmentB,B01,92.69,-72.38,594.5,11.04,65.9,-51.8,1.465,73.6,85,0.8004,0,0
NEU-500769,TreatmentA,B03,117.73,-60.28,386.9,18.27,152.3,-38.28,0.948,31.5,88,0.2327,0,0
NEU-500619,TreatmentA,B02,103.54,-64.62,281.5,13.76,15.0,-50.33,0.76,56.0,92,0.5199,0,1
NEU-500408,Control,B03,77.38,-68.11,205.9,18.06,71.7,-41.93,0.932,38.3,93,0.2294,1,1
NEU-500601,TreatmentA,B01,102.43,-68.11,189.0,11.31,45.0,-43.16,1.256,52.3,91,0.3526,1,1
NEU-500524,TreatmentA,B02,109.91,-71.02,209.9,12.51,112.0,-42.94,0.741,59.3,98,0.433,1,0
NEU-500307,TreatmentA,B03,116.21,-61.34,128.8,11.31,93.7,-42.89,0.75,30.8,80,0.4287,0,1
NEU-500379,TreatmentA,B01,113.56,-57.77,330.4,15.18,76.3,-43.99,1.067,78.1,99,0.3168,0,0
NEU-500055,TreatmentB,B02,81.74,-67.45,255.8,6.77,110.5,-39.25,0.978,56.5,85,0.6011,0,0
NEU-500547,TreatmentB,B03,94.55,-68.3,217.7,13.47,28.7,-40.63,0.851,60.2,85,0.3578,1,1
NEU-500965,TreatmentA,B01,100.02,-66.96,187.5,9.87,39.2,-32.81,2.491,69.5,72,0.2386,1,1
NEU-500018,TreatmentA,B02,120.21,-64.27,242.1,24.5,126.0,-42.56,1.337,38.7,72,0.3312,0,0
NEU-500032,TreatmentB,B02,68.88,-65.37,265.0,12.3,30.5,-46.94,0.986,64.8,85,0.716,1,1
NEU-500220,Control,B01,71.14,-66.26,304.6,4.89,118.5,-37.57,0.848,69.4,65,0.2786,0,1
NEU-500588,TreatmentB,B03,128.75,-68.62,96.8,16.37,34.6,-44.2,0.603,57.3,82,0.3349,0,0
NEU-500237,TreatmentA,B03,107.07,-61.88,112.3,8.25,101.1,-37.82,1.027,60.3,101,0.2727,1,1
NEU-500338,TreatmentB,B03,115.96,-70.3,479.7,13.12,71.8,-40.06,1.337,45.4,84,0.5936,0,1
NEU-500548,Control,B01,128.85,-60.39,199.6,12.2,170.6,-40.63,0.899,97.7,78,0.49,1,0
NEU-500332,TreatmentB,B03,119.66,-63.31,368.2,8.81,87.0,-42.01,1.038,48.6,84,0.2912,0,1
NEU-500971,TreatmentB,B01,76.59,-61.98,258.9,10.5,103.5,-39.3,1.032,76.8,75,0.5743,0,1
NEU-500476,Control,B02,114.54,-75.97,238.2,22.61,147.0,-35.14,1.17,50.5,89,0.394,1,0
NEU-500088,TreatmentB,B01,108.49,-64.32,218.0,10.42,103.7,-44.99,1.163,71.7,94,0.3237,1,1
NEU-500932,Control,B01,109.15,-54.66,239.5,33.92,132.1,-39.87,1.113,31.0,87,0.4705,0,1
NEU-500182,TreatmentA,B03,93.91,-69.15,131.8,8.82,45.2,-35.12,0.949,32.4,69,0.5184,0,0
NEU-500258,Control,B01,92.17,-58.53,353.7,11.69,65.7,-41.9,0.387,40.4,84,0.2496,0,1
NEU-500525,TreatmentA,B03,102.02,-69.8,141.3,24.23,64.5,-35.24,0.937,69.2,67,0.2541,1,0
NEU-500238,TreatmentA,B01,107.81,-66.78,244.6,10.18,63.6,-42.05,1.136,39.5,73,0.4484,0,1
NEU-500967,TreatmentA,B01,82.0,-58.51,136.7,9.69,105.3,-39.94,0.765,25.0,84,0.2848,1,0
NEU-500614,TreatmentA,B02,96.2,-66.5,156.8,11.33,103.5,-45.24,1.047,50.4,92,0.5679,1,0
NEU-500741,Control,B01,99.0,-59.01,294.6,13.96,108.5,-38.11,1.715,67.5,78,0.3408,1,0
NEU-500657,TreatmentA,B01,105.64,-64.2,288.8,13.12,165.0,-41.94,1.584,61.6,83,0.3602,1,1
NEU-500381,TreatmentB,B03,93.38,-68.4,96.4,11.83,43.1,-43.07,0.821,47.1,71,0.3742,0,0
NEU-500161,TreatmentB,B02,104.75,-68.18,159.5,13.06,38.7,-39.71,1.698,56.4,92,0.266,1,1
NEU-500684,TreatmentA,B01,82.46,-67.17,279.5,9.69,111.3,-46.88,1.477,51.6,80,0.2107,1,1
NEU-500564,TreatmentB,B01,90.79,-58.55,214.2,18.78,104.0,-37.72,1.226,59.0,91,0.4934,0,1
NEU-500421,TreatmentA,B03,103.96,-64.56,110.5,8.38,144.7,-45.49,0.687,58.4,84,0.323,1,1
NEU-500287,TreatmentA,B01,85.23,-65.92,208.3,9.21,153.8,-42.11,0.957,56.8,83,0.3116,0,1
NEU-500155,Control,B03,103.02,-53.01,209.5,12.41,146.2,-42.99,1.621,76.2,87,0.6977,1,0
NEU-500687,Control,B02,105.27,-73.21,152.4,14.54,153.0,-45.93,0.703,56.1,74,0.4482,1,0
NEU-500583,TreatmentA,B03,84.21,-62.73,210.9,11.75,60.5,-39.83,1.337,55.5,94,0.3705,1,1
NEU-500298,TreatmentB,B03,98.22,-71.79,367.9,15.4,106.8,-39.04,1.762,60.2,76,0.4322,1,0
NEU-500568,Control,B03,115.84,-68.18,134.0,12.92,143.3,-43.05,1.207,37.3,86,0.3375,1,1
NEU-500100,TreatmentB,B03,107.95,-64.72,194.9,8.04,99.3,-45.27,1.512,53.5,75,0.1907,1,1
NEU-500995,TreatmentB,B02,93.67,-70.46,124.5,15.12,28.8,-44.24,1.614,64.5,90,0.5766,1,1
NEU-500174,TreatmentA,B02,84.66,-70.47,206.9,13.51,111.9,-41.67,0.837,62.4,92,0.5444,1,1
NEU-500229,Control,B02,100.92,-63.08,204.3,17.6,149.8,-53.95,1.092,46.3,85,0.4767,0,1
NEU-500417,TreatmentA,B02,118.96,-69.69,326.7,10.89,26.1,-37.96,1.251,38.7,77,0.4267,1,0
NEU-500427,TreatmentB,B01,103.96,-72.42,196.7,6.87,51.7,-40.07,0.784,68.5,84,0.6305,1,0
NEU-500966,TreatmentB,B01,104.58,-57.67,103.9,14.42,159.8,-45.06,1.037,46.1,79,0.6281,1,1
NEU-500106,TreatmentA,B01,105.99,-61.77,294.4,16.74,120.9,-49.07,1.5,54.2,81,0.2683,1,0
NEU-500897,TreatmentB,B01,105.63,-74.29,277.8,15.55,22.7,-40.44,1.475,51.3,85,0.625,1,0
NEU-500824,Control,B03,94.69,-62.53,184.0,9.97,72.1,-35.02,0.952,38.1,86,0.3663,0,1
NEU-500964,TreatmentA,B03,97.21,-57.0,137.9,11.91,101.9,-35.67,0.662,71.1,79,0.6741,0,0
NEU-500353,Control,B02,92.67,-64.58,294.1,15.1,86.1,-46.1,1.31,37.4,79,0.3405,0,1
NEU-500606,TreatmentB,B03,106.15,-64.07,179.0,8.41,157.0,-48.63,1.292,70.5,87,0.3638,1,1
NEU-500515,TreatmentB,B01,110.03,-60.18,94.7,17.16,124.3,-55.57,0.739,64.9,72,0.3946,1,1
NEU-500101,TreatmentB,B01,100.59,-73.08,238.0,13.54,50.6,-39.54,0.903,37.3,82,0.5293,1,1
NEU-501000,TreatmentA,B03,95.83,-63.56,168.1,6.46,26.6,-42.44,0.823,69.0,94,0.5294,1,0
NEU-500997,TreatmentB,B01,103.8,-67.09,127.4,12.53,31.8,-37.99,1.374,55.1,90,0.2588,1,1
NEU-500122,TreatmentA,B03,95.13,-54.32,78.0,18.38,75.8,-41.48,1.089,58.9,100,0.6237,1,0
NEU-500365,Control,B03,120.13,-60.68,127.5,17.91,142.5,-47.36,1.113,61.5,80,0.7481,1,1
NEU-500516,TreatmentB,B01,90.66,-65.53,185.0,17.97,112.2,-42.8,0.739,75.5,81,0.5049,1,1
NEU-500454,Control,B02,104.17,-72.23,79.2,15.25,93.9,-41.47,0.586,27.1,78,0.5037,0,0
NEU-500960,Control,B01,111.72,-75.59,167.5,9.39,98.1,-44.92,1.057,60.3,86,0.4602,0,0
NEU-500367,TreatmentA,B03,120.58,-64.54,146.1,10.39,178.5,-41.87,1.046,62.2,76,0.4298,0,1
NEU-500125,Control,B03,92.25,-70.72,244.9,19.17,111.5,-36.88,1.509,33.3,73,0.3362,0,0
NEU-500034,TreatmentB,B01,86.67,-63.45,214.9,11.46,86.8,-41.49,1.065,62.0,82,0.1348,0,0
NEU-500665,TreatmentA,B03,84.37,-74.87,87.9,7.19,100.0,-42.69,1.064,80.2,81,0.2183,1,1
NEU-500282,TreatmentB,B03,101.68,-66.14,563.1,7.85,98.4,-45.1,0.794,44.5,94,0.6186,0,0
NEU-500655,TreatmentB,B01,146.56,-57.26,135.2,18.5,66.9,-46.2,1.049,59.0,80,0.5484,1,1
NEU-500880,TreatmentB,B03,103.17,-69.47,201.6,30.8,89.5,-40.8,1.054,69.3,83,0.1763,1,0
NEU-500579,TreatmentA,B02,98.38,-71.77,396.5,8.2,152.8,-39.71,0.832,32.2,77,0.1776,0,1
NEU-500520,TreatmentA,B01,113.38,-56.16,147.5,23.98,111.8,-41.42,1.344,39.9,92,0.5302,1,0
NEU-500916,Control,B01,94.69,-66.29,234.0,20.56,119.8,-44.98,1.209,46.6,83,0.5036,0,1
NEU-500811,TreatmentB,B01,77.43,-64.91,296.9,12.04,8.1,-49.25,1.319,51.7,89,0.3115,1,1
NEU-500048,TreatmentA,B03,75.92,-62.11,195.0,9.6,81.9,-40.04,1.117,51.6,83,0.5683,0,0
NEU-500805,Control,B01,94.75,-62.68,196.9,20.45,114.3,-49.5,0.744,30.9,92,0.2371,0,0
NEU-500187,TreatmentB,B02,103.52,-63.56,88.0,14.19,37.9,-40.92,1.12,68.2,115,0.4902,1,1
NEU-500070,TreatmentA,B03,84.04,-76.77,209.2,13.22,70.5,-40.95,1.393,89.6,71,0.3181,1,0
NEU-500910,TreatmentB,B01,88.72,-69.87,242.3,10.21,16.3,-38.76,0.818,63.6,93,0.5401,1,0
NEU-500057,Control,B03,86.36,-56.42,182.6,11.46,177.9,-47.62,1.12,57.6,77,0.6198,1,0
NEU-500461,TreatmentA,B01,123.85,-54.65,136.6,24.16,149.8,-44.99,0.486,58.1,85,0.4657,0,0
NEU-500072,Control,B02,115.88,-65.7,150.2,40.66,98.1,-49.05,1.004,58.6,93,0.3994,0,1
NEU-500140,TreatmentB,B03,114.58,-63.66,141.8,10.45,95.2,-37.69,1.117,60.9,88,0.4209,1,1
NEU-500320,TreatmentB,B03,97.35,-64.89,123.9,24.35,121.9,-38.26,0.91,74.1,88,0.3104,1,0
NEU-500292,Control,B02,95.39,-67.67,114.9,17.5,161.2,-45.63,0.691,46.7,71,0.3283,0,0
NEU-500879,TreatmentA,B03,120.6,-66.67,131.8,14.38,93.0,-49.98,0.898,31.9,87,0.5703,1,1
NEU-500772,TreatmentA,B01,115.26,-66.33,151.9,16.62,79.1,-37.13,1.113,32.0,97,0.3082,1,0
NEU-500163,TreatmentA,B02,103.15,-70.22,256.2,8.92,29.8,-43.14,0.942,48.0,99,0.4881,0,0
NEU-500322,TreatmentB,B02,129.99,-70.28,120.6,14.01,59.9,-42.27,1.006,48.3,91,0.405,1,0
NEU-500172,TreatmentA,B01,74.63,-63.07,199.9,10.5,58.9,-45.46,1.035,37.5,70,0.3279,1,1
NEU-500488,TreatmentA,B02,90.43,-51.17,188.6,14.66,72.8,-47.1,1.382,87.1,87,0.5625,1,0
NEU-500624,TreatmentB,B03,116.23,-72.25,72.1,10.78,86.4,-43.2,0.974,42.5,106,0.377,1,0
NEU-500387,TreatmentB,B02,81.74,-60.15,192.7,6.17,78.3,-38.32,0.758,73.2,86,0.4063,1,0
NEU-500173,Control,B03,111.73,-73.31,211.4,11.34,152.7,-45.56,1.49,58.3,82,0.1957,1,0
NEU-500533,Control,B01,109.32,-58.39,150.2,9.08,124.1,-47.03,0.716,47.5,97,0.6212,0,0
NEU-500615,TreatmentA,B03,97.71,-77.34,220.8,13.8,10.9,-39.82,0.802,51.0,86,0.6591,0,0
NEU-500942,Control,B01,113.29,-62.91,286.6,10.28,146.9,-39.97,1.134,43.3,63,0.4092,0,1
NEU-500653,TreatmentA,B03,88.47,-65.22,330.1,12.42,50.4,-37.52,0.565,39.7,76,0.3894,0,1
NEU-500340,TreatmentA,B03,93.39,-63.19,231.7,8.69,68.8,-40.36,1.087,46.4,89,0.2698,0,1
NEU-500465,Control,B01,91.72,-63.07,99.5,12.59,164.9,-44.42,1.494,64.4,82,0.5953,1,1
NEU-500092,TreatmentB,B02,120.06,-66.4,182.1,11.42,60.2,-40.09,1.046,62.0,101,0.4639,1,1
NEU-500075,Control,B03,85.64,-73.88,177.7,13.28,186.8,-39.21,0.875,73.7,84,0.2398,1,0
NEU-500709,TreatmentB,B03,88.5,-63.4,112.3,11.57,118.1,-39.36,1.042,69.0,94,0.4449,0,1
NEU-500255,TreatmentB,B02,88.69,-66.68,155.8,18.15,77.8,-38.91,0.571,79.1,85,0.5307,0,1
NEU-500323,Control,B02,118.98,-57.56,374.9,8.55,118.7,-44.67,0.993,17.6,81,0.585,0,0
NEU-500490,TreatmentA,B01,122.84,-68.63,97.5,19.59,148.4,-41.25,1.205,44.1,79,0.5063,1,1
NEU-500639,TreatmentA,B03,88.9,-71.34,228.7,14.68,139.1,-45.21,0.768,60.3,85,0.5376,1,0
NEU-500783,TreatmentA,B01,115.48,-68.68,281.6,18.4,93.4,-41.62,0.983,59.0,84,0.4672,0,1
NEU-500822,TreatmentA,B02,80.21,-61.36,220.6,9.59,81.5,-42.59,1.79,75.9,91,0.2502,1,1
NEU-500433,Control,B03,91.18,-60.56,162.9,16.53,167.8,-42.06,1.175,33.4,80,0.3333,1,0
NEU-500306,TreatmentB,B02,117.47,-60.82,179.7,15.33,39.8,-45.91,1.128,80.3,77,0.3176,1,1
NEU-500289,Control,B03,102.91,-53.23,284.9,26.57,112.0,-39.84,0.892,55.8,72,0.2223,0,0
NEU-500227,TreatmentA,B02,115.47,-76.08,85.1,15.94,149.2,-43.47,0.679,42.7,82,0.4019,0,0
NEU-500693,Control,B02,117.03,-61.02,173.2,21.43,127.2,-42.48,0.714,58.4,93,0.3511,0,1
NEU-500335,Control,B03,130.96,-59.27,126.5,5.07,140.2,-44.05,0.868,46.3,85,0.3783,0,1
NEU-500608,TreatmentA,B02,132.44,-77.56,99.7,25.21,161.3,-35.09,1.326,43.3,72,0.2437,0,0
NEU-500330,TreatmentA,B02,103.0,-68.76,74.2,12.6,142.6,-43.08,1.194,53.6,79,0.7433,0,1
NEU-500496,TreatmentA,B03,91.86,-64.9,256.5,12.53,97.5,-43.54,0.958,42.9,81,0.4012,0,1
NEU-500416,TreatmentA,B01,76.05,-71.31,192.0,24.33,65.5,-42.93,0.552,36.2,78,0.3694,0,0
NEU-500755,TreatmentB,B02,98.0,-71.76,247.9,9.77,10.1,-41.47,1.173,49.7,91,0.1872,0,1
NEU-500159,TreatmentA,B02,94.45,-56.43,158.3,14.52,84.7,-47.3,1.67,41.2,80,0.2963,1,0
NEU-500648,TreatmentA,B03,123.31,-71.29,62.2,20.29,136.8,-43.16,1.066,17.1,79,0.3836,0,1
NEU-500086,TreatmentA,B01,94.7,-62.84,115.8,7.57,125.5,-43.23,1.566,43.5,80,0.2472,0,1
NEU-500993,TreatmentA,B03,136.25,-56.77,394.1,11.81,71.1,-48.5,0.831,64.2,78,0.5434,0,0
NEU-500261,TreatmentA,B02,113.56,-72.12,94.3,19.69,60.4,-39.1,1.194,40.5,76,0.4077,0,1
NEU-500691,Control,B03,115.97,-72.41,125.1,10.94,153.3,-39.55,0.49,42.3,84,0.2878,0,0
NEU-500903,TreatmentA,B03,98.28,-69.32,86.6,16.71,116.3,-42.26,1.125,42.9,94,0.5712,0,1
NEU-500052,Control,B01,116.21,-68.33,176.4,9.65,72.5,-36.84,0.872,42.9,73,0.3736,1,1
NEU-500121,TreatmentB,B03,116.83,-60.04,262.5,19.35,102.2,-35.11,0.784,52.8,73,0.2031,0,0
NEU-500445,TreatmentB,B03,105.59,-73.45,166.9,11.85,74.8,-45.3,0.821,63.0,77,0.2858,1,0
NEU-500410,TreatmentB,B03,97.26,-66.76,182.1,9.29,46.0,-44.26,1.721,63.8,99,0.509,1,1
NEU-500065,TreatmentA,B02,80.01,-76.54,180.7,12.26,102.4,-43.39,1.354,60.3,87,0.2106,0,0
NEU-500283,Control,B03,102.86,-67.69,66.9,18.31,96.0,-46.22,1.253,32.6,80,0.5621,0,1
NEU-500300,TreatmentA,B03,53.8,-61.63,73.6,17.24,69.5,-42.98,0.715,49.1,78,0.3416,0,1
NEU-500105,Control,B01,100.27,-62.83,140.6,10.58,98.7,-43.29,1.339,52.1,72,0.327,1,1
NEU-500248,TreatmentB,B02,86.79,-61.02,84.0,11.12,72.4,-37.93,1.265,76.9,79,0.7675,1,1
NEU-500856,TreatmentA,B03,90.95,-69.97,190.2,8.41,88.5,-33.09,1.114,34.9,84,0.714,1,0
NEU-500358,TreatmentB,B03,91.11,-59.98,147.2,29.57,69.8,-42.08,1.012,96.8,78,0.4063,1,1
NEU-500678,TreatmentA,B02,108.05,-60.48,147.0,21.82,84.7,-40.92,1.089,52.0,86,0.4369,1,1
NEU-500735,Control,B02,97.94,-62.4,108.8,20.03,139.3,-40.07,1.641,50.3,89,0.4142,0,1
NEU-500431,TreatmentA,B01,118.37,-65.52,116.0,14.05,82.1,-38.51,1.393,57.2,87,0.3163,0,1
NEU-500443,TreatmentB,B03,112.88,-73.4,148.4,7.47,92.0,-39.34,1.141,76.6,96,0.2663,1,1
NEU-500031,Control,B02,103.1,-53.15,238.9,10.72,81.5,-41.18,1.178,47.0,83,0.2963,1,0
NEU-500986,TreatmentB,B03,74.83,-55.57,127.3,32.96,116.3,-41.91,0.708,60.7,89,0.4154,1,0
NEU-500685,TreatmentA,B02,104.3,-60.84,251.9,13.88,56.1,-45.37,1.287,41.9,89,0.6142,0,1
NEU-500553,Control,B03,93.46,-65.21,168.5,27.74,132.4,-43.32,0.773,49.7,81,0.471,0,1
NEU-500003,TreatmentA,B02,109.88,-66.34,148.7,11.13,85.8,-41.77,1.04,50.7,85,0.581,0,0
NEU-500514,TreatmentA,B01,92.18,-52.93,195.2,11.73,22.6,-47.47,0.577,67.3,86,0.3666,1,0
NEU-500252,TreatmentB,B01,112.86,-72.03,121.6,4.71,66.0,-40.95,1.128,35.8,86,0.6332,1,0
NEU-500590,TreatmentA,B02,117.68,-68.83,73.5,11.43,41.1,-42.53,0.893,30.8,97,0.7487,0,0
NEU-500612,Control,B03,113.05,-60.62,78.9,16.35,135.6,-37.1,0.958,29.5,93,0.4026,1,0
NEU-500359,TreatmentB,B02,88.93,-62.0,182.2,16.15,23.7,-37.88,1.455,89.9,72,0.337,1,1
NEU-500846,Control,B01,90.67,-68.35,138.5,11.04,213.7,-37.92,0.836,44.7,82,0.5208,1,0
NEU-500763,Control,B01,107.14,-64.46,306.7,6.86,123.2,-34.62,0.771,32.8,101,0.2413,0,1
NEU-500089,TreatmentA,B01,104.87,-64.95,115.1,9.57,92.8,-50.89,1.538,57.4,90,0.5216,1,0
NEU-500546,TreatmentA,B03,124.18,-59.4,472.3,42.19,59.4,-47.29,1.045,58.5,97,0.2103,0,0
NEU-500463,TreatmentA,B03,110.44,-71.4,404.5,12.98,131.0,-46.6,1.148,55.4,94,0.5615,0,0
NEU-500620,TreatmentA,B01,103.47,-65.08,244.0,6.73,133.9,-45.87,1.263,55.1,95,0.397,0,1
NEU-500835,TreatmentB,B03,94.16,-57.72,223.1,15.65,106.5,-43.53,1.18,63.2,94,0.2871,0,0
NEU-500823,Control,B03,92.36,-57.1,221.6,11.41,90.1,-44.15,0.803,42.8,99,0.1577,0,0
NEU-500253,TreatmentB,B02,121.79,-67.7,153.1,18.76,88.1,-49.85,1.082,47.9,74,0.289,0,0
NEU-500775,TreatmentB,B03,106.93,-63.88,232.6,26.34,78.3,-40.05,0.817,71.4,79,0.619,0,1
NEU-500869,Control,B01,84.17,-65.17,90.1,12.5,53.5,-35.81,1.292,23.5,80,0.448,1,1
NEU-500659,Control,B03,67.33,-66.78,166.3,13.77,194.9,-54.31,0.881,45.3,86,0.5586,0,1
NEU-500019,Control,B02,88.43,-79.5,346.6,12.96,106.7,-36.46,0.973,50.7,107,0.5951,0,0
NEU-500197,TreatmentB,B02,85.8,-59.69,154.4,10.74,85.6,-35.79,1.162,76.1,93,0.3104,1,0
NEU-500402,TreatmentA,B03,64.99,-64.05,145.1,13.57,118.4,-45.06,0.864,39.6,98,0.6079,0,1
NEU-500305,TreatmentA,B02,82.94,-60.18,181.0,13.99,84.2,-45.24,1.061,77.9,71,0.6221,1,1
NEU-500249,TreatmentB,B02,102.12,-75.79,189.2,14.78,132.2,-34.51,0.721,30.4,76,0.3642,0,0
NEU-500053,Control,B01,91.39,-66.49,156.0,19.97,93.0,-47.08,1.094,41.9,66,0.3604,1,1
NEU-500529,TreatmentB,B02,107.59,-81.71,113.7,17.79,45.5,-40.3,1.071,45.3,84,0.1672,1,0
NEU-500350,Control,B03,127.56,-61.91,91.8,14.28,82.3,-45.55,1.047,40.6,70,0.6284,0,1
NEU-500115,Control,B02,113.07,-61.96,219.9,10.09,150.9,-46.14,0.61,44.0,75,0.251,0,1
NEU-500146,TreatmentB,B02,88.35,-69.54,200.2,9.17,133.8,-39.97,0.626,44.6,92,0.2955,0,1
NEU-500228,TreatmentA,B01,116.31,-54.0,343.3,15.94,96.5,-44.04,0.812,53.8,92,0.6206,0,0
NEU-500349,Control,B01,115.48,-57.43,224.8,20.22,152.2,-34.28,1.125,51.6,80,0.6209,0,0
NEU-500050,Control,B01,105.65,-72.13,115.4,14.47,208.0,-35.91,0.958,50.4,97,0.1957,1,0
NEU-500491,Control,B01,109.61,-66.95,345.4,21.02,189.6,-47.16,0.915,38.1,105,0.4157,0,1
NEU-500536,TreatmentA,B03,104.03,-62.83,163.4,7.42,115.6,-45.32,0.995,41.2,94,0.5839,1,0
NEU-500901,Control,B02,89.38,-66.46,129.8,7.59,187.9,-38.98,0.68,32.0,91,0.5216,0,1
NEU-500841,TreatmentB,B02,53.24,-58.4,97.7,5.55,91.1,-45.06,1.111,73.3,101,0.3529,1,1
NEU-500273,TreatmentA,B03,87.36,-59.17,131.0,10.13,117.8,-43.53,0.699,58.5,75,0.3637,1,0
NEU-500561,TreatmentB,B01,90.83,-64.47,294.4,29.66,67.7,-39.56,1.15,66.9,94,0.7376,1,1
NEU-500198,Control,B01,91.57,-64.33,371.9,15.38,183.5,-45.55,1.271,62.8,76,0.2567,1,1
NEU-500133,TreatmentB,B01,95.62,-60.17,83.4,12.1,102.9,-41.33,1.063,53.2,78,0.3939,1,1
NEU-500778,TreatmentA,B03,128.24,-56.54,377.4,17.13,140.1,-44.06,0.751,46.9,100,0.0665,1,0
NEU-500186,TreatmentB,B03,78.59,-66.68,68.9,12.5,90.8,-42.41,0.797,69.0,84,0.6072,1,0
NEU-500317,TreatmentB,B03,78.02,-60.65,190.7,13.2,85.8,-44.77,0.837,76.5,89,0.3955,1,0
NEU-500131,Control,B03,121.86,-68.08,88.0,20.82,73.2,-38.77,0.968,40.9,92,0.3829,1,1
NEU-500963,Control,B02,69.21,-64.29,193.3,6.88,133.8,-42.26,1.228,65.3,62,0.5617,0,0
NEU-500400,Control,B02,91.35,-63.01,130.5,24.87,110.8,-34.52,0.725,53.4,81,0.6829,1,1
NEU-500265,TreatmentB,B02,105.66,-73.7,345.6,17.28,45.1,-39.8,0.728,60.9,100,0.4201,0,0
NEU-500913,TreatmentA,B03,132.38,-67.39,198.1,34.03,72.6,-45.17,0.845,62.9,90,0.2201,0,0
NEU-500743,TreatmentB,B03,75.55,-60.0,147.3,26.04,49.3,-36.83,1.518,54.1,74,0.3302,0,0
NEU-500795,Control,B03,85.02,-60.34,210.4,10.66,183.7,-33.61,1.8,39.5,80,0.4806,0,0
NEU-500852,TreatmentA,B03,147.63,-65.51,223.9,15.31,47.3,-44.87,0.875,57.8,90,0.4039,1,1
NEU-500881,TreatmentA,B02,95.33,-72.06,257.5,19.74,129.5,-48.44,0.8,44.9,93,0.3077,1,0
NEU-500825,Control,B01,108.01,-64.15,188.4,15.82,114.0,-47.99,1.025,23.8,80,0.4077,0,1
NEU-500128,Control,B03,98.5,-62.7,143.2,10.79,95.0,-44.24,0.894,34.1,93,0.2916,1,1
NEU-500438,Control,B02,98.32,-67.5,258.4,12.01,135.3,-41.1,1.089,54.9,82,0.5347,0,1
NEU-500267,TreatmentB,B02,93.87,-59.83,385.9,6.56,27.0,-39.8,0.782,61.5,77,0.6615,0,0
NEU-500276,Control,B01,83.43,-62.41,132.0,12.89,53.2,-46.19,0.994,30.3,66,0.2885,0,1
NEU-500872,Control,B02,113.44,-59.27,250.3,13.34,165.9,-37.73,0.868,22.0,83,0.461,0,0
NEU-500969,TreatmentA,B03,93.77,-68.28,95.8,15.62,71.7,-41.65,0.866,58.0,80,0.9022,1,0
NEU-500439,Control,B02,52.11,-63.98,251.4,8.43,133.2,-39.7,0.908,41.8,88,0.5766,1,0
NEU-500507,TreatmentA,B03,97.01,-64.05,221.2,18.98,125.1,-40.84,1.007,54.0,68,0.6625,0,1
NEU-500469,TreatmentB,B03,108.4,-68.09,173.3,10.82,115.9,-38.92,1.041,74.6,83,0.3419,0,1
NEU-500312,TreatmentB,B03,79.83,-65.29,182.2,16.73,150.8,-52.16,1.117,71.9,87,0.272,1,1
NEU-500770,Control,B03,111.86,-57.99,88.0,7.04,161.4,-50.41,0.811,55.8,96,0.3202,0,1
NEU-500429,TreatmentA,B01,112.76,-67.16,218.2,7.15,130.6,-47.41,0.981,58.6,87,0.4144,1,1
NEU-500826,TreatmentB,B01,108.82,-60.09,302.8,21.16,37.3,-41.72,1.114,39.0,74,0.5381,1,1
NEU-500254,TreatmentA,B03,88.57,-53.59,146.4,13.55,139.7,-47.7,1.783,63.1,87,0.3894,1,0
NEU-500472,TreatmentB,B03,88.14,-60.82,169.9,12.15,86.1,-44.73,0.865,62.1,78,0.3696,1,1
NEU-500938,TreatmentB,B02,92.09,-58.26,238.0,7.35,16.1,-40.78,0.971,26.2,81,0.4323,0,1
NEU-500015,Control,B03,96.68,-65.74,176.7,16.05,63.0,-35.8,1.075,41.1,102,0.1753,1,0
NEU-500649,TreatmentA,B03,108.28,-62.55,251.0,13.75,35.6,-45.97,1.579,40.8,79,0.1103,1,1
NEU-500348,TreatmentB,B03,100.2,-61.36,291.9,17.69,40.2,-39.89,1.236,39.7,94,0.2546,0,0
NEU-500039,TreatmentA,B03,85.34,-65.25,104.9,17.8,46.4,-37.87,1.211,42.5,88,0.4493,0,1
NEU-500734,Control,B03,124.88,-57.63,189.4,22.14,123.7,-51.76,1.008,44.0,95,0.4505,0,0
NEU-500773,TreatmentB,B03,79.36,-66.58,127.3,12.93,69.1,-37.65,0.958,34.0,79,0.2678,0,1
NEU-500740,TreatmentA,B03,76.88,-65.14,108.0,9.98,82.0,-41.53,0.709,68.3,81,0.4861,1,1
NEU-500189,Control,B03,99.0,-69.95,230.7,14.51,190.3,-43.19,1.654,46.8,89,0.38,1,1
NEU-500542,TreatmentB,B01,80.7,-66.26,289.7,16.41,124.4,-35.99,0.865,69.2,62,0.4298,0,0
NEU-500839,TreatmentA,B02,100.82,-67.47,285.9,21.77,106.2,-37.99,2.568,38.4,85,0.4463,1,1
NEU-500329,TreatmentB,B03,107.76,-64.73,170.6,13.91,92.6,-42.86,1.041,39.3,80,0.224,0,1
NEU-500054,Control,B01,72.48,-63.53,281.2,16.42,180.5,-44.7,1.4,26.2,78,0.4994,0,1
NEU-500676,TreatmentB,B01,97.78,-64.6,105.7,5.59,73.2,-42.42,1.483,87.2,102,0.8132,1,0
NEU-500927,TreatmentA,B03,86.6,-69.19,353.2,9.42,50.9,-48.1,1.102,59.9,64,0.2747,1,1
NEU-500264,TreatmentA,B03,95.69,-63.74,90.0,19.0,89.0,-40.64,0.991,63.9,85,0.5475,1,1
NEU-500840,TreatmentA,B02,69.86,-65.91,289.0,15.63,95.4,-45.65,0.844,66.9,80,0.3227,0,0
NEU-500425,TreatmentA,B01,99.83,-67.37,285.3,19.02,33.5,-44.61,1.164,66.0,79,0.2743,1,0
NEU-500674,TreatmentB,B03,98.22,-68.69,241.0,9.75,143.3,-38.98,0.788,53.1,98,0.4253,1,1
NEU-500006,TreatmentB,B03,118.61,-69.82,108.7,16.96,62.0,-41.75,1.004,57.1,89,0.3911,0,1
NEU-500341,TreatmentA,B01,113.9,-70.67,168.7,37.31,94.0,-43.41,0.643,37.3,81,0.4007,0,1
NEU-500973,TreatmentA,B03,114.48,-60.89,292.7,12.06,140.4,-41.45,1.497,57.3,81,0.5887,0,0
NEU-500611,Control,B02,77.85,-62.06,268.6,11.73,118.5,-40.85,0.486,33.2,97,0.361,0,1
NEU-500308,Control,B02,98.48,-65.59,244.0,37.76,128.6,-42.06,1.167,18.0,85,0.5693,0,1
NEU-500953,TreatmentB,B02,88.74,-56.88,168.1,18.09,2.3,-38.28,1.06,66.1,96,0.2624,1,0
NEU-500203,TreatmentA,B03,105.21,-63.48,173.1,12.93,126.1,-45.78,0.72,61.4,91,0.3608,1,0
NEU-500199,TreatmentB,B02,99.58,-74.89,142.1,15.82,55.3,-39.2,0.864,84.1,85,0.5835,1,0
NEU-500563,TreatmentA,B02,101.26,-65.3,186.8,21.04,16.7,-43.59,1.483,96.3,87,0.3969,1,1
NEU-500991,TreatmentB,B03,93.8,-64.01,200.2,7.26,72.1,-42.89,1.269,34.2,70,0.1921,1,1
NEU-500500,TreatmentA,B01,120.36,-75.44,134.7,12.67,162.2,-38.3,0.845,59.7,89,0.2096,1,0
NEU-500444,TreatmentA,B03,101.37,-70.99,106.7,19.12,116.9,-50.42,1.392,73.2,86,0.4487,1,0
NEU-500107,TreatmentA,B01,86.16,-48.64,154.6,38.64,88.5,-49.37,0.743,62.0,110,0.4061,0,0
NEU-500751,TreatmentB,B02,100.64,-60.76,56.7,23.29,26.3,-38.59,1.174,74.4,82,0.3351,1,1
NEU-500935,TreatmentB,B03,109.47,-64.27,140.3,22.85,77.1,-42.48,1.716,70.5,82,0.3315,1,1
NEU-500610,TreatmentB,B03,105.75,-48.42,151.8,8.74,93.4,-35.94,1.679,63.4,83,0.6735,1,0
NEU-500474,Control,B02,125.48,-68.99,150.7,5.81,96.2,-37.32,0.834,14.2,82,0.3477,0,1
NEU-500792,Control,B01,114.52,-60.26,271.0,9.44,120.7,-38.89,1.362,68.9,70,0.5442,1,1
NEU-500887,TreatmentB,B01,108.99,-67.44,408.5,10.8,129.5,-42.27,0.961,37.0,88,0.4451,0,1
NEU-500366,Control,B02,107.33,-71.39,205.1,25.16,84.3,-35.55,1.229,32.6,97,0.3738,0,0
NEU-500679,Control,B03,106.03,-64.03,103.8,7.49,114.6,-48.14,1.363,35.2,92,0.4672,0,0
NEU-500162,TreatmentB,B02,138.84,-62.81,107.9,33.91,44.6,-47.99,0.452,36.1,92,0.5103,1,1
NEU-500955,TreatmentB,B03,97.55,-60.45,127.3,32.8,59.0,-42.54,0.903,59.6,77,0.5183,1,1
NEU-500669,Control,B03,123.62,-60.36,422.0,16.62,98.1,-39.64,0.866,43.5,86,0.54,0,1
NEU-500426,Control,B01,93.85,-64.04,84.6,20.13,74.8,-45.96,1.547,53.1,80,0.4265,0,1
NEU-500126,TreatmentA,B02,112.24,-67.75,199.9,16.54,83.1,-45.53,1.188,49.9,68,0.3608,0,1
NEU-500440,TreatmentB,B02,86.98,-65.29,140.1,10.67,116.5,-33.79,0.818,52.9,102,0.4302,0,1
NEU-500277,TreatmentB,B02,116.92,-72.26,174.0,11.51,90.7,-43.04,1.331,72.9,85,0.2478,1,0
NEU-500160,TreatmentB,B02,109.75,-63.88,186.3,29.85,102.8,-36.9,1.266,65.1,95,0.3752,1,1
NEU-500504,TreatmentA,B01,118.02,-58.34,126.9,12.99,68.3,-41.16,1.223,30.0,88,0.3913,0,0
NEU-500803,TreatmentB,B01,123.13,-60.61,174.7,13.55,132.2,-36.74,1.365,71.2,80,0.666,1,0
NEU-500124,TreatmentB,B02,100.23,-68.54,246.7,11.29,36.5,-40.16,1.522,63.1,106,0.3973,1,1
NEU-500079,TreatmentA,B01,110.94,-64.01,197.5,9.98,81.1,-39.0,1.016,47.8,83,0.2472,0,1
NEU-500799,TreatmentB,B01,106.51,-72.72,428.8,7.37,130.8,-46.99,1.403,66.0,96,0.1677,0,1
NEU-500154,TreatmentA,B01,126.06,-57.17,122.8,9.69,25.9,-41.31,0.738,51.6,117,0.4791,0,0
NEU-500473,Control,B02,89.73,-72.19,361.8,12.79,94.7,-40.61,1.897,56.0,85,0.3956,0,0
NEU-500672,Control,B02,97.15,-67.85,261.6,10.02,55.4,-45.3,0.801,58.0,87,0.2578,0,1
NEU-500241,TreatmentA,B03,71.27,-62.18,211.9,17.27,145.8,-39.54,0.955,52.9,101,0.1829,0,0
NEU-500707,TreatmentA,B02,119.88,-67.63,156.9,19.59,118.9,-49.31,0.806,28.5,101,0.3529,0,1
NEU-500906,Control,B01,83.11,-67.09,155.0,17.36,128.3,-40.05,1.032,38.3,87,0.1863,0,0
NEU-500470,Control,B02,110.93,-63.86,231.5,18.87,165.7,-41.24,0.874,40.4,85,0.1984,0,1
NEU-500376,TreatmentA,B01,94.76,-68.9,137.7,13.91,106.7,-49.78,1.291,44.6,96,0.3591,0,1
NEU-500195,Control,B03,80.94,-63.98,199.8,19.03,117.2,-41.09,1.496,20.8,85,0.5038,0,1
NEU-500130,Control,B03,103.93,-72.06,382.3,12.5,53.1,-46.53,1.254,40.4,89,0.4822,0,0
NEU-500759,Control,B01,100.6,-61.09,77.4,10.49,99.1,-47.01,1.003,43.7,85,0.2673,0,1
NEU-500016,TreatmentA,B02,83.17,-65.97,136.8,9.8,123.1,-40.87,0.909,52.2,95,0.2757,0,1
NEU-500983,Control,B02,87.25,-66.25,140.8,10.14,56.0,-37.15,0.749,30.0,68,0.5508,0,0
NEU-500573,TreatmentA,B01,125.93,-73.0,174.1,26.61,85.9,-43.26,0.628,71.4,81,0.2172,1,0
NEU-500325,Control,B03,112.61,-57.36,164.3,35.67,185.2,-36.0,1.703,45.8,96,0.1345,0,0
NEU-500673,TreatmentA,B03,105.13,-67.29,260.2,15.88,118.5,-40.83,0.828,65.2,85,0.3531,1,1
NEU-500413,Control,B01,101.9,-52.76,127.2,33.45,169.4,-41.76,0.582,44.1,80,0.1922,1,0
NEU-500976,Control,B02,103.47,-66.46,67.3,15.76,152.1,-42.04,0.911,36.2,80,0.6684,1,1
NEU-500532,Control,B01,79.56,-70.13,119.0,26.59,160.3,-40.03,0.888,62.1,85,0.5157,0,1
NEU-500501,TreatmentA,B03,108.77,-61.51,165.8,10.96,152.3,-37.2,0.768,40.1,87,0.5621,0,0
NEU-500868,Control,B01,116.2,-63.15,270.2,12.97,123.7,-51.61,0.913,24.4,88,0.5845,0,1
NEU-500832,TreatmentB,B02,129.8,-60.82,119.6,10.25,142.9,-37.49,1.14,43.8,79,0.7476,0,0
NEU-500837,TreatmentA,B03,108.98,-65.79,222.0,18.57,90.2,-41.65,1.533,42.7,71,0.4588,0,1
NEU-500623,Control,B03,107.47,-60.81,129.6,13.25,94.8,-45.31,0.482,48.0,81,0.3352,0,1
NEU-500422,Control,B03,98.74,-67.51,142.2,13.31,80.5,-44.17,0.681,46.7,89,0.4842,0,0
NEU-500294,Control,B01,118.41,-74.85,210.9,8.8,116.0,-37.73,0.663,42.7,89,0.5029,0,0
NEU-500994,Control,B01,103.04,-72.7,120.8,17.89,124.3,-34.71,0.911,34.7,85,0.7061,0,1
NEU-500390,TreatmentA,B03,88.12,-61.72,151.0,23.49,65.4,-42.73,1.521,93.0,72,0.5967,1,1
NEU-500135,Control,B01,95.44,-56.57,426.3,19.01,82.4,-36.37,1.055,49.7,98,0.1105,0,0
NEU-500928,TreatmentA,B03,74.61,-72.42,342.3,19.02,79.3,-43.3,0.831,64.7,93,0.3516,0,0
NEU-500956,TreatmentB,B02,114.65,-63.58,111.4,6.98,89.0,-36.97,0.736,79.0,83,0.408,1,1
NEU-500453,TreatmentA,B03,86.99,-64.35,221.2,25.81,116.3,-51.8,0.795,42.4,76,0.4881,0,1
NEU-500730,TreatmentA,B02,104.43,-62.72,87.6,10.6,98.8,-46.1,1.445,23.5,86,0.4873,0,1
NEU-500558,TreatmentB,B01,115.62,-64.92,86.1,15.52,77.3,-47.62,1.208,50.9,81,0.6048,0,1
NEU-500892,TreatmentB,B03,78.59,-75.63,112.3,10.18,2.6,-40.34,0.9,71.0,91,0.4876,0,0
NEU-500523,Control,B02,71.75,-69.31,141.4,14.92,161.9,-46.01,0.766,57.1,87,0.4853,0,1
NEU-500756,TreatmentA,B01,122.26,-63.75,172.7,10.15,65.6,-49.08,1.097,103.1,80,0.5935,1,1
NEU-500537,TreatmentA,B03,86.97,-57.79,110.2,6.44,123.3,-40.95,1.107,37.3,95,0.21,0,1
NEU-500192,Control,B02,89.44,-69.75,81.6,12.54,147.5,-49.85,0.959,38.5,81,0.4213,1,1
NEU-500043,TreatmentA,B02,83.46,-70.01,268.7,14.43,68.0,-42.52,0.758,51.9,88,0.4825,0,0
NEU-500998,TreatmentA,B03,91.17,-66.8,218.1,23.02,59.0,-43.26,0.989,52.1,109,0.2187,1,0
NEU-500643,TreatmentB,B01,115.16,-62.51,230.1,17.67,79.5,-43.37,1.172,52.2,102,0.3084,0,0
NEU-500384,Control,B01,106.01,-63.7,132.6,13.27,130.7,-48.08,0.705,54.2,109,0.4413,0,1
NEU-500508,Control,B01,102.41,-71.74,272.1,7.72,92.6,-40.15,1.312,42.4,81,0.4639,0,0
NEU-500633,TreatmentA,B03,98.74,-52.73,129.9,7.15,63.3,-42.56,1.8,67.5,91,0.4845,1,0
NEU-500084,Control,B02,102.56,-77.08,231.2,11.87,117.3,-39.76,0.813,46.8,89,0.3962,0,0
NEU-500080,TreatmentB,B02,96.33,-65.65,136.6,12.55,60.4,-40.79,1.198,79.3,91,0.2293,1,1
NEU-500683,TreatmentB,B03,130.29,-61.27,192.8,12.22,45.9,-42.18,0.771,83.0,94,0.5476,1,1
NEU-500578,TreatmentB,B03,126.98,-68.68,134.1,25.11,66.1,-38.36,0.996,39.0,98,0.3566,0,1
NEU-500214,TreatmentA,B02,86.9,-56.71,297.1,10.35,89.8,-37.44,0.952,53.5,77,0.3563,0,0
NEU-500188,TreatmentB,B01,115.55,-69.98,99.3,5.87,71.6,-43.67,1.265,66.6,87,0.5078,0,0
NEU-500259,TreatmentA,B02,82.76,-71.27,134.1,12.8,68.3,-32.68,0.852,75.1,106,0.4664,1,0
NEU-500144,TreatmentA,B01,109.06,-63.15,139.2,13.32,117.3,-50.29,1.101,50.1,78,0.3162,0,1
NEU-500217,TreatmentB,B03,84.75,-69.17,250.0,10.48,121.8,-37.57,1.159,63.8,80,0.1435,1,1
NEU-500398,TreatmentB,B02,96.12,-64.97,223.4,9.39,86.8,-39.52,0.828,59.7,96,0.3323,1,1
NEU-500815,TreatmentA,B01,124.66,-50.12,202.2,8.02,160.0,-41.21,0.509,48.3,82,0.266,0,0
NEU-500078,Control,B03,107.33,-63.36,245.8,17.27,204.0,-38.61,0.875,45.1,89,0.4444,0,1
NEU-500434,Control,B02,84.46,-56.81,182.6,15.02,109.7,-27.99,0.911,64.8,78,0.1923,1,0
NEU-500215,TreatmentA,B02,74.34,-56.58,237.3,14.17,116.0,-36.63,0.905,40.7,85,0.2669,0,0
NEU-500798,TreatmentA,B03,123.81,-69.21,125.5,13.72,32.2,-35.09,1.106,50.0,81,0.1722,1,1
NEU-500180,Control,B03,109.35,-67.74,127.6,27.67,124.7,-41.13,0.785,44.5,68,0.2502,0,0
NEU-500314,TreatmentA,B02,89.07,-58.02,160.0,30.71,90.8,-38.63,0.74,47.9,81,0.2117,0,0
NEU-500917,TreatmentA,B01,130.14,-58.57,172.6,21.0,179.8,-37.11,1.613,33.4,87,0.505,1,1
NEU-500541,TreatmentA,B03,82.93,-67.03,124.0,11.43,23.4,-36.0,1.095,45.8,93,0.7713,0,0
NEU-500077,TreatmentB,B01,118.45,-53.62,220.3,19.89,70.3,-46.28,1.407,53.3,93,0.7202,1,1
NEU-500833,TreatmentA,B02,94.47,-55.69,166.5,15.22,87.6,-46.69,0.741,50.4,99,0.4375,0,0
NEU-500690,TreatmentB,B01,98.44,-66.05,236.2,14.81,118.4,-42.06,1.058,73.8,86,0.41,1,1
NEU-500724,TreatmentB,B02,120.99,-65.99,108.3,14.03,55.8,-39.8,0.583,63.5,88,0.5916,0,1
NEU-500205,Control,B03,82.83,-68.45,167.4,7.27,107.9,-35.83,0.935,39.6,92,0.5336,0,0
NEU-500954,TreatmentA,B02,131.29,-55.92,325.5,13.89,118.0,-36.66,1.072,42.8,79,0.3047,0,0
NEU-500041,TreatmentB,B02,98.99,-60.97,280.7,20.78,103.1,-41.42,1.178,61.2,84,0.306,1,0
NEU-500156,Control,B02,114.99,-70.64,128.1,15.1,119.9,-43.81,1.195,27.1,84,0.0886,1,1
NEU-500784,TreatmentA,B01,109.84,-65.19,126.8,26.16,51.3,-37.29,0.831,25.8,95,0.2324,0,0
NEU-500746,TreatmentB,B02,90.47,-67.88,357.8,5.22,50.5,-47.93,2.197,61.3,86,0.4546,1,0
NEU-500448,TreatmentB,B02,131.81,-52.89,203.7,8.8,46.9,-39.92,0.909,73.0,82,0.629,1,0
NEU-500629,Control,B01,85.41,-77.26,99.3,22.88,64.2,-48.08,1.439,62.9,89,0.2642,1,0
NEU-500662,TreatmentB,B03,112.62,-64.82,148.5,15.31,72.5,-36.28,1.162,43.0,70,0.3879,1,1
NEU-500219,Control,B02,91.78,-52.63,67.1,7.95,81.1,-39.88,0.805,38.2,82,0.4784,0,0
NEU-500958,Control,B01,114.01,-71.39,195.8,14.9,115.3,-41.19,1.22,62.8,87,0.3006,1,0
NEU-500230,Control,B03,82.92,-69.39,216.9,18.2,118.9,-44.9,1.195,41.3,80,0.5142,1,1
NEU-500047,Control,B02,110.77,-61.6,178.4,12.42,129.0,-41.43,0.967,27.9,80,0.4471,0,0
NEU-500865,TreatmentB,B01,130.12,-64.06,166.6,12.26,88.0,-44.62,1.068,56.7,79,0.2441,1,1
NEU-500423,Control,B02,104.81,-52.93,136.1,15.64,131.9,-38.77,0.853,43.2,89,0.246,0,0
NEU-500539,Control,B03,96.75,-66.07,209.3,19.96,28.3,-35.07,0.848,27.1,88,0.4776,1,1
NEU-500153,TreatmentB,B01,110.7,-63.12,190.4,9.92,98.8,-43.53,1.211,66.1,87,0.6949,1,0
NEU-500634,Control,B01,109.76,-72.84,370.6,14.92,163.1,-37.67,1.414,35.5,81,0.2138,0,0
NEU-500745,TreatmentB,B03,106.99,-68.04,313.3,20.69,81.7,-40.39,1.284,62.5,91,0.2906,1,0
NEU-500262,Control,B02,105.12,-80.37,120.0,20.78,141.6,-39.51,0.61,49.6,93,0.4951,0,0
NEU-500360,Control,B03,105.33,-67.85,324.9,32.37,91.8,-41.28,1.176,44.5,88,0.1285,1,0
NEU-500562,TreatmentA,B02,74.16,-63.53,114.5,11.8,92.0,-37.07,1.082,52.4,87,0.3844,1,0
NEU-500347,TreatmentB,B03,90.74,-62.05,126.5,12.22,93.6,-38.83,0.57,56.2,73,0.2788,1,1
NEU-500758,Control,B02,104.95,-62.25,224.0,10.03,145.7,-39.7,0.962,47.3,89,0.3736,1,1
NEU-500394,Control,B03,124.02,-61.63,98.3,15.85,46.9,-41.19,1.045,44.0,96,0.3648,0,1
NEU-500926,Control,B03,114.46,-70.06,298.8,14.44,153.2,-41.19,0.638,27.8,80,0.1615,0,0
NEU-500647,Control,B01,121.88,-67.0,208.9,11.29,88.1,-47.82,1.521,43.2,89,0.567,1,0
NEU-500374,TreatmentA,B01,92.66,-59.63,265.0,11.29,137.9,-45.3,0.925,28.3,100,0.1191,1,1
NEU-500211,Control,B01,96.01,-56.92,93.1,20.92,97.9,-48.96,1.144,17.9,85,0.5717,1,1
NEU-500513,TreatmentA,B03,115.88,-67.67,204.5,22.44,109.1,-48.34,0.84,67.0,74,0.3884,1,1
NEU-500132,Control,B02,116.19,-67.62,141.8,10.97,108.8,-35.98,0.774,38.6,84,0.1984,0,1
NEU-500067,Control,B01,135.47,-55.95,78.6,14.32,133.0,-43.28,1.072,48.8,82,0.4333,1,0
NEU-500129,TreatmentA,B03,125.16,-67.08,180.6,13.95,174.7,-44.4,0.991,55.8,91,0.7578,0,1
NEU-500447,Control,B03,90.78,-67.37,141.4,7.3,93.5,-31.65,1.404,58.3,75,0.3775,1,1
NEU-500375,TreatmentB,B01,97.99,-65.82,191.9,9.72,72.6,-42.21,0.557,59.6,97,0.3442,0,1
NEU-500004,TreatmentA,B03,102.93,-59.06,269.7,17.15,142.3,-36.66,0.888,47.9,101,0.2228,0,0
NEU-500957,TreatmentA,B03,83.22,-59.52,133.9,11.52,98.6,-38.92,1.477,77.0,80,0.2875,1,1
NEU-500544,TreatmentB,B03,100.63,-62.59,144.3,13.58,70.7,-44.16,1.017,52.0,85,0.3586,0,1
NEU-500867,TreatmentB,B03,111.67,-56.85,115.9,13.21,29.2,-48.47,0.774,53.3,72,0.4487,0,1
NEU-500721,Control,B01,85.69,-53.27,173.9,11.21,97.1,-49.08,1.41,18.7,77,0.6918,0,0
NEU-500738,TreatmentB,B03,96.82,-54.06,178.6,7.78,144.2,-43.2,1.33,42.0,62,0.2608,1,1
NEU-500036,Control,B01,71.35,-66.54,128.5,23.67,111.9,-44.37,1.055,65.2,81,0.4819,0,1
NEU-500271,Control,B03,107.62,-65.34,155.4,8.81,147.5,-41.93,1.311,53.9,96,0.3182,1,1
NEU-500370,Control,B03,106.25,-66.47,197.6,11.5,153.2,-44.88,0.703,23.7,86,0.3589,0,1
NEU-500280,TreatmentB,B03,112.59,-63.82,181.2,7.67,87.8,-42.26,1.003,74.0,78,0.154,1,1
NEU-500877,TreatmentA,B02,90.83,-72.82,116.4,3.62,121.9,-49.1,0.819,34.5,86,0.3214,0,1
NEU-500842,TreatmentB,B02,113.02,-63.25,300.3,9.96,60.3,-44.74,1.04,71.1,80,0.5919,0,1
NEU-500580,TreatmentB,B03,85.52,-63.56,203.9,11.12,106.5,-47.74,1.124,71.0,82,0.2688,0,1
NEU-500487,Control,B01,87.18,-62.27,360.1,22.38,112.3,-40.29,0.702,57.6,87,0.4031,0,1
NEU-500996,TreatmentA,B01,144.59,-59.76,169.6,18.36,107.0,-30.39,1.204,42.4,97,0.4323,1,0
NEU-500646,TreatmentB,B03,114.23,-57.56,92.6,8.46,-3.4,-41.58,1.069,61.5,93,0.3638,1,0
NEU-500302,Control,B03,101.0,-67.18,305.1,18.21,92.9,-35.62,1.514,39.4,81,0.1566,0,0
NEU-500299,Control,B02,109.83,-67.42,170.1,10.46,105.3,-37.71,1.1,29.5,93,0.394,0,0
NEU-500328,TreatmentB,B01,90.13,-68.18,402.8,13.77,114.7,-44.76,0.616,72.9,87,0.3609,0,1
NEU-500535,TreatmentA,B02,111.49,-61.26,145.5,5.56,116.2,-38.76,1.533,80.1,77,0.4064,1,0
NEU-500934,TreatmentA,B03,117.58,-72.54,148.8,11.97,144.2,-44.39,0.923,56.7,100,0.3575,1,1
NEU-500808,Control,B02,121.52,-67.92,55.3,13.27,186.0,-39.66,1.316,46.2,79,0.5042,1,1
NEU-500705,TreatmentA,B03,96.14,-57.63,182.0,16.09,107.4,-47.97,1.005,42.9,86,0.1527,0,0
NEU-500764,Control,B01,95.55,-56.77,303.3,11.96,86.6,-44.17,1.517,63.9,80,0.4957,1,0
NEU-500607,Control,B03,96.83,-67.18,249.8,15.39,95.1,-40.37,0.647,62.4,82,0.4248,0,1
NEU-500042,Control,B01,101.57,-60.42,174.6,12.21,91.9,-42.9,1.188,12.6,80,0.4746,0,0
NEU-500099,TreatmentB,B03,106.23,-60.73,199.0,21.15,99.6,-43.91,1.419,72.6,85,0.3045,1,0
NEU-500538,Control,B03,92.87,-56.91,129.6,19.96,152.0,-43.19,1.2,69.0,78,0.5265,1,0
NEU-500389,TreatmentB,B03,115.71,-75.6,266.2,8.08,59.5,-46.42,0.662,68.1,91,0.5782,0,0
NEU-500830,Control,B03,130.94,-61.27,144.5,6.13,149.8,-47.13,0.915,63.9,94,0.5421,1,0
NEU-500961,TreatmentA,B03,72.77,-74.25,178.1,9.75,112.6,-46.04,1.337,61.8,82,0.3487,1,0
NEU-500819,TreatmentB,B03,103.03,-62.78,174.5,13.11,38.5,-43.34,0.824,71.7,82,0.5434,1,0
NEU-500635,TreatmentB,B03,89.36,-71.11,98.4,14.71,66.8,-39.63,1.299,72.7,83,0.6195,1,1
NEU-500864,Control,B01,103.99,-58.35,186.5,8.73,133.3,-27.62,0.922,39.7,77,0.292,1,1
NEU-500083,TreatmentA,B02,89.99,-56.82,168.2,12.9,136.6,-39.63,0.747,63.0,81,0.3477,0,0
NEU-500889,Control,B01,117.86,-74.23,173.6,12.75,75.8,-47.74,1.045,52.2,72,0.2956,1,0
NEU-500731,Control,B01,96.3,-64.86,189.6,12.41,97.0,-43.5,0.807,55.9,86,0.2821,0,0
NEU-500355,TreatmentB,B02,98.74,-63.5,84.1,7.68,143.1,-47.18,0.929,60.3,88,0.3449,0,1
NEU-500988,TreatmentA,B01,85.67,-64.6,171.4,22.76,103.6,-31.56,0.956,44.7,87,0.2463,0,0
NEU-500908,TreatmentA,B01,107.36,-54.36,186.5,10.23,75.5,-39.92,1.702,49.8,92,0.3644,1,0
NEU-500150,TreatmentB,B03,126.94,-68.06,303.0,14.46,33.3,-38.88,0.992,66.3,68,0.3478,0,1
NEU-500063,TreatmentA,B03,106.21,-61.24,220.9,14.74,117.0,-50.3,1.084,44.9,79,0.3064,0,0
NEU-500457,Control,B01,105.63,-68.48,260.9,17.13,82.0,-41.57,1.467,41.6,85,0.3481,0,1
NEU-500045,Control,B02,73.83,-59.93,55.6,20.65,95.1,-53.83,1.218,54.7,91,0.0875,1,0
NEU-500697,TreatmentA,B01,118.96,-75.05,210.3,8.02,73.2,-41.46,0.754,28.8,96,0.5302,0,0
NEU-500871,TreatmentB,B01,93.32,-75.06,100.8,8.31,75.9,-44.67,1.528,44.2,96,0.5812,0,0
NEU-500297,TreatmentB,B01,94.36,-65.9,267.3,19.43,76.7,-38.92,0.91,53.4,88,0.4832,0,1
NEU-500572,Control,B03,137.34,-57.52,258.9,12.58,109.2,-42.87,0.71,66.6,82,0.6005,0,1
NEU-500456,Control,B03,94.12,-62.74,245.8,17.34,161.7,-44.49,1.03,37.4,80,0.1429,0,0
NEU-500609,TreatmentB,B01,104.21,-59.91,111.1,9.4,98.2,-42.76,1.348,78.7,95,0.6296,1,0
NEU-500818,TreatmentB,B03,109.4,-68.33,107.0,15.04,62.4,-44.07,1.101,53.2,87,0.3538,1,1
NEU-500177,TreatmentA,B01,113.89,-57.35,117.6,19.75,36.6,-45.02,1.079,47.5,85,0.3738,1,0
NEU-500272,Control,B01,124.15,-63.14,147.1,12.43,99.7,-44.48,1.651,34.0,74,0.2353,0,1
NEU-500114,TreatmentB,B03,107.3,-67.08,293.6,7.94,42.5,-46.25,0.896,63.0,84,0.547,0,0
NEU-500782,TreatmentA,B02,124.56,-58.93,94.0,11.8,77.6,-44.26,0.903,59.9,87,0.3011,0,1
NEU-500594,TreatmentA,B02,121.29,-64.24,104.9,17.07,89.5,-41.22,0.864,46.3,74,0.6708,0,1
NEU-500023,TreatmentB,B01,93.43,-75.07,283.0,12.48,119.6,-47.38,1.082,50.1,88,0.3833,0,0
NEU-500919,Control,B03,108.38,-62.14,309.9,11.83,92.6,-46.14,1.303,43.0,86,0.4006,0,0
NEU-500081,Control,B01,118.95,-71.1,121.3,11.43,81.8,-37.97,1.096,21.9,80,0.3558,0,1
NEU-500392,Control,B02,98.09,-50.61,231.9,14.02,122.6,-46.6,0.835,39.6,87,0.4189,0,0
NEU-500716,TreatmentA,B01,95.35,-63.56,395.7,17.11,77.7,-48.38,1.005,51.5,95,0.2699,1,0
NEU-500076,TreatmentA,B03,104.1,-68.73,164.2,20.55,132.3,-47.24,1.321,36.5,82,0.3657,1,0
NEU-500458,TreatmentA,B03,88.41,-72.85,125.4,18.28,115.7,-38.8,0.748,70.2,85,0.6076,0,1
NEU-500396,Control,B03,109.5,-67.22,189.7,16.18,113.9,-36.68,1.27,44.1,78,0.5578,0,1
NEU-500147,Control,B02,121.14,-70.51,185.6,27.91,114.3,-41.65,0.977,30.9,83,0.6358,0,1
NEU-500936,TreatmentB,B03,96.06,-64.6,354.3,15.24,48.4,-44.81,0.861,64.2,92,0.4947,1,1
NEU-500680,TreatmentA,B01,84.01,-59.44,180.8,10.48,89.8,-37.16,0.807,47.1,87,0.4678,1,0
NEU-500495,TreatmentB,B02,72.88,-67.09,211.7,11.46,35.1,-42.45,1.315,74.4,98,0.3142,1,0
NEU-500020,Control,B01,105.55,-67.51,166.9,11.84,155.5,-41.86,0.488,33.0,96,0.2954,0,1
NEU-500622,TreatmentA,B03,114.4,-64.66,533.5,11.5,99.5,-45.33,0.788,49.7,97,0.3605,0,1
NEU-500181,Control,B02,118.85,-68.22,120.3,12.26,41.9,-44.81,1.857,46.8,91,0.4349,1,0
NEU-500656,Control,B01,113.55,-62.59,101.0,17.25,101.5,-35.94,0.693,11.9,82,0.2202,0,0
NEU-500947,TreatmentB,B01,91.95,-80.68,286.4,9.42,188.0,-36.01,1.266,59.7,84,0.6271,0,0
NEU-500576,TreatmentB,B01,106.54,-60.37,116.8,18.85,86.2,-38.21,0.815,61.0,80,0.3595,1,0
NEU-500859,TreatmentB,B02,106.44,-62.72,126.6,13.52,80.9,-41.48,0.895,41.0,73,0.514,1,1
NEU-500944,Control,B01,111.42,-68.89,115.0,19.04,140.9,-42.56,0.732,38.9,88,0.3667,0,1
NEU-500331,TreatmentB,B03,95.53,-76.34,153.2,9.38,87.5,-32.49,1.348,46.8,102,0.4763,1,0
NEU-500113,TreatmentA,B01,97.69,-64.33,150.4,18.15,91.3,-44.94,1.473,56.7,79,0.4283,1,1
NEU-500796,TreatmentB,B02,117.99,-72.18,187.4,15.84,89.6,-36.63,2.225,89.3,97,0.3463,1,0
NEU-500713,Control,B02,101.86,-58.9,322.6,26.42,65.7,-38.13,0.962,44.5,70,0.3428,0,0
NEU-500885,Control,B01,89.42,-64.49,104.3,12.15,134.5,-41.4,1.165,32.7,97,0.4839,0,1
NEU-500223,Control,B02,120.27,-63.59,261.7,14.33,166.5,-40.46,0.938,55.2,101,0.2444,1,0
NEU-500780,Control,B02,84.04,-65.12,154.6,14.82,142.0,-44.45,1.388,43.5,75,0.4478,0,1
NEU-500597,Control,B01,96.69,-69.97,246.5,17.39,89.4,-50.4,0.783,21.4,89,0.2034,0,0
NEU-500185,TreatmentB,B03,118.96,-58.11,87.9,16.61,96.0,-39.39,1.098,51.5,71,0.4101,1,0
NEU-500145,Control,B01,95.98,-73.99,234.8,9.36,101.3,-38.2,1.492,39.4,94,0.3798,0,1
NEU-500213,TreatmentA,B03,113.37,-53.86,223.9,17.63,92.4,-42.99,1.289,77.0,75,0.429,0,0
NEU-500442,Control,B03,122.2,-71.45,113.5,19.8,129.5,-39.71,0.819,11.9,86,0.4491,0,0
NEU-500725,TreatmentB,B01,110.68,-65.41,156.3,11.36,144.2,-51.0,1.06,44.3,104,0.3363,1,1
NEU-500073,TreatmentA,B03,88.06,-70.33,323.2,16.41,123.2,-45.52,1.419,42.1,95,0.2598,0,0
NEU-500602,TreatmentA,B03,79.12,-76.68,158.5,9.3,101.3,-41.64,1.229,53.6,87,0.2951,1,0
NEU-500509,TreatmentA,B03,95.32,-69.92,89.5,7.91,109.1,-41.87,1.24,53.9,86,0.5754,1,0
NEU-500651,TreatmentB,B02,98.01,-75.49,94.0,7.31,87.1,-42.63,0.987,95.2,96,0.5295,1,0
NEU-500531,Control,B02,65.74,-63.08,221.7,8.07,201.8,-42.64,0.882,23.3,89,0.255,0,1
NEU-500420,TreatmentB,B02,96.92,-66.66,145.5,25.59,65.3,-44.54,1.031,81.3,96,0.2502,1,0
NEU-500696,Control,B03,111.79,-63.84,239.8,15.79,159.5,-42.14,1.651,30.9,96,0.2903,0,1
NEU-500477,TreatmentB,B03,102.39,-70.96,218.9,11.48,111.0,-34.13,0.938,70.6,86,0.5542,1,0
NEU-500785,Control,B01,94.09,-69.35,138.4,17.77,177.9,-43.53,0.785,42.5,94,0.6931,0,1
NEU-500528,Control,B03,100.21,-63.5,75.8,9.33,98.4,-41.28,1.31,25.3,91,0.4785,1,0
NEU-500498,TreatmentB,B02,66.83,-59.75,153.0,14.52,66.2,-45.14,1.168,59.3,84,0.5724,1,1
NEU-500357,TreatmentA,B01,103.77,-63.55,220.1,9.15,122.3,-32.92,0.784,41.6,74,0.5216,0,0
NEU-500393,Control,B03,54.26,-64.08,166.2,17.09,135.5,-34.74,0.741,44.4,87,0.2912,0,0
NEU-500850,Control,B03,84.9,-67.16,283.0,9.9,130.3,-38.35,1.334,44.2,82,0.5647,1,0
NEU-500204,Control,B01,93.54,-67.08,605.0,10.93,44.3,-41.22,1.602,38.0,85,0.3904,0,1
NEU-500667,TreatmentA,B01,116.77,-67.55,104.3,5.4,147.6,-46.03,1.024,51.0,84,0.3844,0,0
NEU-500151,Control,B03,101.46,-55.7,188.5,14.54,111.2,-40.98,1.197,49.3,90,0.2236,1,0
NEU-500675,TreatmentA,B03,103.28,-67.01,146.1,21.8,61.1,-43.3,1.005,61.4,99,0.4052,0,1
NEU-500196,Control,B03,115.15,-62.45,193.7,9.16,181.9,-44.51,0.925,36.8,87,0.3849,0,1
NEU-500510,TreatmentA,B03,105.84,-72.49,63.9,11.44,47.1,-44.52,0.869,78.6,80,0.1223,1,1
NEU-500208,TreatmentA,B02,133.26,-76.56,214.4,9.78,88.7,-48.57,1.284,25.6,91,0.3556,1,0
NEU-500475,TreatmentB,B02,78.83,-75.56,151.1,16.41,130.5,-42.46,0.913,75.9,88,0.6475,1,0
NEU-500663,Control,B02,69.26,-52.26,177.0,21.78,115.7,-41.12,1.003,44.8,91,0.5401,1,0
NEU-500977,TreatmentB,B01,122.95,-73.83,233.6,14.57,97.3,-39.8,0.688,69.6,102,0.2022,1,0
NEU-500278,TreatmentA,B02,87.12,-72.85,311.4,26.41,187.5,-43.72,1.563,55.5,101,0.5755,0,1
NEU-500838,Control,B03,88.12,-74.39,76.2,37.98,144.8,-41.4,1.033,56.4,84,0.3306,1,0
NEU-500364,TreatmentA,B01,116.64,-77.02,77.7,12.64,93.8,-40.39,1.275,21.8,91,0.5292,0,0
NEU-500382,TreatmentA,B01,82.65,-68.22,332.7,8.93,129.7,-40.31,0.904,54.0,93,0.4683,0,0
NEU-500030,TreatmentB,B01,89.13,-66.48,93.5,10.98,105.8,-44.8,0.824,50.4,91,0.3896,1,0
NEU-500982,TreatmentA,B02,99.65,-64.34,96.8,11.76,105.5,-42.81,1.256,74.2,95,0.3373,1,1
NEU-500599,TreatmentA,B02,79.9,-66.92,155.6,19.36,106.0,-43.07,1.898,78.9,75,0.1871,1,1
NEU-500970,Control,B01,97.52,-66.92,116.9,11.7,185.3,-42.41,1.411,56.6,82,0.3914,1,1
NEU-500178,TreatmentA,B01,101.22,-62.59,113.3,5.0,60.6,-47.67,1.016,32.8,85,0.3725,0,1
NEU-500002,TreatmentA,B02,90.42,-64.37,81.2,9.82,107.5,-41.14,1.693,32.0,80,0.2955,1,0
NEU-500493,Control,B02,103.4,-64.17,168.5,9.77,139.0,-47.31,1.16,41.1,82,0.3054,0,1
NEU-500981,Control,B03,105.42,-69.26,101.2,9.78,76.7,-42.24,1.098,69.8,93,0.4521,0,0
NEU-500766,TreatmentB,B01,99.5,-65.76,307.5,10.76,17.5,-42.69,1.13,42.2,74,0.5301,0,1
NEU-500703,TreatmentA,B03,123.95,-61.01,199.4,12.77,67.0,-48.12,0.98,39.5,76,0.237,0,1
NEU-500760,TreatmentA,B03,105.64,-67.21,311.9,7.72,23.6,-45.58,1.663,58.0,97,0.6544,1,0
NEU-500902,Control,B03,111.4,-62.65,310.5,14.16,180.5,-33.29,0.62,46.0,106,0.2813,1,1
NEU-500749,TreatmentB,B01,119.3,-66.45,212.6,10.81,44.8,-43.21,0.697,67.9,81,0.3257,0,1
NEU-500397,TreatmentB,B02,99.45,-64.04,242.9,6.4,79.3,-45.35,0.972,50.9,90,0.2091,0,1
NEU-500876,TreatmentA,B01,104.57,-60.57,385.2,7.09,82.6,-39.97,0.949,43.9,79,0.32,0,1
NEU-500714,Control,B03,90.6,-67.57,167.3,7.19,151.9,-36.71,1.751,21.3,84,0.4062,1,1
NEU-500315,Control,B03,101.06,-59.4,323.1,15.75,84.1,-44.06,1.141,42.7,109,0.3385,0,0
NEU-500017,TreatmentB,B01,124.44,-67.28,148.0,13.51,46.8,-36.27,1.888,74.7,76,0.386,1,1
NEU-500007,Control,B02,96.53,-75.75,219.2,10.76,100.2,-44.41,0.975,42.3,77,0.8279,0,0
NEU-500858,TreatmentB,B03,90.0,-62.12,161.9,31.43,37.5,-40.74,0.58,71.7,86,0.5231,1,1
NEU-500719,Control,B03,117.89,-67.33,136.3,14.36,98.0,-42.62,1.172,23.0,96,0.5527,0,1
NEU-500111,TreatmentB,B01,106.37,-59.38,151.4,9.65,72.4,-36.97,1.168,83.1,86,0.3786,1,0
NEU-500962,TreatmentA,B03,72.7,-56.42,94.7,8.63,86.5,-41.43,1.034,70.9,69,0.2577,1,0
NEU-500765,TreatmentB,B02,111.21,-63.7,55.4,13.47,121.6,-34.69,1.485,80.0,92,0.5055,1,0
NEU-500896,TreatmentA,B02,90.51,-63.42,283.2,10.89,104.0,-46.62,1.19,47.3,74,0.3182,0,0
NEU-500275,Control,B01,88.17,-70.38,198.7,22.45,117.9,-42.61,1.536,59.0,80,0.5638,1,1
NEU-500854,TreatmentA,B03,83.64,-57.49,102.5,14.04,162.0,-40.86,0.903,45.8,79,0.5098,0,0
NEU-500437,TreatmentA,B03,102.3,-62.7,205.9,25.59,72.5,-37.73,0.786,36.5,77,0.3091,0,0
NEU-500692,TreatmentA,B03,115.57,-58.53,153.9,15.89,88.8,-45.43,0.666,36.1,83,0.3001,0,0
NEU-500617,TreatmentB,B03,114.2,-60.83,61.5,21.92,118.8,-47.08,1.046,74.0,78,0.3544,1,1
NEU-500722,TreatmentB,B03,54.48,-68.76,406.4,19.48,35.3,-43.72,1.932,81.3,83,0.1602,1,0
NEU-500354,Control,B01,127.76,-66.01,186.5,12.75,82.8,-46.02,0.805,56.3,94,0.3752,1,1
NEU-500688,TreatmentA,B01,101.27,-67.66,314.1,10.84,48.9,-42.06,1.345,35.1,73,0.1788,1,1
NEU-500781,Control,B01,102.32,-68.01,101.3,11.6,126.5,-47.23,0.892,37.9,85,0.3369,0,1
NEU-500212,TreatmentA,B03,107.6,-62.17,188.3,15.1,85.7,-39.05,0.756,35.9,97,0.3926,0,1
NEU-500992,Control,B01,75.31,-67.88,173.7,11.52,151.5,-39.48,1.891,41.0,84,0.5441,1,1
NEU-500605,TreatmentA,B02,89.15,-69.47,117.0,10.79,81.0,-46.53,0.966,42.4,75,0.4141,1,0
NEU-500061,TreatmentB,B02,102.84,-59.36,207.5,18.85,59.5,-43.37,0.734,43.9,90,0.3424,0,0
NEU-500788,TreatmentA,B03,121.76,-60.9,203.1,16.63,67.8,-49.83,0.975,72.7,81,0.2594,1,0
NEU-500038,Control,B03,101.8,-70.7,216.6,10.46,124.4,-41.42,1.13,63.5,87,0.4186,0,1
NEU-500625,Control,B01,81.99,-72.88,502.4,18.39,118.8,-46.04,1.227,32.4,82,0.4716,0,0
NEU-500886,TreatmentA,B02,104.02,-60.01,243.0,22.34,74.2,-41.62,1.204,49.0,107,0.3262,1,0
NEU-500559,TreatmentA,B01,107.12,-70.32,162.8,7.35,85.6,-42.39,1.302,44.3,83,0.4396,1,1
NEU-500512,TreatmentB,B03,98.35,-64.3,121.3,15.29,81.3,-42.61,2.085,49.9,82,0.5481,1,1
NEU-500878,Control,B01,100.18,-61.95,90.2,34.14,165.5,-41.91,1.778,51.7,99,0.1734,1,0
NEU-500497,TreatmentA,B02,86.36,-65.76,86.4,7.08,123.9,-39.48,1.277,39.0,88,0.3585,1,1
NEU-500247,TreatmentB,B01,102.9,-59.66,174.4,15.9,93.9,-39.15,0.935,69.3,84,0.2781,1,0
NEU-500800,TreatmentB,B02,82.57,-57.42,156.8,10.44,86.3,-38.53,1.877,45.6,88,0.4138,1,0
NEU-500342,TreatmentA,B01,113.47,-62.6,127.5,9.21,101.3,-44.16,0.517,40.6,70,0.2815,1,1
NEU-500025,TreatmentA,B03,95.31,-57.42,127.2,28.32,105.2,-39.31,0.722,41.4,96,0.5794,0,1
NEU-500710,TreatmentB,B02,128.49,-70.76,173.7,15.85,78.5,-42.92,1.103,64.4,98,0.5956,1,1
NEU-500862,Control,B01,105.21,-65.89,164.0,21.55,64.4,-38.83,0.896,45.7,84,0.2564,0,0
NEU-500636,Control,B02,96.28,-73.19,328.3,16.25,160.2,-36.87,0.749,37.3,92,0.4763,0,0
NEU-500403,TreatmentB,B02,94.66,-68.68,131.2,20.51,48.2,-42.37,0.874,72.1,98,0.4048,1,1
NEU-500712,TreatmentA,B01,112.92,-66.99,175.1,13.48,88.5,-44.69,1.658,78.8,76,0.2546,1,1
NEU-500123,TreatmentA,B03,103.47,-55.42,123.9,14.64,174.1,-38.88,1.401,66.7,70,0.131,1,0
NEU-500301,TreatmentB,B01,117.02,-66.24,221.6,13.96,103.5,-45.9,0.782,67.8,91,0.3643,0,1
NEU-500506,TreatmentB,B02,102.9,-65.01,228.4,12.92,91.4,-43.22,0.906,76.3,90,0.3433,0,1
NEU-500980,TreatmentA,B02,92.78,-59.23,213.7,5.2,130.6,-43.53,0.846,66.0,73,0.5226,0,0
NEU-500748,TreatmentA,B03,101.65,-68.73,160.4,22.06,35.1,-40.42,0.942,25.0,103,0.6475,0,0
NEU-500210,TreatmentB,B02,99.74,-72.76,57.3,10.2,56.4,-42.84,1.02,59.3,85,0.1966,1,1
NEU-500543,TreatmentB,B03,88.89,-61.46,249.3,22.25,101.2,-39.74,0.922,73.9,82,0.3305,1,1
NEU-500319,TreatmentA,B01,98.32,-60.76,146.4,8.88,82.4,-41.93,0.944,40.1,88,0.4009,0,1
NEU-500627,Control,B02,86.3,-57.82,160.9,22.12,137.0,-45.06,0.888,49.9,85,0.3977,0,0
NEU-500503,TreatmentA,B02,92.8,-70.98,104.4,9.7,146.0,-37.42,0.76,42.7,85,0.2654,0,0
NEU-500589,TreatmentB,B02,101.26,-77.05,286.8,16.25,107.7,-41.89,1.297,49.5,91,0.5119,1,0
NEU-500158,TreatmentB,B02,100.16,-69.61,218.3,9.02,61.7,-48.89,0.811,69.9,103,0.5108,1,0
NEU-500303,TreatmentB,B01,112.36,-58.35,258.1,10.11,90.6,-46.72,1.12,59.0,90,0.3198,1,0
NEU-500797,TreatmentA,B01,102.55,-70.38,172.7,10.05,92.6,-40.22,1.411,29.2,86,0.5642,1,0
NEU-500391,TreatmentB,B02,99.89,-71.26,141.4,13.67,138.2,-43.33,0.85,76.8,70,0.2632,1,0
NEU-500952,TreatmentA,B02,117.85,-56.69,200.3,19.27,77.1,-45.45,0.757,60.8,78,0.4893,0,0
NEU-500904,TreatmentB,B01,74.43,-58.52,149.9,10.4,55.7,-43.13,1.656,71.5,77,0.3249,0,1
NEU-500582,TreatmentA,B01,109.6,-50.89,344.5,14.16,141.9,-37.65,0.751,41.9,94,0.199,0,0
NEU-500139,Control,B02,111.04,-59.5,126.2,7.73,109.2,-39.12,1.027,42.5,82,0.6087,1,0
NEU-500109,TreatmentA,B02,120.19,-60.93,69.4,13.26,99.1,-50.98,2.237,50.4,77,0.3859,1,0
NEU-500378,Control,B01,94.08,-68.64,463.2,9.86,171.9,-39.92,0.776,15.2,66,0.5078,0,0
NEU-500296,TreatmentB,B02,98.82,-75.85,270.0,12.49,133.5,-47.48,0.847,75.2,87,0.3776,0,0
NEU-500286,TreatmentA,B02,97.03,-64.31,106.9,18.92,136.0,-45.59,2.436,66.0,87,0.3368,1,1
NEU-500502,Control,B02,90.02,-67.0,90.8,13.3,94.5,-42.58,1.282,29.8,88,0.7335,1,0
NEU-500666,Control,B01,99.39,-72.56,58.3,7.15,168.0,-48.52,0.801,72.3,90,0.3738,1,0
NEU-500686,TreatmentB,B02,78.93,-70.3,87.1,12.53,66.1,-40.13,1.438,55.2,85,0.2447,1,1
NEU-500134,TreatmentB,B03,114.38,-68.42,436.6,19.5,70.4,-39.52,0.876,76.9,85,0.1317,0,0
NEU-500853,Control,B01,105.99,-62.29,139.8,20.54,124.4,-44.4,0.969,19.8,90,0.4792,1,0
NEU-500333,TreatmentB,B02,107.18,-59.39,151.0,21.88,82.4,-39.62,0.95,59.3,97,0.4021,0,1
NEU-500644,TreatmentB,B03,97.34,-62.35,171.4,14.32,113.9,-41.26,0.591,56.4,99,0.4007,0,1
NEU-500033,Control,B01,109.0,-58.98,138.5,8.5,202.0,-33.62,0.684,50.6,81,0.255,1,1
NEU-500807,TreatmentA,B01,65.8,-57.97,438.5,17.94,125.1,-44.26,2.094,32.7,90,0.3358,0,0
NEU-500918,TreatmentA,B01,110.0,-72.55,125.1,11.19,98.9,-48.26,0.816,75.2,80,0.119,1,1
NEU-500761,TreatmentB,B01,99.87,-69.45,608.2,18.9,101.8,-44.03,1.008,46.4,98,0.2684,0,0
NEU-500618,TreatmentA,B01,94.1,-67.02,202.4,7.56,167.1,-46.87,1.469,44.2,80,0.63,0,0
NEU-500682,Control,B03,70.43,-53.31,218.0,40.8,115.6,-38.77,1.411,45.2,92,0.4157,0,0
NEU-500779,TreatmentB,B03,83.55,-62.27,163.4,19.85,78.9,-46.13,1.156,52.3,75,0.4774,1,1
NEU-500557,Control,B01,106.39,-63.44,183.1,13.36,95.6,-47.8,0.742,47.4,84,0.2658,0,1
NEU-500550,TreatmentA,B02,107.94,-72.3,143.6,13.46,67.2,-39.29,0.305,70.1,107,0.2438,0,0
NEU-500103,Control,B03,106.45,-58.98,293.5,12.25,111.4,-38.56,1.171,55.4,90,0.315,0,0
NEU-500530,TreatmentA,B03,89.45,-73.13,133.0,12.33,89.2,-41.12,1.613,15.6,81,0.4079,0,0
NEU-500802,Control,B01,101.44,-62.8,148.9,9.65,120.6,-45.15,1.212,47.2,80,0.2209,1,1
NEU-500522,TreatmentA,B01,104.5,-54.25,154.6,13.67,73.3,-38.13,1.095,45.1,83,0.6619,1,0
NEU-500912,Control,B03,106.55,-58.38,285.9,12.33,113.1,-40.73,1.689,38.7,92,0.269,1,0
NEU-500207,TreatmentB,B01,108.08,-65.28,91.7,9.32,84.5,-46.4,1.417,38.7,81,0.2879,1,1
NEU-500857,TreatmentB,B02,120.19,-59.36,112.3,12.36,18.8,-49.12,1.344,79.8,76,0.4068,1,0
NEU-500702,TreatmentA,B01,65.46,-65.62,159.4,10.38,123.7,-37.5,0.554,35.7,89,0.2721,0,1
NEU-500489,TreatmentA,B02,116.48,-62.47,88.0,7.9,111.5,-37.87,0.91,64.4,67,0.1094,1,1
NEU-500337,Control,B01,119.86,-67.7,393.8,17.97,174.2,-47.72,1.217,74.5,93,0.523,0,1
NEU-500718,TreatmentA,B03,101.73,-65.57,286.0,10.11,93.0,-37.29,0.704,70.9,75,0.3966,0,1
NEU-500290,Control,B03,116.83,-67.13,81.8,9.62,65.9,-43.87,0.861,27.7,92,0.6175,1,0
NEU-500575,TreatmentB,B02,117.8,-71.51,177.5,5.98,72.7,-35.95,1.202,59.4,75,0.5674,1,0
NEU-500176,TreatmentA,B02,90.22,-59.05,105.4,12.29,82.5,-36.87,1.168,50.6,83,0.2662,0,1
NEU-500281,TreatmentB,B02,87.46,-76.48,164.4,6.23,172.6,-36.28,0.868,51.0,88,0.1683,0,1
NEU-500848,TreatmentA,B02,133.98,-59.22,89.9,24.75,186.5,-40.14,2.044,71.4,74,0.5184,1,1
NEU-500551,TreatmentA,B02,87.01,-68.91,387.1,17.62,15.9,-45.41,1.627,50.2,80,0.2441,1,1
NEU-500677,TreatmentA,B01,87.91,-59.65,59.5,14.69,58.3,-43.77,0.981,55.0,99,0.2041,1,0
NEU-500844,Control,B01,121.53,-67.16,148.8,11.62,187.8,-42.51,0.962,39.7,79,0.3617,0,1
NEU-500891,Control,B01,92.24,-72.25,272.2,11.91,146.0,-29.64,0.902,25.2,80,0.434,0,0
NEU-500534,TreatmentB,B01,87.01,-68.51,160.8,5.15,50.5,-47.91,0.763,81.4,95,0.2295,1,1
NEU-500661,TreatmentB,B01,103.1,-67.31,196.2,16.33,48.1,-47.22,0.834,57.1,86,0.3344,0,1
NEU-500059,TreatmentB,B02,82.44,-64.74,170.3,13.17,80.9,-39.83,0.798,60.8,85,0.5274,0,1
NEU-500555,Control,B02,81.48,-65.04,233.4,20.18,76.0,-42.86,0.855,62.4,89,0.2337,1,0
NEU-500044,TreatmentB,B02,83.3,-59.18,124.8,9.26,52.7,-43.05,1.057,76.2,85,0.5382,1,0
NEU-500460,TreatmentA,B01,111.86,-60.62,119.8,23.54,35.1,-43.69,1.009,66.7,93,0.212,1,1
NEU-500251,TreatmentB,B02,86.09,-68.78,115.4,14.08,77.5,-42.61,1.754,77.4,71,0.3835,1,0
NEU-500116,TreatmentB,B01,58.56,-63.0,320.2,12.0,109.0,-39.89,1.382,66.5,73,0.5388,0,1
NEU-500164,Control,B01,92.63,-60.43,170.4,22.06,149.9,-41.98,1.117,62.1,74,0.7024,1,1
NEU-500418,TreatmentB,B02,106.36,-67.63,204.7,11.97,79.6,-45.25,0.615,48.7,102,0.1441,0,1
NEU-500441,TreatmentB,B03,89.63,-68.13,120.4,11.56,133.9,-42.5,1.434,62.4,71,0.5483,0,0
NEU-500521,TreatmentB,B01,125.46,-71.53,139.7,7.72,71.8,-43.93,1.061,93.5,105,0.7916,1,0
NEU-500737,TreatmentB,B01,114.89,-72.29,118.9,34.44,73.6,-45.07,1.075,72.6,64,0.2455,1,0
NEU-500812,Control,B01,105.61,-60.8,61.5,12.61,124.2,-42.3,0.734,38.5,98,0.331,1,0
NEU-500096,TreatmentA,B02,95.77,-55.04,215.2,16.33,44.0,-40.29,0.558,56.5,103,0.5529,0,0
NEU-500256,TreatmentA,B03,92.83,-64.58,231.4,19.91,44.4,-38.93,1.562,78.1,88,0.3424,1,0
NEU-500407,TreatmentB,B03,101.05,-68.61,192.3,11.89,133.5,-36.32,0.923,39.0,89,0.4277,1,0
NEU-500243,Control,B02,79.45,-57.34,175.8,13.09,162.7,-38.33,1.332,27.6,70,0.2066,0,0
NEU-500827,TreatmentB,B01,95.94,-71.82,263.8,11.95,89.8,-44.19,1.438,66.3,88,0.7425,1,0
NEU-500166,TreatmentA,B03,106.06,-66.48,137.5,9.68,133.9,-44.36,0.742,59.5,95,0.2339,0,1
NEU-500467,TreatmentA,B01,97.31,-63.57,250.2,16.48,69.9,-41.56,1.106,58.5,80,0.3726,1,1
NEU-500068,Control,B01,104.25,-76.57,234.4,8.44,81.2,-41.96,0.661,43.5,85,0.3845,0,0
NEU-500222,TreatmentA,B03,106.94,-68.07,134.5,23.4,49.5,-38.23,0.864,63.9,89,0.2138,1,0
NEU-500787,Control,B02,99.77,-71.2,271.8,13.84,80.9,-40.88,0.925,40.6,100,0.5976,0,1
NEU-500890,TreatmentA,B02,79.0,-72.91,158.8,14.32,97.5,-39.76,0.673,37.5,93,0.6234,0,0
NEU-500430,Control,B02,118.7,-69.44,75.5,31.76,105.3,-41.0,0.61,28.7,81,0.5139,1,1
NEU-500127,Control,B02,104.36,-66.75,464.8,9.01,114.0,-47.08,1.019,62.0,83,0.5727,0,1
NEU-500940,TreatmentB,B01,103.31,-65.34,222.5,20.01,111.5,-42.54,1.158,54.2,94,0.3383,1,1
NEU-500786,TreatmentA,B02,82.3,-65.22,283.1,9.94,102.9,-47.32,1.091,31.6,76,0.3608,0,1
NEU-500362,TreatmentA,B02,105.26,-66.29,214.4,10.75,144.1,-48.78,1.043,54.0,76,0.5459,0,1
NEU-500193,TreatmentB,B03,108.3,-50.36,252.2,13.29,58.6,-40.41,1.357,58.6,95,0.4562,0,0
NEU-500560,Control,B03,107.3,-55.51,110.9,24.58,116.5,-42.51,0.754,27.6,103,0.7145,1,1
NEU-500699,Control,B02,104.36,-70.02,191.8,13.94,146.2,-39.25,0.521,49.8,101,0.4843,0,0
NEU-500987,TreatmentB,B01,96.71,-64.28,380.8,12.94,124.3,-45.56,0.698,62.0,97,0.4246,0,0
NEU-500021,Control,B02,98.37,-69.79,202.4,14.46,122.8,-46.64,0.734,42.6,81,0.4509,1,1
NEU-500700,Control,B01,122.12,-70.39,178.2,10.31,75.9,-44.14,1.353,57.2,94,0.5397,1,0
NEU-500776,TreatmentA,B01,99.89,-63.33,306.7,27.92,65.3,-36.4,1.313,48.8,91,0.2866,0,0
NEU-500419,Control,B02,119.73,-59.56,331.2,20.77,108.4,-42.91,0.7,32.7,90,0.3904,0,1
NEU-500569,TreatmentA,B03,101.11,-56.97,452.0,9.35,119.0,-49.39,1.531,45.9,82,0.7162,0,0
NEU-500090,Control,B02,94.46,-62.34,72.7,18.63,123.8,-47.05,0.772,41.6,97,0.6159,1,1
NEU-500066,Control,B03,100.32,-62.91,126.4,18.4,72.6,-37.53,1.815,64.3,108,0.4504,1,1
NEU-500399,TreatmentA,B01,118.66,-67.92,437.0,8.62,158.9,-49.05,0.986,48.7,76,0.599,0,0
NEU-500654,TreatmentA,B02,105.3,-57.16,95.9,20.82,42.6,-49.83,1.144,51.6,70,0.5179,1,1
NEU-500736,Control,B03,92.83,-64.16,215.1,12.61,89.5,-42.5,0.938,41.1,90,0.4627,0,1
NEU-500945,TreatmentA,B03,115.36,-61.16,198.1,14.72,83.2,-36.12,0.942,33.1,83,0.2513,0,0
NEU-500681,Control,B03,121.77,-64.41,138.7,15.8,114.0,-39.17,0.954,7.8,86,0.388,0,1
NEU-500179,TreatmentA,B03,93.68,-62.97,140.0,20.26,144.9,-46.41,0.545,81.6,81,0.5716,1,1
NEU-500459,Control,B03,87.09,-63.45,88.1,10.73,62.1,-44.25,2.193,40.3,71,0.4468,1,1
NEU-500388,TreatmentA,B02,123.52,-74.58,237.4,13.51,53.8,-44.15,1.415,57.9,102,0.1844,0,0
NEU-500900,Control,B03,102.41,-59.26,77.6,34.89,134.8,-36.59,1.46,44.4,89,0.4482,1,1
NEU-500239,TreatmentB,B03,125.93,-69.79,171.8,10.45,53.1,-42.19,1.238,46.4,94,0.5035,1,0
NEU-500428,TreatmentB,B02,81.24,-61.11,244.1,7.5,56.6,-38.26,1.192,84.4,80,0.1981,1,1
NEU-500074,Control,B02,82.56,-59.31,93.2,24.0,156.6,-42.42,1.047,36.9,90,0.34,0,1
NEU-500834,TreatmentB,B02,116.22,-64.12,168.5,10.58,132.5,-44.88,1.092,63.0,97,0.336,0,1
NEU-500371,Control,B01,96.03,-72.06,135.5,16.43,163.0,-35.59,1.308,66.6,75,0.4445,1,0
NEU-500263,Control,B02,109.11,-67.23,152.3,8.5,114.0,-32.41,0.988,43.2,80,0.3194,0,1
NEU-500752,TreatmentB,B03,106.8,-60.76,132.4,23.82,83.5,-41.59,0.71,50.3,88,0.3341,0,0
NEU-500404,TreatmentA,B03,128.06,-72.54,142.4,11.11,164.3,-38.55,1.003,59.9,78,0.4465,1,0
NEU-500689,Control,B03,98.3,-71.65,112.3,15.56,89.5,-42.24,0.991,33.4,80,0.6537,0,1
NEU-500336,TreatmentB,B01,108.35,-61.79,115.4,9.78,80.4,-46.26,0.711,38.9,78,0.096,0,1
NEU-500866,Control,B01,85.92,-58.81,93.7,23.85,152.4,-44.87,1.279,37.5,83,0.3489,1,0
NEU-500091,TreatmentB,B02,94.41,-57.66,222.5,9.64,140.6,-39.1,1.492,89.9,69,0.3587,1,0
NEU-500136,Control,B01,111.52,-65.42,357.8,10.89,138.6,-42.97,1.313,59.9,105,0.4709,1,1
NEU-500481,TreatmentA,B03,113.48,-61.12,199.1,6.05,150.9,-33.09,1.025,53.3,96,0.1471,1,1
NEU-500873,Control,B03,117.77,-66.93,205.4,23.57,79.5,-43.52,1.223,41.5,78,0.1276,0,0
NEU-500069,TreatmentB,B03,92.08,-61.95,174.5,10.58,102.7,-45.47,1.138,63.6,81,0.4252,0,0
NEU-500587,TreatmentA,B03,127.46,-66.84,173.0,12.1,168.8,-45.91,0.944,50.9,86,0.2734,1,1
NEU-500645,Control,B01,91.77,-66.59,207.6,17.51,209.5,-39.95,0.781,61.7,90,0.3373,0,0
NEU-500975,TreatmentB,B01,83.0,-67.76,151.6,6.84,26.6,-41.6,1.419,78.1,74,0.4375,1,0
NEU-500492,TreatmentB,B01,92.87,-62.06,207.6,32.1,73.0,-49.57,0.81,75.9,81,0.5877,1,1
NEU-500209,Control,B01,87.7,-64.79,127.5,19.37,85.5,-42.17,1.083,30.4,76,0.4586,1,1
NEU-500809,TreatmentB,B02,96.89,-57.0,176.7,12.88,3.5,-43.09,0.988,61.2,84,0.2912,0,0
NEU-500817,TreatmentA,B03,72.7,-57.41,159.3,30.35,124.9,-38.25,1.007,71.6,80,0.359,0,0
NEU-500377,Control,B02,116.2,-59.34,220.3,12.03,98.2,-41.7,0.946,53.7,82,0.4537,1,0
NEU-500774,TreatmentA,B01,92.06,-59.21,377.4,31.46,145.0,-48.57,1.421,55.7,78,0.2665,0,0
NEU-500216,Control,B03,95.47,-59.38,187.0,11.67,160.7,-37.62,0.828,39.2,81,0.1421,0,1
NEU-500845,TreatmentA,B01,104.94,-64.35,229.3,16.86,69.5,-43.92,0.882,66.8,99,0.2995,1,1
NEU-500939,TreatmentA,B02,94.23,-71.47,104.1,6.34,102.7,-38.01,0.694,37.7,72,0.4673,0,0
NEU-500632,TreatmentA,B03,105.79,-67.87,157.7,12.09,81.5,-43.82,1.267,57.9,85,0.2699,1,0
NEU-500245,TreatmentB,B03,124.39,-68.69,157.0,20.43,97.5,-47.63,0.958,75.2,83,0.3975,1,1
NEU-500660,TreatmentB,B03,63.32,-64.08,237.6,13.22,114.5,-45.84,0.969,62.3,93,0.4046,0,1
NEU-500060,TreatmentA,B03,102.4,-66.48,146.3,9.9,138.4,-40.06,0.73,51.4,73,0.2358,0,1
NEU-500406,TreatmentB,B02,97.4,-64.54,115.7,6.55,25.7,-40.23,0.607,56.4,82,0.3057,0,1
NEU-500260,TreatmentA,B02,95.45,-65.17,107.4,28.14,206.1,-42.12,1.505,40.6,84,0.122,1,0
NEU-500821,TreatmentB,B01,108.75,-60.52,168.0,28.92,-2.5,-40.98,0.777,89.4,84,0.7561,1,1
NEU-500698,TreatmentB,B03,94.91,-62.89,212.1,18.3,44.5,-43.35,0.966,60.2,87,0.6754,1,1
NEU-500344,TreatmentA,B02,83.5,-62.07,122.6,11.4,123.5,-44.69,1.111,30.9,83,0.1191,1,1
NEU-500715,TreatmentA,B03,90.13,-63.65,143.4,15.79,105.1,-39.03,0.758,47.7,99,0.4003,0,0
NEU-500728,TreatmentB,B01,88.6,-74.85,304.9,8.71,62.2,-47.22,1.167,42.1,84,0.4097,0,0
NEU-500948,TreatmentA,B02,103.25,-63.96,305.1,13.52,48.4,-41.36,1.136,66.4,82,0.513,1,1
NEU-500907,TreatmentB,B02,89.21,-83.22,110.7,11.71,110.4,-47.46,1.192,98.9,95,0.3261,1,0
NEU-500071,TreatmentB,B01,73.54,-61.56,198.8,13.2,83.7,-38.34,1.043,66.7,87,0.3371,0,1
NEU-500311,TreatmentA,B03,100.19,-65.77,130.8,17.71,40.5,-46.01,0.96,60.1,83,0.4652,1,1
NEU-500008,TreatmentA,B03,99.19,-69.4,243.7,10.19,133.9,-44.11,0.905,41.9,76,0.2083,0,1
NEU-500921,TreatmentA,B03,110.54,-55.18,246.7,19.78,92.6,-44.8,1.24,36.5,88,0.1473,0,0
NEU-500814,TreatmentB,B02,97.4,-63.12,127.2,8.62,65.6,-46.07,0.722,63.5,87,0.4629,0,0
NEU-500108,TreatmentB,B03,115.84,-64.94,303.1,14.45,59.1,-41.0,2.319,84.3,97,0.4337,1,1
NEU-500640,TreatmentB,B01,99.81,-64.85,268.2,10.35,65.5,-45.52,1.158,49.3,118,0.5144,0,1
NEU-500194,TreatmentA,B01,91.78,-46.52,297.5,7.67,109.9,-45.63,1.19,32.5,98,0.4144,0,0
NEU-500386,TreatmentA,B01,81.97,-59.64,114.9,13.05,126.9,-51.41,0.868,68.2,70,0.5137,0,1
NEU-500592,Control,B03,89.81,-65.36,80.7,12.96,122.5,-38.98,1.229,41.1,90,0.4719,1,1
NEU-500747,Control,B01,109.31,-69.74,212.4,15.85,96.6,-45.34,1.386,48.9,78,0.4334,0,1
NEU-500694,TreatmentA,B02,99.93,-67.24,77.7,12.28,51.6,-48.77,0.614,47.4,108,0.3213,0,1
NEU-500095,TreatmentB,B01,120.32,-67.87,173.8,16.05,61.8,-41.58,0.56,77.9,88,0.3526,1,1
NEU-500201,TreatmentB,B03,92.09,-72.08,214.8,15.36,30.2,-43.66,1.058,72.0,96,0.3966,1,0
NEU-500820,TreatmentB,B02,97.02,-65.51,156.8,7.64,102.4,-44.18,0.759,42.4,94,0.1097,1,1
NEU-500899,TreatmentB,B01,101.61,-55.43,88.7,13.94,63.0,-44.56,0.876,71.8,75,0.3512,1,0
NEU-500401,Control,B03,96.76,-67.47,220.4,13.64,72.8,-41.49,0.976,30.1,71,0.3122,0,1
NEU-500704,TreatmentB,B02,101.01,-68.42,146.3,14.8,26.3,-37.36,1.412,77.6,91,0.3113,0,1
NEU-500664,Control,B02,109.24,-65.23,123.8,9.72,83.4,-43.94,0.549,47.7,102,0.1235,0,1
NEU-500167,TreatmentB,B02,92.05,-70.82,126.8,7.42,157.5,-44.3,1.031,69.1,92,0.1992,0,1
NEU-500925,TreatmentB,B01,97.28,-65.46,83.7,10.17,79.2,-46.39,0.717,43.7,97,0.2778,0,1
NEU-500046,TreatmentA,B02,105.79,-64.15,411.2,23.67,97.8,-40.77,0.944,37.7,87,0.6232,0,1
NEU-500959,Control,B03,90.82,-60.99,189.1,16.63,128.0,-43.01,0.994,35.1,73,0.7032,0,1
NEU-500505,TreatmentA,B01,99.89,-62.12,153.8,11.16,59.0,-46.11,1.216,44.0,79,0.227,1,1
NEU-500584,TreatmentB,B01,89.62,-68.86,123.8,19.74,36.0,-42.84,2.522,87.2,89,0.2651,1,0
NEU-500630,TreatmentA,B02,101.77,-74.75,196.0,6.7,77.3,-39.0,1.175,81.0,75,0.4123,1,0
NEU-500165,TreatmentA,B02,109.53,-62.35,335.9,20.75,90.5,-40.25,0.906,80.3,93,0.5745,1,1
NEU-500183,Control,B02,93.84,-61.88,167.8,11.02,114.5,-46.94,1.42,30.0,91,0.6978,0,0
NEU-500549,Control,B03,102.21,-66.55,167.9,6.43,128.5,-40.15,0.598,54.6,95,0.1054,0,1
NEU-500037,Control,B03,113.3,-68.71,329.3,6.28,133.5,-47.65,1.553,64.7,89,0.4648,1,0
NEU-500717,TreatmentA,B01,112.81,-70.0,323.2,14.82,87.7,-36.84,1.239,62.6,96,0.3918,1,0
NEU-500545,Control,B01,66.07,-69.83,313.1,14.59,81.2,-42.92,0.711,28.8,77,0.6036,0,1
NEU-500990,Control,B01,95.71,-66.9,278.9,19.22,157.9,-46.97,0.903,20.1,104,0.2001,0,1
NEU-500175,TreatmentB,B01,129.86,-75.21,207.1,9.53,63.9,-46.25,1.08,31.3,106,0.49,0,0
NEU-500383,TreatmentB,B02,87.59,-70.19,252.2,15.72,79.2,-40.82,1.161,64.7,95,0.3247,0,1
NEU-500593,Control,B01,129.17,-64.05,276.5,15.02,81.9,-44.75,1.277,25.3,94,0.3323,0,0
NEU-500554,TreatmentB,B01,109.14,-68.37,158.6,6.88,119.5,-44.69,0.812,75.5,77,0.6767,0,0
NEU-500517,TreatmentA,B01,115.73,-59.28,372.0,13.69,71.6,-43.2,1.025,59.7,90,0.4688,0,0
NEU-500920,Control,B03,106.8,-69.27,148.5,12.05,163.9,-41.35,0.846,28.0,89,0.1832,0,0
NEU-500668,Control,B01,95.76,-67.77,262.7,10.71,126.0,-43.78,0.731,37.0,90,0.3002,0,1
NEU-500005,TreatmentB,B01,87.49,-57.11,177.0,12.12,97.9,-33.88,0.65,46.7,85,0.6436,0,0
NEU-500369,TreatmentB,B01,127.52,-69.8,302.0,9.05,106.3,-48.34,0.896,58.2,99,0.3174,0,1
NEU-500373,TreatmentB,B02,85.59,-64.94,116.2,9.4,98.6,-37.23,0.933,67.6,82,0.3116,1,1
NEU-500478,Control,B01,94.64,-62.6,340.7,18.42,74.3,-38.67,0.641,1.6,94,0.2373,0,1
NEU-500626,Control,B03,123.9,-74.95,246.9,16.25,102.9,-46.94,0.833,40.6,89,0.514,0,0
