sample_id,group,batch,measure_1,resolution_ang,r_free,chain_length_aa,molecular_weight_kda,fraction_helix,fraction_sheet,mean_b_factor,radius_gyration_ang,ligand_count,isoelectric_point,target_a,target_b
STR-500041,TreatmentA,B03,94.0,1.02,0.1252,201,79.72,0.4774,0.3652,59.11,24.25,4,7.17,1,1
STR-500997,TreatmentA,B03,102.96,2.82,0.2156,380,60.89,0.3389,0.3872,97.78,21.76,3,7.34,0,1
STR-500726,TreatmentA,B03,97.65,2.16,0.2446,339,39.4,0.3954,0.3617,37.59,31.45,3,7.24,1,1
STR-500607,TreatmentB,B02,104.44,3.64,0.2354,420,30.82,0.5455,0.1644,13.5,23.5,3,6.18,0,0
STR-500257,TreatmentA,B03,116.02,1.82,0.2611,421,11.55,0.4594,0.4681,30.28,23.51,0,4.14,0,0
STR-500957,TreatmentB,B02,85.07,0.75,0.2415,443,77.69,0.5305,0.2491,6.09,32.19,2,8.56,0,0
STR-500222,TreatmentA,B03,86.27,1.98,0.2161,262,89.69,0.6345,0.3062,18.75,16.71,2,7.07,1,1
STR-500945,TreatmentA,B02,120.26,1.66,0.1862,361,40.67,0.362,0.4912,24.65,27.94,3,6.37,1,1
STR-500131,TreatmentB,B01,104.44,1.87,0.2264,506,81.43,0.3921,0.0727,63.79,26.27,3,4.89,0,0
STR-500593,TreatmentA,B02,109.25,1.58,0.2655,128,15.6,0.4255,0.317,29.75,27.82,4,8.96,0,0
STR-500741,Control,B02,104.0,2.37,0.2457,368,56.08,0.5328,0.2911,34.4,25.71,1,6.72,0,1
STR-500821,Control,B01,98.33,1.63,0.2326,938,23.52,0.5166,0.3605,32.99,26.14,3,7.78,1,0
STR-500434,TreatmentB,B03,76.32,2.73,0.3261,303,30.14,0.2582,0.5141,39.14,22.11,1,7.78,0,0
STR-500793,TreatmentA,B02,109.83,2.01,0.2151,346,27.76,0.5715,0.5784,28.81,23.88,3,6.72,1,1
STR-500299,TreatmentA,B02,103.45,1.01,0.2682,403,46.86,0.0624,0.2899,14.68,25.8,2,9.68,0,0
STR-500127,Control,B01,118.14,2.57,0.2573,554,120.89,0.4794,0.2518,72.14,32.99,3,5.63,0,0
STR-500703,Control,B01,90.52,4.04,0.2298,466,30.12,0.5043,0.3229,63.58,25.83,4,6.28,0,1
STR-500050,TreatmentB,B03,90.54,3.02,0.2739,519,18.61,0.4864,0.2408,15.33,16.23,4,7.33,0,1
STR-500302,TreatmentA,B03,117.66,1.45,0.216,279,46.36,0.3427,0.2313,29.22,27.54,7,6.06,1,1
STR-500314,TreatmentA,B02,98.7,0.91,0.2795,288,20.54,0.507,0.3629,24.42,31.3,3,7.39,1,1
STR-500409,Control,B01,74.42,2.18,0.2315,326,31.72,0.3539,0.3002,57.43,17.37,6,7.05,0,1
STR-500419,TreatmentA,B01,78.56,2.63,0.2827,252,58.92,0.5231,0.2368,19.53,21.76,2,8.9,0,0
STR-500482,Control,B02,68.8,1.18,0.3364,243,25.79,0.3697,0.2822,24.59,18.49,4,5.53,1,0
STR-500036,Control,B01,120.71,2.5,0.1531,183,23.18,0.5346,0.3588,52.03,22.47,1,4.34,1,0
STR-500246,TreatmentA,B03,77.34,1.4,0.2236,163,77.24,0.5338,0.1991,22.68,14.24,3,6.11,1,1
STR-500531,TreatmentB,B03,88.47,0.82,0.1345,152,67.94,0.4838,0.4816,22.68,30.15,1,5.44,1,1
STR-500411,Control,B03,76.51,3.08,0.2483,306,48.72,0.4285,0.5296,33.3,29.45,3,7.62,0,1
STR-500782,TreatmentA,B01,106.63,1.7,0.2145,261,18.1,0.2734,0.3207,16.38,20.39,2,8.49,1,0
STR-500352,Control,B01,85.42,2.57,0.2387,167,27.28,0.3261,0.2941,47.67,34.22,2,5.93,0,1
STR-500504,TreatmentB,B01,101.93,1.06,0.2259,315,40.02,0.5169,0.4992,28.18,23.91,0,6.05,0,1
STR-500098,Control,B01,106.24,1.83,0.2562,68,33.08,0.515,0.4291,42.31,23.33,2,7.38,1,1
STR-500259,TreatmentB,B02,130.09,1.27,0.2948,585,68.5,0.3089,0.2997,33.27,20.23,0,6.92,0,1
STR-500175,Control,B02,112.16,2.02,0.25,267,31.83,0.4124,0.0817,54.46,24.46,2,5.77,1,1
STR-500519,TreatmentB,B01,60.95,1.47,0.2872,211,47.23,0.3952,0.3099,8.47,33.45,1,6.08,0,1
STR-500520,TreatmentA,B03,103.63,1.7,0.2599,611,13.97,0.4638,0.4608,31.3,25.31,2,4.66,1,0
STR-500971,TreatmentA,B02,108.19,2.37,0.2039,117,27.47,0.3224,0.5433,17.6,26.74,5,6.69,1,1
STR-500904,TreatmentA,B01,103.57,2.24,0.2275,222,28.54,0.266,0.3058,28.64,28.2,2,6.97,1,1
STR-500146,TreatmentA,B03,83.14,2.84,0.2557,325,21.44,0.3882,0.2081,58.14,23.53,3,8.32,0,1
STR-500602,TreatmentB,B01,108.54,1.99,0.2437,253,19.32,0.5392,0.5297,25.96,38.76,5,7.62,1,1
STR-500276,Control,B01,130.16,2.94,0.2635,310,22.73,0.8355,0.2362,20.73,23.59,2,7.81,1,0
STR-500427,TreatmentB,B03,80.99,1.59,0.1835,547,79.55,0.5387,0.3694,20.06,21.28,3,6.45,1,1
STR-500396,TreatmentA,B01,70.39,0.89,0.2358,720,55.28,0.4877,0.2227,13.61,24.59,2,7.93,1,1
STR-500347,TreatmentB,B01,102.73,2.55,0.3179,302,75.23,0.5349,0.2685,1.06,25.35,2,6.31,0,0
STR-500920,TreatmentA,B01,114.37,1.15,0.2804,302,22.03,0.5059,0.1221,97.83,28.94,2,5.34,0,0
STR-500686,TreatmentA,B01,90.24,1.99,0.2276,169,60.1,0.2296,0.1863,19.19,24.63,2,9.84,1,1
STR-500417,TreatmentB,B03,115.46,1.94,0.296,268,47.71,0.3628,0.3947,5.46,33.2,2,7.5,0,1
STR-500653,TreatmentB,B02,82.81,1.24,0.2128,440,10.74,0.4397,0.2202,17.07,26.78,1,6.19,1,0
STR-500350,TreatmentA,B02,100.04,1.43,0.1548,430,73.33,0.269,0.3929,17.95,13.75,0,5.73,1,0
STR-500765,TreatmentA,B03,75.86,2.54,0.1932,62,17.79,0.2994,0.4501,9.52,29.85,3,6.77,1,0
STR-500814,TreatmentB,B03,97.22,1.48,0.2559,133,24.17,0.4507,0.3175,6.7,26.92,1,8.99,0,0
STR-500215,TreatmentB,B03,94.06,1.92,0.2616,134,7.1,0.2602,0.364,18.18,29.36,0,6.87,0,0
STR-500205,TreatmentB,B02,92.22,0.23,0.1996,304,58.81,0.3223,0.1225,21.24,15.53,2,6.07,1,1
STR-500745,TreatmentA,B02,75.27,3.43,0.2477,512,74.99,0.4469,0.3458,46.92,27.87,0,7.7,0,1
STR-500894,TreatmentA,B01,114.15,1.28,0.1955,320,22.37,0.5609,0.2347,29.25,26.17,1,6.28,1,0
STR-500149,TreatmentB,B03,100.0,0.92,0.2115,500,87.2,0.2092,0.3923,24.18,26.41,1,8.25,1,0
STR-500996,Control,B01,77.34,1.67,0.2195,602,14.84,0.5142,0.4871,35.11,21.41,2,7.19,1,1
STR-500432,Control,B01,91.16,2.01,0.2763,456,30.39,0.3331,0.3182,24.82,15.64,3,6.23,0,1
STR-500769,Control,B03,96.11,2.53,0.2096,262,27.83,0.5428,0.2835,38.17,22.94,1,7.54,1,1
STR-500720,Control,B01,71.69,1.33,0.2661,127,60.06,0.517,0.2588,42.07,27.54,2,5.27,0,0
STR-500946,Control,B02,116.74,2.26,0.2094,374,14.84,0.3574,0.2405,42.57,21.7,2,3.68,0,0
STR-500735,TreatmentA,B01,117.95,1.53,0.2339,186,15.86,0.3452,0.1906,47.69,18.81,6,7.03,0,1
STR-500874,TreatmentA,B03,106.98,3.97,0.3389,789,13.74,0.5946,0.2844,21.88,24.46,3,6.43,0,1
STR-500954,TreatmentA,B02,99.99,1.18,0.2819,105,37.39,0.4686,0.0719,60.11,16.79,5,4.29,1,0
STR-500995,TreatmentB,B01,107.88,1.4,0.228,301,128.33,0.3288,0.0948,12.13,29.98,0,8.89,1,1
STR-500523,TreatmentB,B02,119.84,0.39,0.2329,272,40.87,0.2823,0.3467,33.31,23.54,0,7.63,1,0
STR-500606,TreatmentA,B03,116.71,1.48,0.2123,811,11.32,0.3461,0.1648,39.54,16.87,5,7.9,0,1
STR-500584,TreatmentA,B02,92.42,1.65,0.1899,84,60.27,0.467,0.2888,19.08,17.67,1,8.57,1,1
STR-500026,TreatmentA,B02,91.66,1.75,0.2586,198,39.93,0.1527,0.3131,37.8,19.56,2,7.47,0,1
STR-500024,TreatmentA,B03,76.79,1.91,0.1835,485,24.41,0.4326,0.046,44.01,30.85,2,6.88,1,1
STR-500087,TreatmentB,B02,107.72,1.31,0.2001,294,23.95,0.3967,0.2013,17.43,32.25,1,6.04,1,0
STR-500249,TreatmentA,B02,86.2,2.7,0.1946,198,45.22,0.4578,0.3551,32.45,32.37,1,6.83,0,1
STR-500469,Control,B03,100.96,2.36,0.2704,475,61.33,0.3714,0.2772,27.04,30.67,5,7.36,0,1
STR-500949,TreatmentA,B02,88.1,2.75,0.2056,616,53.02,0.6324,0.3934,24.65,25.95,4,3.83,1,1
STR-500328,TreatmentA,B03,93.11,1.5,0.2684,278,16.52,0.2225,0.4486,31.04,30.24,4,9.63,1,0
STR-500789,Control,B02,103.04,2.2,0.2526,574,39.66,0.3863,0.4585,29.31,31.78,3,5.77,1,0
STR-500300,Control,B01,70.4,3.75,0.279,519,51.97,0.5916,0.1153,81.62,24.72,1,6.6,0,0
STR-500930,Control,B01,99.2,1.3,0.2335,312,21.77,0.4404,0.115,20.97,33.43,3,6.91,0,1
STR-500875,Control,B01,104.57,3.53,0.2161,489,48.01,0.5834,0.2275,23.55,26.37,3,9.15,0,0
STR-500496,Control,B01,130.61,2.72,0.173,337,82.09,0.4411,0.4481,18.8,26.41,5,5.88,0,1
STR-500841,Control,B03,90.87,2.37,0.1961,274,119.5,0.4395,0.5462,29.33,19.46,3,5.31,1,1
STR-500908,TreatmentA,B03,104.65,1.47,0.2422,462,51.73,0.3703,0.1748,15.95,19.6,6,6.5,1,1
STR-500101,TreatmentA,B02,116.13,3.05,0.1974,341,44.72,0.3522,0.3269,22.52,19.04,4,4.03,0,0
STR-500911,TreatmentB,B01,89.81,1.65,0.2741,150,100.65,0.1615,0.5922,40.38,28.62,4,6.04,1,0
STR-500601,Control,B03,95.16,2.54,0.252,599,46.48,0.3074,0.4477,42.41,4.92,4,10.45,0,0
STR-500847,TreatmentB,B02,88.73,0.99,0.2359,571,22.49,0.3226,0.225,1.92,24.42,1,8.99,1,0
STR-500575,TreatmentB,B03,114.31,1.13,0.2516,522,39.38,0.5354,0.1957,28.82,22.68,2,8.75,1,0
STR-500331,Control,B03,102.96,2.84,0.2357,286,16.73,0.5364,0.2854,47.6,24.09,3,5.65,1,0
STR-500556,TreatmentB,B03,118.82,1.25,0.2633,191,31.77,0.2642,0.1696,3.06,15.98,3,6.96,1,1
STR-500628,TreatmentA,B03,73.06,1.89,0.2345,189,83.03,0.5167,0.2222,27.2,28.5,1,6.53,0,0
STR-500595,Control,B01,112.3,2.48,0.1847,190,50.27,0.4243,0.4944,36.44,24.7,0,6.28,1,1
STR-500704,Control,B03,109.67,4.53,0.2076,283,26.61,0.4316,0.2064,41.46,27.7,1,6.25,0,1
STR-500927,Control,B03,109.5,1.61,0.2535,458,26.8,0.4668,0.2462,55.01,32.36,3,5.56,0,0
STR-500429,TreatmentB,B02,121.42,1.33,0.2115,319,35.98,0.4618,0.2481,38.67,24.79,2,5.27,1,0
STR-500043,TreatmentA,B02,88.59,2.19,0.194,169,31.94,0.4045,0.3128,81.5,34.06,4,7.49,0,1
STR-500183,Control,B02,101.3,1.68,0.2614,433,21.91,0.2887,0.2106,26.74,28.25,4,6.21,0,1
STR-500883,TreatmentB,B03,108.1,1.28,0.1988,110,29.37,0.2634,0.4581,18.52,20.91,3,9.79,1,0
STR-500964,TreatmentA,B01,100.41,1.73,0.2418,238,40.13,0.4844,0.3006,23.01,33.55,4,9.37,1,0
STR-500670,TreatmentB,B02,87.38,1.2,0.2197,143,94.58,0.3419,0.3265,35.93,29.47,0,6.55,1,1
STR-500509,TreatmentB,B02,94.18,0.89,0.1852,211,61.16,0.4465,0.092,28.52,17.76,3,6.51,1,1
STR-500011,Control,B01,87.4,2.66,0.2426,266,29.24,0.6446,0.3041,50.94,22.21,3,5.02,0,1
STR-500114,TreatmentB,B02,100.12,1.67,0.2509,365,86.21,0.4014,0.2705,7.37,24.26,3,7.71,0,0
STR-500820,TreatmentB,B02,91.17,1.52,0.2299,250,25.72,0.3707,0.1816,2.68,15.54,1,5.45,1,0
STR-500699,TreatmentA,B03,95.09,2.49,0.2906,159,62.58,0.4049,0.371,30.93,19.31,3,7.22,0,1
STR-500201,TreatmentB,B02,92.83,1.52,0.2362,302,12.67,0.4905,0.4015,15.09,17.19,3,8.07,0,1
STR-500982,Control,B03,87.07,1.47,0.2215,137,114.06,0.4608,0.5413,45.01,13.18,2,6.1,0,1
STR-500715,TreatmentB,B01,96.52,2.18,0.3052,271,61.52,0.4624,0.3458,19.31,23.4,2,5.58,0,1
STR-500199,Control,B03,112.84,2.82,0.2709,525,14.19,0.327,0.38,18.91,17.1,2,7.1,1,0
STR-500952,TreatmentB,B02,111.87,1.22,0.264,322,27.53,0.2016,0.1798,33.36,23.15,1,6.39,0,1
STR-500633,Control,B02,89.76,2.54,0.2756,292,33.98,0.6181,0.3134,26.3,28.51,3,6.69,0,1
STR-500794,TreatmentA,B02,101.03,2.46,0.2385,190,13.4,0.3228,0.2525,33.01,31.18,2,5.18,0,1
STR-500117,Control,B01,87.08,2.05,0.2489,586,54.66,0.5474,0.3701,58.77,20.02,2,6.88,0,1
STR-500600,Control,B01,94.61,2.19,0.2764,427,30.06,0.5687,0.1031,42.13,16.16,1,7.44,0,0
STR-500646,TreatmentA,B03,105.23,0.86,0.2346,298,139.67,0.3424,0.5026,23.69,26.2,1,8.59,1,0
STR-500542,TreatmentB,B01,120.31,1.58,0.2676,111,41.4,0.3541,0.1916,7.74,27.34,4,6.45,1,0
STR-500832,TreatmentB,B02,117.89,1.01,0.2587,247,44.7,0.2881,0.404,30.74,35.4,2,7.59,1,0
STR-500316,TreatmentB,B03,73.39,2.22,0.2365,108,50.86,0.4686,0.4327,109.53,20.89,1,7.34,0,1
STR-500303,TreatmentA,B03,103.0,1.78,0.2528,197,35.85,0.6705,0.2257,24.61,20.42,1,7.7,1,0
STR-500442,TreatmentB,B03,115.03,1.24,0.2025,221,26.36,0.6504,0.327,47.49,22.68,2,7.36,0,0
STR-500871,Control,B01,94.32,3.28,0.2062,198,7.53,0.5726,0.3302,24.64,25.17,1,9.89,0,0
STR-500488,TreatmentA,B01,113.93,1.87,0.1718,129,21.18,0.6454,0.5005,29.19,41.43,1,7.66,1,1
STR-500780,TreatmentA,B01,81.04,1.27,0.2606,240,23.27,0.3145,0.3072,23.28,24.23,1,4.91,1,0
STR-500399,TreatmentB,B01,98.18,2.31,0.2276,204,35.83,0.3316,0.2062,42.51,23.5,3,5.28,0,1
STR-500850,TreatmentB,B03,72.2,1.2,0.2579,179,23.06,0.2798,0.1797,51.74,23.94,4,7.65,0,1
STR-500657,Control,B02,107.09,1.92,0.2239,439,21.78,0.2023,0.4646,46.96,18.09,2,8.89,1,0
STR-500099,TreatmentA,B01,101.37,1.79,0.2261,332,53.97,0.2467,0.2238,27.47,25.2,1,4.77,1,1
STR-500547,TreatmentB,B03,94.37,0.53,0.2144,284,46.66,0.3378,0.2348,7.45,16.7,4,7.2,1,1
STR-500959,TreatmentB,B02,95.39,1.0,0.2366,197,32.38,0.488,0.2113,25.76,35.07,1,7.2,1,0
STR-500341,Control,B03,68.6,1.58,0.1878,193,36.87,0.3791,0.3514,27.03,26.74,3,8.68,1,0
STR-500728,TreatmentB,B01,117.56,1.43,0.2263,332,25.57,0.4835,0.2985,11.0,26.46,0,6.56,1,1
STR-500732,Control,B03,119.0,2.49,0.2051,78,47.82,0.4948,0.2361,50.78,28.59,3,3.45,0,0
STR-500884,TreatmentB,B03,121.5,0.65,0.2801,115,23.89,0.5735,0.1759,19.59,17.69,4,6.7,1,0
STR-500989,Control,B01,109.77,2.48,0.279,418,49.59,0.3647,0.2451,23.92,25.98,5,8.4,0,1
STR-500251,TreatmentB,B02,87.51,1.07,0.1778,188,74.68,0.5241,0.2952,23.06,17.93,2,5.3,1,1
STR-500926,Control,B03,81.85,2.01,0.2307,200,14.86,0.5011,0.3194,17.64,25.06,1,7.55,0,1
STR-500867,TreatmentB,B03,123.71,1.81,0.2497,143,20.76,0.2693,0.2366,34.3,27.61,1,6.76,1,1
STR-500212,TreatmentA,B01,116.21,1.27,0.262,432,45.45,0.4478,0.6362,31.1,32.65,3,5.91,0,1
STR-500517,Control,B02,96.44,1.48,0.2516,324,59.26,0.5867,0.4718,50.23,23.52,6,4.52,0,0
STR-500613,TreatmentB,B01,89.17,1.23,0.2062,196,54.01,0.5333,0.4331,15.75,29.73,3,5.06,1,1
STR-500171,TreatmentB,B02,101.73,3.14,0.2527,491,41.02,0.4683,0.3348,30.21,32.22,2,7.24,0,1
STR-500273,Control,B01,80.0,1.72,0.1923,261,45.22,0.2689,0.2086,24.75,29.87,6,6.41,1,1
STR-500046,TreatmentA,B01,132.4,1.11,0.1996,413,44.49,0.4943,0.258,28.74,14.17,2,6.47,0,1
STR-500103,Control,B02,104.71,1.77,0.2474,128,47.46,0.4228,0.2922,57.1,22.21,0,6.54,0,1
STR-500285,Control,B03,84.74,2.81,0.2691,246,45.59,0.3629,0.2163,50.72,15.53,6,5.39,0,0
STR-500683,TreatmentA,B02,119.61,2.35,0.2246,309,45.4,0.4417,0.1527,70.11,22.74,3,10.45,0,0
STR-500872,TreatmentB,B02,113.59,0.89,0.2502,390,47.21,0.4672,0.4215,35.62,21.01,1,7.5,1,1
STR-500073,TreatmentA,B03,70.46,1.55,0.1906,339,33.13,0.4003,0.4522,39.19,25.65,2,6.35,1,1
STR-500635,TreatmentA,B03,94.72,1.45,0.2972,346,22.47,0.4355,0.3776,32.49,25.65,2,7.96,0,0
STR-500734,TreatmentB,B03,119.65,1.31,0.2218,162,104.83,0.4854,0.2469,3.43,30.08,1,7.28,0,0
STR-500145,Control,B03,104.63,1.4,0.1843,184,27.27,0.3611,0.2048,38.68,28.96,1,7.12,1,1
STR-500578,TreatmentA,B03,89.16,2.09,0.2106,523,8.07,0.5741,0.361,29.33,19.03,1,7.01,1,1
STR-500027,Control,B03,117.71,2.83,0.2505,196,42.65,0.2861,0.2155,64.23,25.0,1,6.04,0,1
STR-500155,TreatmentA,B02,94.21,1.93,0.2161,389,19.01,0.5815,0.4537,39.28,32.74,5,7.48,1,1
STR-500522,TreatmentA,B02,100.83,2.93,0.2325,144,29.9,0.403,0.2957,74.4,19.11,1,6.1,0,1
STR-500463,Control,B02,98.33,2.86,0.1977,759,19.17,0.3357,0.3263,49.99,26.27,0,6.63,0,1
STR-500999,TreatmentB,B03,145.04,1.42,0.2597,389,56.84,0.3991,0.3335,36.88,31.38,5,6.94,1,1
STR-500343,Control,B01,89.44,1.71,0.2853,162,10.83,0.2216,0.1791,40.37,17.37,1,6.49,0,1
STR-500541,TreatmentB,B01,95.2,2.06,0.2199,85,30.98,0.4015,0.2286,30.62,25.05,5,6.18,0,1
STR-500284,TreatmentB,B01,117.36,1.24,0.2297,1099,33.34,0.486,0.2913,15.51,34.07,3,4.9,1,0
STR-500310,Control,B01,73.54,2.51,0.1978,225,25.52,0.6111,0.1953,29.67,28.3,2,6.45,1,0
STR-500710,Control,B02,131.63,1.34,0.1907,164,51.1,0.5032,0.0591,25.13,30.31,3,6.18,1,0
STR-500705,TreatmentB,B02,72.08,0.71,0.2663,217,17.42,0.2334,0.5176,34.49,9.8,1,7.37,0,0
STR-500305,Control,B03,89.97,0.94,0.1791,205,31.76,0.3081,0.4859,46.91,22.94,4,7.96,1,0
STR-500887,Control,B03,101.83,1.41,0.2551,462,15.25,0.4381,0.4821,56.05,22.93,1,7.49,0,0
STR-500495,TreatmentA,B02,84.06,1.1,0.2012,967,13.1,0.5132,0.2851,15.96,26.11,2,6.36,1,1
STR-500003,TreatmentB,B03,78.39,2.56,0.1991,304,18.79,0.5935,0.4306,5.88,25.93,0,6.96,1,1
STR-500242,TreatmentB,B03,103.76,0.63,0.2408,438,11.87,0.5429,0.3135,21.26,19.76,1,4.81,0,0
STR-500651,Control,B02,125.52,2.49,0.2003,412,35.47,0.1527,0.5349,36.52,19.37,3,8.59,1,0
STR-500915,Control,B02,74.36,2.01,0.2156,327,52.01,0.2973,0.2626,37.43,27.94,2,4.62,0,0
STR-500797,TreatmentA,B03,102.99,1.63,0.2751,416,40.62,0.2645,0.3634,56.13,15.31,4,6.2,0,0
STR-500090,Control,B03,104.02,2.01,0.2497,645,44.46,0.4467,0.3508,52.17,23.21,3,6.69,1,1
STR-500754,TreatmentB,B01,106.2,0.94,0.2777,758,80.25,0.4894,0.4036,16.81,30.73,1,4.87,0,1
STR-500658,Control,B02,125.16,2.23,0.2897,272,149.16,0.4589,0.2881,30.99,21.31,3,7.14,0,1
STR-500229,Control,B01,101.59,1.57,0.2244,171,65.4,0.3797,0.2484,36.93,12.49,4,7.76,0,1
STR-500493,Control,B03,94.52,1.75,0.2887,417,45.84,0.2481,0.321,50.78,22.67,2,5.05,1,0
STR-500510,TreatmentA,B02,93.17,2.15,0.2047,226,51.23,0.2931,0.4484,25.55,26.56,2,6.38,1,0
STR-500896,Control,B02,94.91,1.61,0.2749,180,12.08,0.3068,0.3863,98.66,27.16,3,9.04,0,0
STR-500918,TreatmentB,B02,105.67,1.99,0.2517,403,109.39,0.488,0.2352,41.46,24.51,0,8.76,0,0
STR-500077,TreatmentA,B03,104.09,2.26,0.2803,697,11.2,0.5338,0.2339,19.84,20.53,2,7.47,0,0
STR-500960,TreatmentB,B03,96.3,1.16,0.2506,128,41.06,0.2634,0.2846,16.67,24.82,1,8.3,1,0
STR-500265,Control,B02,93.78,2.21,0.2314,152,15.69,0.3891,0.3897,18.36,15.68,2,7.53,1,1
STR-500560,TreatmentB,B02,95.36,1.32,0.2296,253,25.71,0.4161,0.1485,42.66,26.78,0,6.01,0,1
STR-500527,TreatmentA,B03,97.4,1.7,0.1538,227,46.43,0.6239,0.4528,29.97,21.08,2,5.25,1,1
STR-500545,TreatmentB,B01,113.45,1.21,0.1525,147,81.22,0.3852,0.4541,32.07,39.11,3,7.77,1,0
STR-500342,Control,B01,121.4,2.23,0.2194,83,35.47,0.327,0.616,24.95,29.36,2,8.03,1,0
STR-500345,Control,B01,92.93,2.59,0.2583,230,23.68,0.4406,0.2711,38.46,26.4,3,8.51,0,0
STR-500187,Control,B02,82.45,1.72,0.2187,223,29.92,0.4689,0.3556,14.85,18.09,3,7.72,1,1
STR-500798,TreatmentB,B02,64.69,1.33,0.234,459,19.61,0.3582,0.3147,-1.43,18.86,2,6.75,1,1
STR-500619,TreatmentA,B02,83.69,1.26,0.2109,104,42.54,0.4585,0.1934,41.03,27.09,4,7.3,1,0
STR-500070,TreatmentB,B01,98.29,1.52,0.2033,176,72.81,0.228,0.4684,20.64,17.81,0,7.26,1,0
STR-500665,Control,B03,109.5,2.49,0.1838,142,37.46,0.3535,0.2854,26.63,25.65,1,6.5,1,1
STR-500528,Control,B01,118.29,3.0,0.2733,137,37.56,0.6861,0.1728,24.84,15.26,1,6.37,0,0
STR-500770,TreatmentA,B01,81.76,1.8,0.2011,508,72.49,0.2452,0.1809,13.15,23.4,2,8.22,1,0
STR-500080,Control,B03,107.69,1.57,0.2565,274,23.42,0.5455,0.1589,27.28,23.03,1,5.22,1,0
STR-500096,TreatmentA,B02,90.01,3.16,0.2062,251,46.58,0.5261,0.287,33.01,15.89,3,7.41,0,0
STR-500976,TreatmentB,B01,127.56,2.81,0.1997,371,25.44,0.4929,0.4833,17.02,29.27,4,6.04,1,1
STR-500369,Control,B03,95.46,3.03,0.2236,415,43.55,0.6118,0.2008,42.02,21.03,4,8.2,0,1
STR-500775,TreatmentB,B01,89.57,0.88,0.2348,624,68.51,0.2102,0.1083,11.3,13.21,3,5.36,1,1
STR-500202,Control,B02,81.02,2.06,0.2448,166,10.69,0.276,0.4581,52.29,29.49,5,5.21,0,0
STR-500294,TreatmentA,B01,109.55,3.63,0.2586,267,23.02,0.6201,0.4356,38.13,29.91,1,6.0,0,1
STR-500446,TreatmentB,B02,115.28,1.06,0.2619,601,19.04,0.5191,0.2116,25.3,21.64,4,5.01,0,0
STR-500424,TreatmentA,B02,110.33,1.46,0.2469,369,71.19,0.4771,0.3923,10.06,19.31,2,5.54,1,1
STR-500865,TreatmentA,B01,96.56,1.7,0.2482,559,53.76,0.5328,0.2245,37.32,29.7,2,6.38,1,1
STR-500546,TreatmentB,B01,105.37,1.4,0.193,628,113.7,0.6648,0.3051,80.23,28.8,1,9.05,0,0
STR-500878,Control,B02,108.08,2.03,0.2385,168,42.65,0.084,0.4757,32.47,17.92,1,6.73,0,0
STR-500819,TreatmentA,B02,100.51,0.79,0.2104,126,23.52,0.4612,0.2316,26.64,27.94,2,5.81,1,0
STR-500082,Control,B01,98.24,3.21,0.1941,207,18.03,0.3878,0.3939,44.67,9.44,4,8.0,0,0
STR-500203,TreatmentB,B01,64.38,1.22,0.2083,607,9.44,0.191,0.234,33.17,28.81,3,6.41,1,1
STR-500693,TreatmentA,B01,97.11,3.54,0.221,2672,59.03,0.5379,0.1627,75.49,26.92,3,6.23,0,0
STR-500649,TreatmentB,B03,103.43,0.9,0.2474,270,170.38,0.4338,0.4854,1.51,25.13,4,9.14,1,0
STR-500262,TreatmentA,B03,87.86,3.11,0.2702,171,31.93,0.4532,0.258,19.21,28.0,0,6.58,0,1
STR-500178,TreatmentA,B03,107.31,1.92,0.2584,310,20.26,0.4446,0.3915,57.26,18.52,3,6.38,0,0
STR-500334,Control,B03,97.64,2.15,0.2399,680,20.9,0.6503,0.278,38.0,32.6,4,7.41,1,1
STR-500298,TreatmentA,B01,104.42,1.07,0.1745,278,15.28,0.6432,0.4486,13.35,26.25,3,7.64,1,1
STR-500977,TreatmentA,B03,111.64,1.45,0.2861,252,29.53,0.2735,0.2145,34.07,26.81,2,7.02,0,1
STR-500481,Control,B01,85.33,1.48,0.2566,599,12.96,0.3093,0.2309,39.68,20.35,4,8.25,0,1
STR-500060,TreatmentA,B02,96.2,2.23,0.2101,408,27.48,0.4113,0.1062,36.03,30.31,2,7.26,0,1
STR-500021,TreatmentA,B01,98.35,2.3,0.3004,144,35.59,0.2134,0.2348,63.75,26.23,1,6.04,0,0
STR-500955,TreatmentA,B02,111.97,1.66,0.2663,160,27.8,0.6787,0.3306,20.01,19.0,3,6.62,1,1
STR-500862,Control,B03,97.83,1.9,0.2416,399,37.23,0.5074,0.2372,54.47,24.07,2,3.99,0,0
STR-500570,Control,B03,124.9,1.68,0.228,212,36.79,0.3872,0.4888,52.5,19.42,0,5.01,0,0
STR-500190,TreatmentA,B03,79.12,1.32,0.245,176,26.23,0.6017,0.3804,34.83,15.29,2,7.25,1,1
STR-500015,TreatmentA,B01,79.56,1.28,0.2153,86,26.1,0.385,0.5778,53.52,16.11,3,6.94,0,1
STR-500877,Control,B01,106.79,1.99,0.2001,158,32.2,0.4681,0.3535,44.59,28.77,0,6.21,0,0
STR-500805,TreatmentB,B03,85.81,1.12,0.2742,211,79.49,0.4502,0.1855,22.86,19.46,3,9.05,1,0
STR-500576,Control,B01,73.35,1.65,0.1909,203,18.44,0.3509,0.3453,47.78,33.01,6,5.42,1,0
STR-500550,Control,B02,96.29,2.24,0.2584,394,73.79,0.7198,0.2059,30.36,24.6,4,8.76,1,0
STR-500286,Control,B02,102.3,3.36,0.2244,564,52.25,0.3053,0.5301,63.16,21.64,0,6.05,0,0
STR-500924,TreatmentB,B01,114.03,0.42,0.2225,334,23.25,0.3014,0.2815,23.43,27.9,2,6.99,1,1
STR-500762,Control,B03,86.25,2.32,0.2135,120,13.35,0.5345,0.2095,50.53,26.1,2,8.0,0,0
STR-500197,Control,B01,101.69,1.31,0.2614,402,49.7,0.2986,0.4599,23.94,18.96,4,5.9,1,0
STR-500492,TreatmentB,B01,96.98,1.75,0.2866,147,18.8,0.442,0.2856,66.05,16.3,0,5.99,0,0
STR-500301,TreatmentB,B03,98.82,0.56,0.1827,363,37.65,0.2623,0.2716,11.5,20.81,4,5.08,1,0
STR-500004,Control,B03,107.68,1.32,0.3075,240,16.64,0.416,0.3405,45.41,17.34,5,5.47,1,0
STR-500709,TreatmentA,B01,85.96,1.9,0.2682,136,19.06,0.2817,0.0788,28.16,19.76,1,7.97,0,1
STR-500055,TreatmentA,B01,103.58,3.05,0.2317,293,91.52,0.2587,0.2033,45.04,22.32,1,6.19,0,1
STR-500962,Control,B01,103.26,2.42,0.2343,281,68.58,0.305,0.3725,35.12,23.87,2,5.66,0,1
STR-500031,TreatmentB,B03,102.27,0.54,0.245,188,15.39,0.5847,0.4395,21.98,21.35,2,7.76,1,1
STR-500624,TreatmentB,B01,109.33,1.42,0.2617,508,21.02,0.4161,0.299,26.11,19.26,3,5.5,0,0
STR-500248,Control,B01,105.01,1.69,0.2186,137,4.67,0.3667,0.4067,24.19,24.3,1,7.55,1,1
STR-500461,TreatmentA,B02,107.57,1.89,0.242,668,39.03,0.4994,0.2974,40.63,34.25,4,5.8,0,0
STR-500899,TreatmentB,B02,119.38,0.78,0.28,87,19.06,0.4565,0.4742,11.71,28.5,2,5.82,1,1
STR-500533,Control,B02,81.53,1.9,0.1787,318,13.32,0.5314,0.3296,22.99,34.26,1,6.67,1,1
STR-500386,TreatmentB,B03,93.96,1.12,0.2012,293,27.21,0.6578,0.4121,22.33,30.71,4,7.15,1,1
STR-500963,Control,B03,90.48,2.77,0.2359,335,17.06,0.3478,0.2454,18.8,20.02,4,5.26,0,0
STR-500494,TreatmentB,B02,94.13,1.33,0.2405,588,20.54,0.4291,0.1809,16.83,36.96,1,7.96,1,1
STR-500873,Control,B03,114.69,2.59,0.2511,202,21.41,0.2554,0.0895,53.14,39.33,2,3.3,0,0
STR-500632,Control,B01,87.22,2.66,0.279,247,38.15,0.4794,0.3025,53.07,23.49,4,7.81,0,0
STR-500440,TreatmentA,B02,106.03,1.54,0.2181,391,89.58,0.4758,0.3646,44.72,35.44,6,4.77,1,1
STR-500682,TreatmentB,B03,84.94,0.61,0.2384,250,40.54,0.4766,0.3499,20.73,24.55,4,7.86,1,0
STR-500256,TreatmentA,B01,101.75,2.34,0.2748,312,83.38,0.4711,0.1946,50.47,29.84,1,6.6,0,1
STR-500091,TreatmentB,B03,100.75,1.36,0.2276,268,27.46,0.5584,0.5662,28.95,31.99,1,6.2,1,1
STR-500447,TreatmentA,B01,132.04,2.07,0.2243,343,65.72,0.2668,0.397,39.59,18.78,2,5.69,0,0
STR-500460,TreatmentA,B02,96.23,1.54,0.2516,175,17.53,0.1611,0.1364,18.33,25.46,2,7.11,1,1
STR-500416,TreatmentA,B03,79.93,1.53,0.2461,345,65.68,0.3596,0.2706,27.77,26.19,2,7.83,1,0
STR-500228,TreatmentB,B01,93.33,3.72,0.2494,576,70.1,0.3539,0.2866,42.59,16.91,2,7.68,0,1
STR-500678,Control,B03,100.03,2.28,0.2154,91,80.56,0.3436,0.2857,32.74,19.38,3,6.93,1,0
STR-500910,Control,B02,122.39,1.79,0.2968,200,64.53,0.2238,0.1394,55.15,13.42,1,6.67,0,1
STR-500200,TreatmentB,B03,114.88,1.22,0.2204,579,121.36,0.4756,0.2588,9.2,23.58,3,7.68,1,0
STR-500048,TreatmentA,B01,99.64,1.67,0.2818,384,90.36,0.4826,0.3487,36.32,25.35,0,8.93,0,0
STR-500749,TreatmentA,B01,86.31,1.37,0.1658,398,31.44,0.3407,0.1764,19.67,14.92,2,6.76,1,1
STR-500185,TreatmentA,B02,115.87,3.43,0.271,291,18.33,0.2946,0.2068,66.99,29.82,3,7.22,0,1
STR-500453,Control,B01,125.26,2.25,0.2623,175,23.04,0.3959,0.3174,38.79,25.62,2,7.06,0,1
STR-500513,Control,B01,119.93,2.34,0.2347,545,21.04,0.5893,0.2913,82.08,24.21,1,5.86,0,1
STR-500813,Control,B02,103.01,2.48,0.2421,614,14.37,0.4962,0.2825,43.13,21.11,6,6.97,0,0
STR-500164,Control,B02,103.65,1.86,0.2646,178,26.11,0.2203,0.1757,30.0,23.82,1,6.84,0,1
STR-500283,TreatmentA,B03,128.53,2.91,0.1843,179,27.52,0.3857,0.5823,23.57,28.99,4,7.79,0,0
STR-500811,TreatmentB,B01,86.83,1.05,0.2524,223,50.6,0.2245,0.1811,26.85,15.24,1,6.17,0,1
STR-500951,TreatmentA,B03,109.51,1.38,0.1834,277,32.18,0.5237,0.0782,45.59,12.4,3,6.72,1,0
STR-500418,Control,B03,99.58,1.67,0.1945,130,122.19,0.2406,0.2728,51.76,21.35,2,5.86,0,1
STR-500344,TreatmentB,B02,95.41,1.99,0.235,360,36.2,0.4045,0.22,13.16,21.42,7,7.87,1,1
STR-500278,TreatmentA,B03,97.36,1.69,0.2358,198,42.98,0.3219,0.3582,21.24,27.37,4,7.43,1,1
STR-500168,TreatmentB,B01,78.39,1.26,0.2063,721,44.18,0.3211,0.1406,32.12,25.17,3,5.71,1,0
STR-500837,TreatmentB,B01,113.66,2.83,0.2602,246,16.53,0.2809,0.4709,33.49,22.97,1,7.29,0,0
STR-500907,Control,B03,92.84,2.87,0.1966,143,134.48,0.3121,0.4981,32.61,27.39,1,6.07,0,0
STR-500008,Control,B02,131.35,2.95,0.2211,640,34.62,0.7069,0.3775,30.62,17.82,4,6.96,0,1
STR-500803,TreatmentB,B02,118.48,0.78,0.2037,224,31.27,0.4768,0.3715,26.4,24.08,3,6.08,1,1
STR-500062,TreatmentB,B03,125.01,1.95,0.2027,178,26.16,0.4481,0.3069,30.0,35.77,5,7.78,0,1
STR-500321,TreatmentA,B01,56.47,2.31,0.2132,421,38.49,0.4745,0.5427,37.18,20.83,4,8.13,1,1
STR-500489,Control,B01,105.04,2.3,0.2878,619,28.16,0.428,0.3131,26.6,23.3,1,8.36,0,0
STR-500455,Control,B02,91.01,3.43,0.1714,87,40.23,0.4382,0.5033,27.42,25.1,5,6.0,0,0
STR-500067,Control,B02,113.62,2.04,0.2769,219,41.81,0.1688,0.5588,30.61,34.09,2,4.04,0,0
STR-500565,Control,B03,118.67,3.52,0.1916,128,27.96,0.4396,0.2644,55.49,26.71,6,5.46,0,1
STR-500414,TreatmentA,B02,81.56,1.21,0.2679,228,28.75,0.4955,0.2528,27.49,14.1,3,4.6,0,0
STR-500337,TreatmentB,B03,86.89,1.94,0.2363,929,24.83,0.4979,0.3876,33.45,22.47,3,6.25,1,1
STR-500614,TreatmentB,B01,111.03,1.61,0.2354,193,47.32,0.6607,0.4667,7.98,15.33,3,9.66,1,1
STR-500071,TreatmentA,B03,122.72,2.77,0.2552,283,77.9,0.4831,0.3745,35.95,24.62,2,10.31,0,0
STR-500216,Control,B01,108.91,2.83,0.2955,590,22.74,0.1582,0.2271,31.91,21.85,2,9.25,0,1
STR-500389,Control,B02,85.96,2.98,0.2514,459,48.82,0.2923,0.2957,20.29,26.29,2,8.09,0,0
STR-500856,Control,B02,104.81,2.46,0.284,142,29.99,0.4223,0.2579,36.59,29.83,2,6.12,0,0
STR-500065,Control,B01,84.02,2.03,0.24,481,31.13,0.382,0.2705,32.33,27.81,2,6.23,1,1
STR-500330,TreatmentA,B01,92.79,1.67,0.3025,298,10.1,0.2988,0.5788,38.55,28.94,3,7.54,0,0
STR-500128,TreatmentB,B01,108.11,1.67,0.3198,298,90.54,0.2553,0.3132,29.48,27.81,2,8.4,0,1
STR-500663,Control,B03,90.02,2.47,0.229,97,28.27,0.3008,0.4103,49.78,18.8,2,4.76,0,0
STR-500044,TreatmentA,B02,116.97,2.48,0.2251,208,231.68,0.3049,0.3299,11.58,24.04,1,5.78,0,1
STR-500895,TreatmentA,B03,117.64,2.78,0.283,195,27.66,0.2983,0.1389,20.91,28.71,0,7.79,0,1
STR-500724,Control,B03,117.62,1.06,0.2447,227,61.02,0.2843,0.1917,32.72,17.2,4,7.15,1,1
STR-500306,TreatmentA,B02,88.73,2.0,0.2336,314,27.79,0.2782,0.1882,20.76,28.44,4,9.22,0,0
STR-500136,TreatmentA,B02,102.67,1.06,0.1631,304,12.9,0.3588,0.1219,88.74,26.18,2,5.6,0,1
STR-500599,TreatmentA,B03,99.83,1.58,0.2539,120,21.52,0.5018,0.3966,23.18,19.09,5,6.59,1,1
STR-500363,TreatmentA,B03,93.67,1.35,0.2527,254,37.26,0.421,0.435,32.28,25.17,3,9.87,1,0
STR-500072,TreatmentB,B03,74.29,0.89,0.2329,335,113.09,0.3043,0.2509,13.32,21.66,0,8.51,1,0
STR-500061,TreatmentA,B02,85.38,1.52,0.276,219,13.03,0.2749,0.3486,29.72,10.81,1,7.72,1,1
STR-500721,TreatmentA,B03,111.88,3.28,0.2097,96,47.54,0.3659,0.2774,23.44,27.9,2,6.18,1,1
STR-500700,TreatmentB,B01,104.84,2.29,0.2467,251,19.92,0.2798,0.329,4.5,41.47,2,6.74,1,1
STR-500534,TreatmentA,B02,112.26,2.74,0.2148,852,21.74,0.2568,0.3607,36.33,27.87,3,7.16,0,0
STR-500680,TreatmentB,B03,133.98,0.94,0.2676,1086,40.67,0.3599,0.1852,18.13,23.18,1,8.05,1,1
STR-500124,TreatmentA,B02,112.12,1.69,0.2152,120,52.26,0.5209,0.1858,38.04,17.86,3,6.74,1,0
STR-500410,Control,B02,106.32,1.93,0.2641,292,68.79,0.3021,0.3148,26.27,23.84,3,8.07,0,1
STR-500902,Control,B02,143.78,1.7,0.2857,301,24.25,0.3348,0.3574,27.03,26.33,4,4.78,0,0
STR-500263,TreatmentA,B02,103.03,1.5,0.2353,136,43.52,0.086,0.3779,71.84,29.56,1,9.74,0,0
STR-500167,TreatmentB,B03,109.44,2.06,0.2034,146,28.59,0.4128,0.2889,22.66,28.29,3,5.24,1,1
STR-500255,Control,B03,75.65,3.9,0.2661,243,18.42,0.4409,0.28,36.95,36.5,2,7.34,0,1
STR-500792,Control,B03,101.9,1.41,0.2411,97,24.56,0.2109,0.1767,68.92,24.52,0,5.71,0,1
STR-500559,TreatmentB,B02,108.42,0.9,0.1887,127,14.92,0.4949,0.4523,25.29,16.93,2,8.87,1,0
STR-500126,TreatmentB,B01,77.31,1.81,0.235,280,30.84,0.4425,0.126,40.3,22.4,6,6.84,0,1
STR-500986,Control,B03,109.02,2.47,0.2516,1290,10.78,0.374,0.2772,32.75,26.97,2,7.49,0,1
STR-500483,Control,B03,104.92,1.97,0.2109,289,69.09,0.593,0.4554,66.63,29.24,2,7.93,0,1
STR-500589,TreatmentA,B03,102.96,1.08,0.2251,120,26.74,0.4095,0.3227,47.84,26.96,2,5.44,0,0
STR-500594,TreatmentA,B03,93.08,2.34,0.2091,243,32.09,0.3098,0.3497,15.17,24.71,1,5.22,0,0
STR-500830,TreatmentB,B02,111.52,1.44,0.2977,2276,16.16,0.4669,0.1519,14.77,18.9,0,5.56,0,0
STR-500423,TreatmentA,B03,101.04,2.83,0.2291,105,25.09,0.3914,0.447,21.13,30.08,2,8.03,0,1
STR-500348,Control,B03,111.72,2.34,0.1861,175,17.03,0.3507,0.4278,38.2,21.93,3,6.99,0,1
STR-500253,TreatmentA,B03,90.5,1.24,0.2877,290,80.01,0.4819,0.1548,31.88,25.33,2,8.4,0,0
STR-500182,Control,B01,90.57,2.0,0.2357,155,39.05,0.4072,0.3169,42.58,20.22,1,10.68,0,0
STR-500444,TreatmentA,B02,128.48,0.95,0.2099,297,19.53,0.5401,0.5854,37.11,34.69,4,8.12,1,1
STR-500714,TreatmentA,B01,105.96,1.33,0.2262,324,59.48,0.7759,0.1905,40.26,23.44,5,6.02,0,0
STR-500224,TreatmentB,B02,108.19,0.65,0.2463,383,55.7,0.3723,0.353,16.31,16.65,3,5.29,1,0
STR-500218,TreatmentB,B03,88.81,1.12,0.2425,277,10.61,0.4876,0.3162,12.35,18.28,1,6.47,1,1
STR-500001,Control,B01,97.78,2.74,0.2286,242,34.06,0.5159,0.1448,33.97,26.55,0,8.67,1,0
STR-500983,TreatmentB,B03,115.88,0.77,0.236,303,27.94,0.5445,0.2119,18.94,19.94,4,5.76,1,0
STR-500864,TreatmentA,B03,141.74,1.82,0.2111,219,90.02,0.3844,0.3726,28.0,11.81,2,4.77,1,0
STR-500056,TreatmentA,B03,95.72,1.9,0.1827,175,16.89,0.2205,0.2464,58.7,28.67,3,8.27,0,1
STR-500987,TreatmentB,B03,73.35,0.95,0.2023,60,25.21,0.2409,0.1474,15.03,15.78,5,7.36,1,1
STR-500988,TreatmentB,B03,90.16,1.22,0.2371,302,20.81,0.3391,0.2733,13.38,22.22,0,5.21,1,0
STR-500258,TreatmentB,B03,121.69,1.88,0.2582,192,53.8,0.4865,0.2867,3.65,26.1,3,6.44,1,1
STR-500498,Control,B02,93.75,1.78,0.2618,262,42.99,0.1724,0.361,19.66,23.57,5,6.81,0,0
STR-500346,Control,B01,100.88,1.73,0.2377,292,34.94,0.5895,0.3022,31.44,26.29,1,5.02,1,0
STR-500196,TreatmentA,B03,79.61,1.85,0.1673,594,20.33,0.4101,0.0894,26.69,21.0,2,5.01,0,0
STR-500676,TreatmentA,B01,81.28,1.77,0.2216,253,40.64,0.3298,0.524,15.41,24.67,2,5.15,1,0
STR-500213,Control,B02,96.67,2.2,0.2514,264,15.04,0.7065,0.1754,27.23,23.99,2,5.76,1,0
STR-500292,TreatmentA,B03,96.2,0.91,0.2844,311,76.92,0.391,0.27,9.35,28.97,3,8.84,1,0
STR-500840,TreatmentA,B02,94.3,1.5,0.2375,93,29.54,0.3154,0.382,96.99,19.25,3,7.48,0,0
STR-500863,Control,B02,90.94,2.1,0.2457,224,15.33,0.2652,0.3504,47.32,39.66,0,7.15,0,0
STR-500858,TreatmentA,B01,101.0,1.82,0.2385,344,145.0,0.4265,0.0966,23.93,31.05,1,7.29,1,0
STR-500627,TreatmentB,B01,110.6,0.76,0.3027,269,73.84,0.1664,0.2722,41.54,23.38,5,6.9,1,1
STR-500855,Control,B03,122.4,1.55,0.2104,603,23.88,0.3679,0.4156,71.13,26.41,1,5.84,1,0
STR-500598,TreatmentA,B02,102.35,1.02,0.216,295,12.74,0.5095,0.1644,51.07,17.15,2,8.28,1,0
STR-500052,TreatmentA,B01,131.71,1.26,0.2198,329,47.26,0.3052,0.478,54.79,26.76,3,6.91,1,1
STR-500162,TreatmentB,B03,130.23,1.9,0.2815,594,42.38,0.3875,0.1351,17.86,26.78,2,5.27,1,0
STR-500718,TreatmentA,B03,92.84,2.15,0.2108,255,25.18,0.4149,0.3467,37.68,28.77,3,8.05,0,0
STR-500475,Control,B01,87.88,2.15,0.2039,237,49.43,0.4396,0.2889,55.22,29.17,2,6.36,0,1
STR-500702,TreatmentB,B02,107.01,1.66,0.2102,243,32.26,0.2769,0.3615,9.24,8.28,1,5.93,1,0
STR-500644,Control,B03,105.59,1.94,0.2588,210,50.24,0.3708,0.3231,39.68,31.99,3,7.26,0,1
STR-500277,TreatmentB,B02,61.01,0.77,0.2199,157,70.22,0.1527,0.4449,22.25,25.0,4,7.41,1,0
STR-500332,Control,B02,113.84,2.23,0.2535,470,19.67,0.2829,0.3285,39.95,18.16,6,8.52,0,0
STR-500315,Control,B03,85.57,2.4,0.2313,229,53.06,0.2978,0.2054,40.06,19.4,1,5.66,0,1
STR-500888,TreatmentB,B01,80.73,1.6,0.2249,132,115.33,0.4767,0.3579,29.54,15.16,2,5.66,0,1
STR-500708,Control,B03,110.03,3.76,0.2626,139,61.59,0.388,0.1181,42.62,33.23,3,7.58,0,0
STR-500392,TreatmentA,B01,107.27,2.24,0.243,1289,57.91,0.1402,0.1178,61.83,30.2,1,6.93,0,1
STR-500912,TreatmentB,B03,86.95,0.72,0.2718,1417,29.04,0.5327,0.2357,14.15,16.56,2,1.68,1,0
STR-500974,Control,B01,88.46,3.68,0.2589,108,13.15,0.4725,0.3071,32.12,20.73,2,6.51,0,1
STR-500037,TreatmentB,B01,111.0,0.62,0.1836,243,31.91,0.519,0.1614,11.54,23.08,4,7.84,1,0
STR-500914,TreatmentA,B02,92.72,1.24,0.2985,366,30.17,0.4432,0.2445,24.22,24.4,4,6.04,1,1
STR-500394,TreatmentB,B01,90.81,1.04,0.2561,492,47.87,0.6339,0.2603,18.38,21.35,1,5.56,1,0
STR-500368,TreatmentA,B01,92.28,2.94,0.2435,140,66.89,0.3804,0.2809,17.42,30.18,2,6.98,0,0
STR-500731,Control,B02,106.12,1.64,0.2519,1023,21.96,0.6384,0.3195,51.58,16.02,3,8.05,0,1
STR-500648,TreatmentB,B03,91.76,1.98,0.2256,119,18.35,0.4682,0.2873,11.62,24.31,2,10.37,1,0
STR-500163,TreatmentB,B03,93.01,2.28,0.184,288,49.26,0.2413,0.2157,21.62,24.48,4,5.9,1,1
STR-500180,TreatmentB,B03,122.59,1.29,0.2284,479,23.13,0.3296,0.3849,2.47,19.17,2,6.82,1,0
STR-500722,TreatmentB,B03,120.89,1.63,0.2808,128,10.73,0.6518,0.4135,51.69,25.96,0,6.97,0,1
STR-500154,TreatmentB,B02,103.23,1.59,0.2608,208,55.17,0.3656,0.3527,50.07,19.86,5,9.84,0,0
STR-500112,TreatmentA,B03,89.37,1.34,0.2359,323,18.68,0.4288,0.2167,35.61,20.67,3,9.35,1,0
STR-500781,TreatmentB,B01,89.0,1.42,0.2449,51,50.83,0.199,0.3604,10.77,23.26,0,7.26,0,0
STR-500422,TreatmentB,B01,113.92,2.23,0.1815,96,28.75,0.5834,0.1289,47.62,19.73,2,8.21,0,0
STR-500939,Control,B02,89.84,1.87,0.2241,182,14.25,0.2546,0.2445,39.03,25.71,1,5.83,1,0
STR-500586,TreatmentA,B01,127.16,1.78,0.2446,229,16.93,0.2648,0.4278,12.93,23.85,1,7.85,1,0
STR-500375,TreatmentA,B03,120.68,2.43,0.2023,650,38.6,0.5225,0.4088,13.85,33.43,4,8.21,1,1
STR-500580,Control,B03,86.49,1.64,0.1704,200,25.98,0.5842,0.4952,76.44,24.59,4,7.19,1,1
STR-500336,TreatmentA,B03,110.89,1.42,0.2184,297,36.71,0.529,0.1449,32.9,27.65,1,9.32,1,0
STR-500105,Control,B01,112.81,2.77,0.2154,107,31.06,0.3724,0.2008,34.72,20.4,2,6.94,0,1
STR-500308,TreatmentB,B03,105.57,0.85,0.1946,286,24.5,0.6381,0.1454,20.24,29.18,4,7.14,1,0
STR-500727,Control,B01,87.42,1.76,0.2012,275,44.51,0.419,0.17,32.49,27.76,2,7.47,0,1
STR-500890,TreatmentA,B02,79.95,1.29,0.3056,190,29.3,0.1985,0.2313,31.25,23.14,1,4.91,0,0
STR-500374,Control,B02,115.41,1.61,0.2622,361,18.63,0.2585,0.4649,33.31,26.19,4,6.63,0,0
STR-500514,TreatmentB,B02,106.86,0.74,0.2557,204,45.99,0.3007,0.3081,13.3,23.55,5,5.18,1,1
STR-500788,TreatmentA,B01,104.64,2.19,0.2385,365,65.33,0.6831,0.2337,45.39,28.9,5,8.62,0,0
STR-500611,TreatmentA,B01,116.15,1.1,0.2157,391,40.42,0.4124,0.1757,46.46,24.43,2,7.01,1,1
STR-500937,Control,B03,126.22,1.48,0.2103,275,29.51,0.3914,0.2028,35.57,26.91,4,4.5,1,0
STR-500796,TreatmentB,B03,95.77,1.51,0.2269,171,19.71,0.2295,0.2717,44.92,24.8,6,8.16,1,1
STR-500574,Control,B02,111.52,2.12,0.3218,251,110.05,0.3181,0.4044,24.93,18.58,1,6.48,0,1
STR-500981,Control,B01,112.33,2.14,0.247,687,84.92,0.3601,0.5418,20.38,16.03,2,4.14,1,0
STR-500032,TreatmentA,B01,104.33,1.47,0.3058,364,131.09,0.5281,0.1755,26.25,29.63,3,6.41,0,0
STR-500287,TreatmentB,B01,105.38,1.19,0.1963,178,29.24,0.4308,0.1278,33.95,25.41,2,7.31,0,1
STR-500834,TreatmentB,B02,97.59,1.62,0.2115,321,18.81,0.4129,0.3337,5.04,32.25,0,6.29,1,1
STR-500322,Control,B03,76.17,2.65,0.2492,132,29.88,0.1232,0.448,42.05,33.94,2,6.33,0,0
STR-500784,TreatmentB,B01,87.1,1.75,0.2782,319,71.27,0.3261,0.2261,33.55,17.93,3,8.03,0,0
STR-500478,TreatmentA,B01,103.17,1.79,0.2078,181,21.86,0.4006,0.3554,37.27,28.71,5,4.54,0,0
STR-500759,TreatmentB,B01,76.45,2.7,0.224,171,20.97,0.3108,0.3861,12.2,22.18,2,8.99,0,0
STR-500787,TreatmentA,B02,84.96,1.07,0.2112,338,23.83,0.2638,0.2527,35.07,24.54,2,7.6,1,1
STR-500385,TreatmentB,B01,110.02,1.59,0.2316,370,22.32,0.3812,0.1468,25.02,31.95,2,7.04,1,1
STR-500616,TreatmentA,B03,84.29,2.43,0.219,211,20.54,0.2514,0.25,34.73,19.33,3,5.29,0,1
STR-500473,TreatmentB,B03,104.17,1.46,0.2471,689,50.14,0.6237,0.4862,9.24,26.77,2,6.63,1,1
STR-500826,TreatmentA,B02,91.56,1.91,0.2405,278,113.42,0.4456,0.5752,32.88,28.73,1,8.06,1,1
STR-500608,TreatmentB,B03,115.57,2.02,0.2212,226,25.82,0.3245,0.368,49.15,30.41,0,6.05,1,1
STR-500984,TreatmentA,B01,88.1,3.0,0.2223,168,14.56,0.5264,0.2218,68.32,19.46,6,7.06,0,1
STR-500825,TreatmentB,B01,83.79,1.59,0.3021,117,36.57,0.4008,0.1051,3.12,20.42,3,7.03,0,1
STR-500948,TreatmentA,B02,80.42,1.99,0.2454,347,74.3,0.3319,0.1136,46.7,20.68,2,6.31,0,1
STR-500398,TreatmentA,B03,71.69,1.75,0.2008,593,54.66,0.226,0.2831,6.61,36.67,1,7.8,1,1
STR-500779,TreatmentA,B01,95.64,2.24,0.252,85,9.5,0.6506,0.2748,41.63,17.44,2,6.35,0,1
STR-500452,Control,B02,82.15,2.47,0.2583,272,19.41,0.456,0.2735,51.41,20.62,3,5.24,1,0
STR-500511,TreatmentA,B03,83.42,2.91,0.2457,279,42.3,0.4774,0.2306,18.08,25.72,3,7.01,0,1
STR-500868,TreatmentB,B03,118.65,1.25,0.2675,163,40.57,0.3448,0.308,35.87,21.91,0,5.66,0,1
STR-500413,TreatmentA,B02,123.96,1.45,0.2305,639,81.18,0.3533,0.4254,62.61,27.69,5,5.63,1,0
STR-500045,TreatmentA,B03,82.63,1.81,0.2752,485,33.27,0.476,0.2364,48.49,21.68,1,9.41,0,0
STR-500438,TreatmentB,B03,84.39,1.65,0.2944,356,57.73,0.5246,0.2797,20.34,27.08,2,7.51,0,0
STR-500851,Control,B03,102.14,2.45,0.2178,160,70.47,0.5251,0.3589,42.74,23.02,2,6.69,0,1
STR-500485,TreatmentA,B02,104.71,1.91,0.1648,198,16.48,0.3808,0.2015,19.18,29.34,1,5.99,1,1
STR-500692,TreatmentB,B02,100.93,1.18,0.2187,119,26.14,0.3607,0.1481,25.36,16.32,2,4.46,1,1
STR-500944,TreatmentA,B03,122.7,1.68,0.2353,536,48.9,0.3733,0.3073,46.22,22.24,3,7.03,1,1
STR-500849,TreatmentA,B02,88.41,1.83,0.182,169,32.9,0.381,0.1285,54.6,28.66,4,5.23,1,0
STR-500666,TreatmentB,B01,85.34,1.33,0.2521,148,39.72,0.3291,0.4078,46.51,33.84,3,9.19,1,0
STR-500166,TreatmentB,B03,99.65,1.16,0.2636,491,42.17,0.5726,0.4205,9.58,15.73,1,4.73,1,1
STR-500824,Control,B01,94.46,2.04,0.1819,188,60.42,0.4919,0.4364,31.45,22.66,2,7.65,1,1
STR-500472,TreatmentA,B03,103.31,2.24,0.2568,531,72.35,0.3326,0.1803,57.73,34.14,2,6.58,0,1
STR-500362,TreatmentB,B02,96.68,3.04,0.2108,432,20.64,0.3361,0.2421,15.31,34.65,5,5.9,0,1
STR-500361,Control,B02,129.1,2.09,0.2322,158,20.91,0.562,0.4193,22.32,17.61,4,8.82,0,0
STR-500697,Control,B03,117.41,2.12,0.2662,850,95.04,0.4025,0.3346,51.3,38.81,2,7.86,0,0
STR-500312,TreatmentA,B01,80.64,1.18,0.2837,362,53.49,0.4601,0.3184,37.77,22.63,5,7.7,0,1
STR-500925,TreatmentB,B01,89.26,0.91,0.2288,643,18.1,0.4313,0.1251,9.19,18.34,5,6.6,1,1
STR-500923,Control,B02,92.69,2.35,0.1967,165,30.01,0.2722,0.3371,64.59,16.88,4,9.79,0,0
STR-500812,TreatmentA,B01,127.81,1.26,0.1558,133,18.51,0.2233,0.0967,34.26,34.22,1,6.7,1,1
STR-500921,TreatmentB,B02,93.0,0.54,0.2641,595,29.64,0.2076,0.2384,48.39,23.67,2,8.34,0,1
STR-500020,TreatmentA,B02,102.91,1.88,0.3,250,30.59,0.213,0.1851,15.82,17.02,2,6.44,0,1
STR-500503,TreatmentA,B03,104.57,1.54,0.1905,120,56.66,0.3378,0.4518,25.21,26.55,6,7.47,0,1
STR-500355,TreatmentB,B02,130.71,1.35,0.2607,764,42.14,0.4446,0.2685,25.02,23.45,4,9.14,1,0
STR-500480,TreatmentA,B02,103.82,0.75,0.252,151,55.75,0.4338,0.3134,51.56,31.26,3,4.83,1,0
STR-500753,TreatmentA,B01,95.8,1.66,0.3414,221,33.43,0.2909,0.103,11.33,30.67,6,7.57,0,1
STR-500859,Control,B03,114.56,1.81,0.2071,153,47.0,0.4677,0.4428,48.4,21.31,3,7.74,0,1
STR-500140,TreatmentA,B02,104.5,2.78,0.2404,66,28.85,0.7553,0.3418,24.9,23.99,4,6.07,0,1
STR-500970,Control,B02,98.1,1.83,0.2098,162,27.95,0.2759,0.2925,117.66,18.33,4,6.49,0,1
STR-500609,TreatmentB,B01,107.85,1.09,0.1862,453,23.14,0.4679,0.1345,17.19,22.04,2,7.15,1,1
STR-500261,TreatmentB,B03,92.57,1.76,0.2155,261,30.59,0.4266,0.2633,2.79,19.18,3,6.92,1,1
STR-500471,Control,B03,91.49,1.92,0.2556,259,34.46,0.4998,0.2124,41.75,20.99,3,6.33,1,0
STR-500515,Control,B02,124.92,2.13,0.2527,142,12.83,0.4704,0.6282,25.09,32.72,1,6.86,0,1
STR-500549,TreatmentB,B02,76.97,0.46,0.2862,202,54.46,0.5176,0.2898,52.26,19.1,0,6.6,0,1
STR-500393,Control,B02,112.16,2.8,0.2739,790,20.31,0.4949,0.3241,37.75,22.39,3,8.29,0,0
STR-500320,TreatmentB,B03,80.4,1.29,0.2632,178,35.26,0.5139,0.2385,26.63,29.82,2,5.1,1,0
STR-500013,TreatmentB,B01,73.23,1.99,0.239,190,27.84,0.0617,0.1691,21.6,31.47,1,8.31,1,1
STR-500885,Control,B01,97.82,2.99,0.2095,443,52.72,0.2099,0.527,34.39,22.87,1,7.52,0,0
STR-500448,Control,B03,110.97,1.83,0.2434,404,22.82,0.348,0.3829,43.09,33.59,1,6.01,1,0
STR-500711,TreatmentA,B01,135.66,2.62,0.2866,378,25.5,0.3891,0.2402,33.81,20.47,2,4.8,0,0
STR-500426,TreatmentB,B01,103.78,1.46,0.1936,336,23.73,0.2525,0.2011,32.16,35.37,2,6.74,1,1
STR-500603,TreatmentB,B02,86.8,0.66,0.2392,417,89.68,0.4274,0.1423,15.48,31.38,2,7.16,0,1
STR-500487,TreatmentB,B03,85.12,0.94,0.2056,224,11.55,0.4634,0.2906,21.16,24.78,2,7.48,1,0
STR-500049,TreatmentA,B02,97.73,2.91,0.2745,317,29.41,0.4689,0.3111,34.69,27.29,8,5.81,0,0
STR-500223,TreatmentB,B03,65.28,1.53,0.2824,375,14.93,0.6689,0.3704,37.14,39.86,2,5.62,0,1
STR-500014,TreatmentA,B02,109.21,3.38,0.2292,203,16.04,0.4114,0.108,25.46,20.45,2,6.91,0,1
STR-500842,Control,B03,84.82,2.07,0.1806,322,23.47,0.2274,0.3419,27.89,15.86,4,7.8,1,0
STR-500809,TreatmentA,B01,88.82,2.18,0.2355,375,39.73,0.4608,0.3117,21.14,14.61,3,8.22,0,0
STR-500176,Control,B03,107.38,1.48,0.2597,230,31.58,0.3928,0.3088,41.09,17.92,3,8.33,0,0
STR-500086,TreatmentB,B01,101.12,0.66,0.2638,149,58.3,0.3514,0.2846,52.68,29.12,4,5.85,0,0
STR-500571,Control,B03,79.69,2.23,0.1825,213,42.52,0.2578,0.1862,31.37,29.04,2,8.02,1,1
STR-500538,TreatmentA,B01,80.97,1.31,0.3121,258,29.53,0.3674,0.4074,15.2,33.92,0,5.12,0,0
STR-500017,TreatmentB,B01,91.35,1.02,0.2224,206,90.96,0.5402,0.159,65.9,25.74,4,5.76,0,0
STR-500667,TreatmentA,B02,88.41,3.62,0.3029,914,14.7,0.5372,0.2883,75.55,20.76,1,5.81,0,0
STR-500764,Control,B01,103.09,1.53,0.248,266,19.39,0.4202,0.3493,25.58,14.17,6,8.69,0,0
STR-500397,TreatmentA,B03,95.19,1.29,0.1873,226,87.8,0.4551,0.5771,24.65,21.66,3,6.83,1,1
STR-500476,TreatmentA,B01,94.78,1.82,0.2708,88,29.16,0.2494,0.5125,24.89,25.44,1,6.25,1,0
STR-500129,TreatmentA,B02,115.79,2.08,0.2313,210,89.23,0.3594,0.1654,13.54,26.55,5,9.13,0,0
STR-500323,TreatmentB,B01,94.88,0.04,0.2369,312,46.49,0.5372,0.4648,36.12,26.68,4,8.93,0,1
STR-500776,Control,B01,61.81,1.41,0.2364,292,38.48,0.6792,0.1909,44.28,24.68,1,8.7,1,0
STR-500309,TreatmentA,B01,103.76,1.78,0.1357,347,41.67,0.474,0.3372,18.52,14.91,3,8.31,1,1
STR-500774,Control,B01,115.05,2.61,0.1932,534,24.52,0.4034,0.0727,38.76,22.51,4,7.72,0,1
STR-500786,Control,B03,113.49,1.92,0.1935,276,33.5,0.5907,0.2797,40.96,26.99,2,7.49,1,1
STR-500387,TreatmentA,B01,83.74,1.46,0.2214,125,11.97,0.4541,0.2649,80.72,27.39,3,7.06,0,0
STR-500713,Control,B03,105.39,3.48,0.239,733,64.86,0.4124,0.3176,53.02,27.17,3,5.07,0,0
STR-500415,TreatmentB,B02,79.39,2.28,0.3115,163,24.07,0.4864,0.1566,10.21,25.86,4,7.0,0,0
STR-500079,TreatmentB,B03,130.13,0.64,0.2208,339,13.38,0.4033,0.4385,31.44,22.15,1,8.32,1,0
STR-500007,TreatmentA,B03,77.92,1.36,0.2723,156,28.22,0.7641,0.3393,38.1,13.23,4,5.8,0,1
STR-500209,Control,B02,119.5,2.71,0.2224,183,18.33,0.5133,0.191,37.91,20.9,3,8.5,0,0
STR-500018,TreatmentB,B03,120.12,2.5,0.166,299,20.31,0.6098,0.424,17.94,26.67,0,6.59,0,1
STR-500712,TreatmentB,B02,102.68,1.63,0.1767,348,68.06,0.308,0.2728,6.97,29.61,3,7.13,1,1
STR-500038,TreatmentA,B02,113.87,1.95,0.2082,228,33.56,0.2328,0.3266,31.48,27.7,1,4.4,1,0
STR-500188,TreatmentA,B01,87.43,1.66,0.2578,253,6.78,0.575,0.37,17.46,32.08,4,8.42,0,1
STR-500340,TreatmentA,B03,103.62,1.7,0.1689,585,26.8,0.7118,0.2381,31.13,22.06,2,4.44,0,0
STR-500138,TreatmentB,B01,116.97,0.69,0.2294,188,25.24,0.3583,0.2772,14.15,25.26,2,6.24,1,1
STR-500502,Control,B02,102.46,1.4,0.2132,562,85.46,0.5157,0.2524,21.79,21.44,3,4.8,0,0
STR-500636,Control,B03,111.12,2.85,0.2258,278,47.59,0.5024,0.4118,24.47,25.84,3,4.89,0,1
STR-500846,Control,B01,84.29,1.82,0.2005,480,40.65,0.384,0.23,51.05,27.29,0,7.7,1,1
STR-500097,TreatmentB,B03,107.5,0.57,0.2343,323,99.68,0.274,0.3768,39.43,24.89,2,5.96,1,0
STR-500092,Control,B02,76.82,2.59,0.2133,212,40.7,0.8258,0.1794,18.55,20.9,3,8.39,0,0
STR-500972,Control,B02,105.65,2.55,0.2618,202,43.51,0.2217,0.2487,34.38,17.77,1,6.44,0,1
STR-500742,TreatmentA,B01,96.0,1.76,0.2154,527,63.51,0.326,0.1173,51.11,27.7,4,8.17,1,1
STR-500238,Control,B02,87.18,1.51,0.2158,107,29.15,0.464,0.2696,58.22,36.9,2,8.97,1,0
STR-500827,Control,B03,117.94,3.05,0.226,559,148.19,0.2739,0.1152,29.2,24.43,1,7.73,0,1
STR-500266,TreatmentA,B03,115.31,1.63,0.1714,610,12.64,0.4239,0.2303,33.06,24.31,1,8.87,1,0
STR-500685,TreatmentB,B02,86.96,1.6,0.2083,290,89.13,0.362,0.3181,20.84,20.78,2,5.91,1,1
STR-500673,Control,B01,78.87,2.14,0.1802,154,53.09,0.4247,0.3608,75.43,26.44,2,7.68,0,1
STR-500808,TreatmentA,B02,77.46,5.06,0.2557,145,31.85,0.5839,0.1484,17.92,23.84,3,7.94,0,0
STR-500800,Control,B02,124.32,1.65,0.187,127,60.18,0.354,0.0982,37.27,21.8,0,7.79,1,1
STR-500445,Control,B03,89.03,2.42,0.323,241,38.7,0.4025,0.2299,51.7,15.7,3,6.32,0,1
STR-500462,TreatmentA,B03,104.99,1.03,0.1764,304,27.69,0.3715,0.3954,65.3,20.72,1,8.11,0,0
STR-500093,TreatmentA,B03,108.27,1.32,0.205,117,27.49,0.5311,0.3707,26.31,21.0,1,8.19,1,1
STR-500645,TreatmentB,B02,73.04,1.03,0.2302,782,55.66,0.6078,0.3228,32.38,22.39,3,6.09,1,1
STR-500919,TreatmentA,B01,105.17,1.33,0.2825,110,59.64,0.362,0.2674,22.96,22.73,3,5.69,0,0
STR-500916,Control,B03,92.93,1.42,0.2226,1105,38.74,0.3258,0.4749,44.22,20.84,0,7.84,0,0
STR-500364,Control,B03,113.58,1.6,0.2327,266,28.46,0.6247,0.3232,39.68,32.23,1,5.31,0,1
STR-500083,TreatmentB,B02,75.26,0.95,0.2207,263,29.36,0.5575,0.4577,16.37,23.35,3,7.23,0,1
STR-500135,TreatmentB,B01,99.15,1.16,0.2846,124,32.38,0.3838,0.301,26.63,27.53,2,7.53,1,1
STR-500543,TreatmentB,B01,95.83,0.93,0.2783,618,29.33,0.4747,0.338,11.95,17.27,1,3.85,1,1
STR-500652,TreatmentA,B03,102.49,2.45,0.1856,659,18.89,0.4718,0.2813,19.02,21.01,2,7.8,1,1
STR-500367,TreatmentB,B03,85.84,0.5,0.2842,907,57.65,0.4242,0.4195,2.69,36.57,2,7.71,1,1
STR-500318,Control,B03,88.38,1.67,0.2285,127,44.28,0.4313,0.2704,34.83,24.23,4,5.39,0,0
STR-500934,Control,B01,95.29,2.93,0.2178,129,46.77,0.5347,0.0775,28.19,21.64,1,7.46,0,0
STR-500526,Control,B03,119.02,3.12,0.1831,150,66.84,0.536,0.3386,50.22,22.05,3,6.93,1,1
STR-500591,Control,B01,98.02,2.56,0.1787,527,29.3,0.5321,0.502,27.56,28.97,3,5.76,1,1
STR-500288,TreatmentA,B03,98.54,1.17,0.2621,186,44.51,0.6713,0.4662,20.71,24.33,0,8.32,0,1
STR-500466,TreatmentA,B03,99.24,1.02,0.2282,316,47.49,0.194,0.2207,38.7,22.49,3,5.68,0,1
STR-500010,TreatmentB,B02,87.18,1.11,0.2953,375,27.06,0.4289,0.3877,46.98,32.72,1,5.49,1,1
STR-500074,TreatmentB,B01,86.35,1.65,0.2561,319,17.57,0.2856,0.1884,41.96,21.01,3,9.45,0,1
STR-500116,TreatmentB,B02,105.31,1.08,0.2791,100,13.76,0.3517,0.1918,39.34,33.28,1,7.67,0,1
STR-500193,TreatmentA,B03,105.32,4.76,0.2067,422,14.88,0.3287,0.3621,23.29,14.61,1,5.23,0,0
STR-500567,TreatmentA,B02,139.07,3.32,0.2677,556,39.07,0.3287,0.5067,34.62,22.77,2,6.03,0,0
STR-500236,TreatmentB,B03,91.46,3.63,0.2594,459,41.7,0.3956,0.2575,9.46,28.0,3,8.6,0,0
STR-500252,TreatmentA,B01,127.84,2.2,0.2423,221,22.89,0.2243,0.461,37.9,27.39,1,6.39,0,0
STR-500119,TreatmentA,B02,120.41,1.3,0.2043,232,40.73,0.502,0.3414,23.62,20.32,2,7.53,1,1
STR-500535,Control,B01,98.25,2.4,0.2422,341,19.6,0.4235,0.5617,26.04,19.35,3,3.88,1,0
STR-500059,Control,B01,148.93,2.22,0.2308,119,45.06,0.6457,0.132,62.09,35.5,3,6.65,0,0
STR-500260,Control,B01,108.28,1.73,0.2415,191,76.96,0.6759,0.2323,58.7,19.82,4,4.5,0,0
STR-500913,TreatmentB,B03,88.65,1.78,0.2755,355,69.53,0.2395,0.2267,30.86,27.3,4,8.38,0,1
STR-500739,Control,B02,95.22,2.35,0.2208,178,19.28,0.5422,0.2228,25.75,26.57,0,6.28,0,0
STR-500860,TreatmentA,B02,109.89,2.46,0.275,415,40.28,0.3481,0.2262,54.99,21.52,3,3.72,0,0
STR-500457,TreatmentB,B03,100.93,0.23,0.1409,156,9.33,0.3489,0.2823,26.53,27.23,4,6.83,1,1
STR-500622,Control,B01,109.31,2.82,0.1822,95,16.61,0.5724,0.2836,53.07,22.82,0,6.91,0,1
STR-500736,Control,B02,119.88,1.69,0.1982,518,49.58,0.3416,0.3679,62.24,32.04,3,6.07,1,0
STR-500075,TreatmentB,B02,80.41,0.32,0.2071,621,41.46,0.3103,0.2951,42.07,23.14,1,5.55,1,1
STR-500025,TreatmentB,B01,102.05,1.68,0.2341,438,60.6,0.5093,0.2281,23.64,24.93,1,7.35,1,1
STR-500829,TreatmentA,B03,97.87,1.29,0.219,304,13.65,0.5031,0.2244,20.95,19.69,3,5.65,1,1
STR-500219,TreatmentB,B02,100.19,1.63,0.2375,343,20.19,0.3871,0.4591,12.01,32.82,1,4.71,1,0
STR-500085,TreatmentB,B03,111.77,2.3,0.2033,193,25.5,0.2603,0.464,31.65,34.36,0,6.55,1,0
STR-500500,TreatmentA,B01,81.46,2.25,0.231,217,30.89,0.4932,0.2267,17.94,16.22,3,7.04,1,1
STR-500372,TreatmentB,B03,116.69,1.75,0.2335,175,23.7,0.385,0.2035,32.34,29.23,4,8.35,0,1
STR-500250,TreatmentB,B03,78.86,0.24,0.3279,145,33.83,0.3593,0.231,28.68,22.1,6,5.86,0,1
STR-500618,TreatmentA,B02,120.73,2.42,0.2373,65,27.22,0.1264,0.4451,21.4,22.33,3,8.59,1,0
STR-500807,TreatmentA,B01,114.36,1.94,0.2703,212,20.98,0.5406,0.1713,26.07,33.95,1,7.61,0,0
STR-500563,Control,B01,83.23,2.12,0.2358,280,60.76,0.3793,0.2074,54.43,21.53,3,5.0,0,1
STR-500226,TreatmentB,B03,103.61,1.3,0.1483,493,79.01,0.1136,0.4867,31.0,22.94,4,8.04,1,0
STR-500107,Control,B02,135.94,2.18,0.2059,643,22.98,0.3605,0.4592,23.5,17.21,2,6.98,0,0
STR-500484,TreatmentB,B01,133.98,1.21,0.2659,307,6.01,0.5223,0.4367,8.69,25.15,1,7.08,1,1
STR-500499,TreatmentB,B03,125.05,1.47,0.2349,396,27.99,0.4041,0.3948,25.21,28.42,1,6.05,0,1
STR-500158,Control,B03,115.53,2.5,0.1805,255,25.36,0.5245,0.3576,21.7,27.97,2,6.31,1,1
STR-500290,Control,B03,72.75,1.77,0.2986,575,14.42,0.5277,0.2597,38.98,20.67,0,6.99,0,1
STR-501000,Control,B01,115.66,2.55,0.2417,202,46.2,0.693,0.2732,76.82,30.27,4,8.1,0,0
STR-500869,TreatmentB,B03,106.63,0.89,0.2186,420,82.45,0.4993,0.1644,17.02,29.17,3,8.65,1,0
STR-500985,TreatmentB,B01,98.72,1.6,0.236,315,18.61,0.5161,0.2437,4.56,28.16,1,6.69,0,1
STR-500540,TreatmentA,B03,111.71,2.09,0.1876,385,18.34,0.3628,0.1944,54.47,32.27,3,7.18,1,1
STR-500150,TreatmentB,B02,88.45,0.77,0.2424,495,60.02,0.5189,0.2541,13.56,36.33,1,8.64,1,0
STR-500638,TreatmentA,B01,81.29,3.1,0.201,763,44.07,0.2105,0.2524,28.99,18.56,1,6.22,0,1
STR-500433,Control,B03,115.8,2.31,0.2911,133,41.96,0.6458,0.0989,14.86,23.77,2,7.28,1,0
STR-500505,TreatmentA,B03,77.18,1.34,0.1805,278,41.93,0.1658,0.3206,43.74,18.45,2,7.83,1,1
STR-500928,TreatmentA,B02,74.13,1.96,0.2829,848,37.92,0.7016,0.2841,17.56,23.75,1,6.34,0,1
STR-500307,TreatmentB,B01,115.68,1.72,0.2203,228,19.13,0.5772,0.4459,15.84,21.9,4,4.3,0,0
STR-500746,Control,B02,96.62,1.36,0.2145,119,31.38,0.4603,0.3962,48.03,31.85,0,7.05,0,1
STR-500115,TreatmentA,B01,95.76,1.3,0.307,547,19.36,0.2309,0.3365,32.23,18.68,2,8.57,0,0
STR-500532,Control,B03,87.12,1.97,0.243,164,36.18,0.5236,0.1901,38.02,29.24,2,6.5,1,0
STR-500740,TreatmentB,B01,89.31,2.99,0.1751,492,9.65,0.527,0.4953,56.79,21.17,1,8.27,0,1
STR-500810,TreatmentA,B03,108.2,0.76,0.2996,458,58.4,0.4068,0.4112,42.25,32.71,3,7.12,1,1
STR-500237,Control,B01,101.01,1.79,0.1845,248,27.26,0.343,0.1927,28.64,24.93,2,8.89,1,0
STR-500016,TreatmentA,B03,81.69,2.28,0.2015,362,43.22,0.4088,0.2596,23.87,8.86,3,5.85,0,0
STR-500358,TreatmentA,B03,86.42,1.34,0.2363,165,79.39,0.3023,0.2014,33.61,21.33,0,7.21,1,1
STR-500113,TreatmentA,B03,115.62,0.87,0.1938,161,42.8,0.3496,0.2522,20.4,28.41,0,7.24,1,1
STR-500122,Control,B03,81.22,1.5,0.2223,378,11.04,0.4783,0.0691,33.6,35.47,2,9.76,1,0
STR-500454,Control,B02,127.1,3.22,0.1961,346,20.37,0.4503,0.2733,22.73,28.6,0,7.25,1,1
STR-500034,TreatmentA,B02,74.32,2.4,0.2419,102,22.66,0.3858,0.4066,59.18,31.03,4,7.68,0,1
STR-500979,Control,B03,106.46,2.49,0.3028,216,16.95,0.5909,0.3231,89.27,31.4,0,7.48,0,1
STR-500159,TreatmentA,B02,91.18,4.68,0.2087,233,36.72,0.3098,0.1337,17.25,20.04,1,5.9,0,1
STR-500577,Control,B02,90.28,2.24,0.2578,174,46.72,0.2899,0.2719,38.92,31.09,3,6.3,0,1
STR-500941,TreatmentA,B01,97.7,0.93,0.2195,266,15.15,0.5066,0.5554,36.38,21.89,0,8.06,1,1
STR-500773,Control,B02,101.62,3.32,0.2806,581,30.28,0.2399,0.2558,35.21,25.87,2,6.11,0,1
STR-500582,TreatmentA,B01,91.77,2.22,0.211,649,26.17,0.3084,0.2759,41.33,13.96,2,5.91,0,1
STR-500806,TreatmentA,B01,73.73,2.2,0.2452,123,45.74,0.307,0.4122,18.2,19.99,2,6.61,1,1
STR-500969,TreatmentA,B01,130.74,2.52,0.1693,136,15.83,0.5987,0.2094,50.42,28.57,3,6.28,0,0
STR-500757,TreatmentB,B01,116.46,0.85,0.2831,566,16.42,0.1859,0.4069,7.03,20.31,0,6.57,1,0
STR-500758,TreatmentB,B02,88.21,2.65,0.1867,567,32.17,0.2403,0.3688,32.56,16.17,1,7.91,1,0
STR-500943,TreatmentB,B02,92.87,1.37,0.1825,163,10.18,0.3797,0.3953,19.04,35.72,2,8.28,1,0
STR-500143,Control,B01,109.07,2.01,0.2463,246,25.64,0.2722,0.3176,50.35,32.14,3,7.85,0,1
STR-500030,Control,B02,124.34,2.02,0.2058,341,16.97,0.3713,0.1766,37.18,22.15,5,6.8,0,1
STR-500468,Control,B02,113.82,3.56,0.27,279,55.32,0.4569,0.3263,47.67,26.98,2,10.05,0,0
STR-500192,Control,B03,95.48,2.45,0.2069,208,25.82,0.2098,0.2402,58.2,21.4,2,3.93,0,1
STR-500268,Control,B02,93.77,1.93,0.2819,341,31.22,0.2894,0.2818,42.27,17.17,1,7.33,0,1
STR-500551,TreatmentA,B01,99.55,2.11,0.282,313,58.38,0.315,0.4184,22.75,24.37,0,8.03,1,0
STR-500184,TreatmentB,B02,115.04,1.46,0.2511,300,57.97,0.452,0.2346,35.35,28.88,6,7.51,1,1
STR-500687,Control,B01,72.68,1.51,0.2236,348,22.57,0.5526,0.0898,27.53,20.5,1,6.85,1,0
STR-500604,TreatmentB,B01,125.05,0.91,0.2012,162,9.93,0.5802,0.4732,18.86,30.61,2,7.95,1,1
STR-500420,TreatmentB,B02,108.58,3.65,0.2337,239,33.48,0.5545,0.2037,35.17,18.49,3,7.11,0,1
STR-500339,Control,B01,76.57,3.05,0.2302,106,41.47,0.3149,0.3733,50.95,37.52,1,5.96,0,1
STR-500880,Control,B03,110.2,3.42,0.214,115,16.29,0.3802,0.2231,29.77,23.15,3,7.69,0,1
STR-500467,TreatmentB,B02,70.76,1.52,0.234,176,22.75,0.3299,0.1943,10.73,19.11,2,3.93,1,1
STR-500094,TreatmentA,B02,95.2,2.07,0.2327,354,106.48,0.561,0.2567,18.59,22.65,1,6.54,1,1
STR-500282,TreatmentB,B03,105.11,0.82,0.1468,378,23.89,0.3802,0.438,64.83,19.91,2,6.94,1,1
STR-500296,TreatmentA,B01,109.47,0.86,0.2135,823,46.18,0.36,0.2428,41.67,26.23,4,8.35,1,0
STR-500291,TreatmentB,B01,125.26,2.89,0.2614,822,29.65,0.2181,0.4297,11.6,29.66,3,8.22,1,0
STR-500436,Control,B02,60.57,3.35,0.268,944,21.43,0.5442,0.5292,32.16,29.48,5,6.84,0,1
STR-500561,Control,B03,87.41,1.86,0.2358,190,42.31,0.3866,0.4983,46.96,27.67,1,7.05,0,1
STR-500668,TreatmentB,B01,98.62,0.81,0.2582,525,35.39,0.3616,0.1944,13.35,23.35,2,6.41,1,1
STR-500818,Control,B03,88.92,2.39,0.2807,157,30.65,0.4365,0.256,51.6,20.98,0,6.28,0,1
STR-500891,TreatmentA,B02,78.8,2.75,0.2086,516,23.48,0.4782,0.6458,53.08,18.76,4,5.69,0,1
STR-500848,TreatmentA,B03,111.63,1.21,0.2429,177,46.09,0.3342,0.2456,28.82,25.55,3,5.01,1,0
STR-500412,TreatmentA,B02,109.13,0.76,0.2232,319,25.35,0.5077,0.3271,32.72,22.4,4,7.6,1,1
STR-500870,Control,B01,121.41,2.54,0.2369,494,70.61,0.6267,0.3695,56.79,21.86,2,7.58,0,1
STR-500357,TreatmentB,B03,111.78,0.72,0.2619,595,24.54,0.2738,0.6367,52.73,27.15,3,7.22,0,0
STR-500240,TreatmentA,B01,88.16,0.91,0.2513,326,62.53,0.1746,0.0844,23.99,34.43,1,4.25,0,1
STR-500940,TreatmentA,B01,103.43,1.61,0.2662,169,43.78,0.562,0.1614,28.11,25.23,1,8.02,0,0
STR-500400,TreatmentA,B03,119.44,1.19,0.2404,402,22.39,0.2606,0.2742,22.57,30.21,8,7.03,1,1
STR-500973,Control,B03,108.31,1.58,0.2285,361,86.95,0.6687,0.4683,29.94,32.9,1,6.17,1,1
STR-500647,TreatmentA,B02,84.65,1.76,0.1847,853,24.16,0.4982,0.3029,36.43,37.64,4,7.29,1,1
STR-500823,TreatmentA,B03,110.26,1.78,0.2154,397,69.82,0.4876,0.3508,27.18,31.22,2,5.25,1,0
STR-500588,TreatmentA,B02,72.3,1.52,0.1955,501,14.09,0.3362,0.2787,52.73,24.9,4,8.31,0,0
STR-500933,TreatmentB,B03,114.92,2.55,0.2133,1129,13.8,0.2392,0.2145,28.37,26.53,0,6.77,1,1
STR-500295,TreatmentA,B01,93.98,1.15,0.2465,328,89.47,0.6515,0.3581,31.1,22.78,4,8.07,1,0
STR-500401,TreatmentA,B03,90.99,1.07,0.2554,577,27.04,0.532,0.2138,44.83,30.55,0,3.35,0,0
STR-500835,TreatmentB,B02,79.54,0.87,0.2098,669,21.41,0.404,0.095,14.06,19.14,2,8.12,1,0
STR-500133,TreatmentA,B02,111.09,1.75,0.2725,172,25.19,0.5289,0.6154,45.66,21.01,2,6.89,0,1
STR-500524,Control,B02,120.82,1.28,0.2337,212,48.61,0.5828,0.1231,34.85,23.42,1,7.37,1,0
STR-500866,Control,B01,99.51,1.33,0.1824,283,15.91,0.5141,0.3163,35.4,19.36,2,6.17,1,1
STR-500269,Control,B02,118.13,1.98,0.2611,251,69.0,0.2773,0.237,30.58,20.7,4,6.74,1,1
STR-500674,Control,B03,75.11,2.05,0.213,185,31.07,0.309,0.259,53.82,19.42,3,4.64,0,0
STR-500892,TreatmentB,B02,109.81,1.14,0.1866,127,29.61,0.4301,0.2451,5.57,19.8,2,7.31,1,0
STR-500755,TreatmentA,B02,105.07,2.19,0.237,70,12.29,0.5625,0.4102,19.81,14.54,2,7.91,1,1
STR-500968,Control,B01,100.23,2.26,0.2287,160,33.24,0.3515,0.3518,50.7,27.77,3,6.62,1,1
STR-500889,TreatmentB,B01,84.67,1.01,0.2738,239,10.81,0.3217,0.1015,18.88,14.91,0,9.8,0,0
STR-500173,TreatmentA,B01,117.69,1.15,0.2558,218,75.22,0.4578,0.2763,21.96,16.61,3,7.45,1,1
STR-500207,TreatmentB,B02,101.63,1.54,0.2159,99,26.63,0.6887,0.3687,7.37,23.04,3,4.18,1,1
STR-500160,TreatmentB,B03,97.89,0.74,0.2149,360,42.24,0.307,0.3989,20.97,28.57,2,8.95,1,0
STR-500247,Control,B03,102.85,2.3,0.2781,75,43.1,0.3339,0.4985,25.94,25.26,3,7.74,0,1
STR-500804,TreatmentA,B03,100.88,1.75,0.2668,570,25.45,0.6782,0.1748,61.17,18.68,1,4.98,0,0
STR-500906,TreatmentB,B02,85.57,1.67,0.2177,368,62.3,0.7027,0.14,1.69,31.4,3,7.66,1,0
STR-500612,TreatmentB,B02,66.58,2.04,0.2516,200,35.22,0.5126,0.2567,1.92,31.43,2,7.66,1,0
STR-500189,Control,B02,106.85,2.73,0.2314,4010,50.83,0.6659,0.2865,60.92,33.35,1,7.25,0,0
STR-500573,Control,B01,118.17,2.65,0.2288,86,77.67,0.5746,0.0678,82.2,23.51,4,6.75,0,0
STR-500040,TreatmentB,B01,96.13,2.01,0.2711,374,67.27,0.3433,0.4163,46.76,16.16,0,8.36,0,0
STR-500898,TreatmentB,B03,95.6,1.32,0.1787,696,17.27,0.721,0.3016,19.81,25.09,3,6.85,1,1
STR-500631,Control,B03,77.89,1.97,0.2569,337,38.33,0.4134,0.3966,50.22,12.93,8,6.44,1,1
STR-500717,TreatmentA,B01,70.54,1.24,0.2289,133,21.02,0.2338,0.3488,18.29,29.28,4,5.4,0,0
STR-500689,TreatmentB,B01,121.93,1.4,0.2765,257,39.91,0.5594,0.3522,11.5,30.41,7,9.09,1,0
STR-500035,TreatmentA,B01,114.9,1.78,0.2064,130,65.33,0.2581,0.0938,52.38,21.86,5,7.19,1,1
STR-500338,TreatmentB,B01,116.99,2.03,0.2401,167,51.2,0.5962,0.4209,13.29,25.17,0,8.63,1,1
STR-500747,TreatmentA,B02,80.56,1.63,0.3341,195,17.18,0.4361,0.2645,29.03,24.84,1,9.21,0,0
STR-500137,Control,B03,71.25,3.5,0.2582,160,18.76,0.3094,0.2907,51.92,26.18,3,6.58,0,0
STR-500956,TreatmentA,B03,125.34,2.3,0.2242,827,15.22,0.5704,0.057,21.79,24.97,4,7.69,1,0
STR-500174,TreatmentA,B02,97.99,1.59,0.2289,299,29.07,0.5721,0.2176,26.34,22.37,2,8.07,1,0
STR-500643,TreatmentA,B02,89.49,1.92,0.2468,197,17.03,0.5361,0.2132,32.07,26.54,2,8.13,1,0
STR-500009,Control,B03,73.06,3.24,0.2709,283,26.8,0.2719,0.331,48.2,32.37,5,7.76,0,0
STR-500042,Control,B01,114.78,1.56,0.2272,195,22.43,0.4052,0.3252,46.82,24.13,6,5.15,0,0
STR-500530,TreatmentB,B03,103.01,1.35,0.2347,648,26.5,0.503,0.3408,18.91,29.12,4,7.68,0,1
STR-500458,Control,B02,107.13,2.61,0.2588,255,48.09,0.2112,0.3912,27.0,36.75,0,7.72,1,0
STR-500121,Control,B01,78.9,3.18,0.2003,726,24.22,0.372,0.3138,32.59,21.75,3,5.88,1,1
STR-500022,TreatmentB,B02,70.1,2.13,0.3015,561,103.23,0.1566,0.3812,13.05,32.77,2,6.72,0,1
STR-500304,Control,B01,90.5,1.75,0.2316,141,46.55,0.206,0.0821,34.18,21.99,3,8.27,1,1
STR-500695,TreatmentB,B03,77.34,0.77,0.2628,238,27.29,0.2833,0.5556,34.77,25.5,3,9.72,1,0
STR-500319,Control,B02,86.76,1.77,0.2555,491,48.37,0.2162,0.314,40.81,22.71,3,9.09,0,0
STR-500990,TreatmentB,B03,115.79,0.98,0.2767,112,71.12,0.3994,0.2777,27.23,20.88,2,8.13,1,0
STR-500459,Control,B03,104.45,1.79,0.2367,325,28.43,0.4574,0.3235,27.31,19.38,3,7.62,0,1
STR-500853,TreatmentA,B01,105.76,0.93,0.2489,342,62.63,0.4474,0.1339,23.67,30.29,6,4.33,1,0
STR-500992,Control,B01,108.55,1.55,0.2627,337,121.31,0.5185,0.3119,28.93,34.73,3,7.23,0,1
STR-500932,TreatmentB,B01,121.28,2.48,0.2246,197,15.9,0.3949,0.2209,25.82,35.49,4,6.63,0,1
STR-500950,TreatmentB,B01,101.3,1.54,0.2004,153,10.74,0.453,0.2469,28.25,25.07,1,6.5,1,0
STR-500384,TreatmentA,B01,126.93,1.24,0.2276,194,129.48,0.355,0.2789,20.44,14.69,3,8.76,1,0
STR-500239,TreatmentA,B02,103.89,0.69,0.2309,289,13.73,0.2037,0.4599,39.24,24.51,2,7.18,1,0
STR-500521,Control,B02,97.2,2.12,0.3008,518,39.27,0.3403,0.2209,31.18,17.77,1,9.16,0,0
STR-500391,TreatmentB,B01,94.76,0.48,0.1821,293,23.61,0.6135,0.2554,10.59,25.73,1,4.88,1,0
STR-500817,Control,B01,68.99,2.71,0.2857,176,78.17,0.3674,0.2242,30.62,27.39,2,8.42,0,0
STR-500936,TreatmentB,B01,111.32,1.97,0.275,355,46.26,0.6742,0.0735,10.61,20.73,5,6.62,0,0
STR-500642,TreatmentB,B02,91.7,1.43,0.3267,258,44.67,0.3196,0.3005,14.97,26.07,1,6.28,0,1
STR-500139,TreatmentB,B02,96.75,1.36,0.3071,157,44.05,0.4629,0.4565,17.07,26.48,3,4.31,0,0
STR-500587,Control,B02,99.93,1.78,0.2084,414,13.98,0.2041,0.2803,24.37,28.97,3,7.24,1,1
STR-500506,TreatmentA,B02,119.89,1.88,0.2323,634,28.87,0.1505,0.343,16.29,27.9,4,6.39,0,0
STR-500998,TreatmentB,B03,90.97,1.12,0.2391,136,70.45,0.536,0.3175,34.04,19.39,3,6.88,0,1
STR-500917,TreatmentA,B02,100.62,2.41,0.2506,142,40.12,0.5388,0.3402,45.46,20.07,2,6.22,0,1
STR-500450,TreatmentA,B01,128.12,1.37,0.2114,213,74.24,0.4508,0.1998,50.38,28.47,3,7.54,0,0
STR-500548,TreatmentB,B02,130.66,1.13,0.2256,430,35.62,0.4597,0.1953,42.49,23.44,1,8.26,0,0
STR-500244,TreatmentB,B01,107.36,0.59,0.2846,259,49.42,0.4419,0.4265,51.51,23.4,0,8.03,1,0
STR-500508,TreatmentB,B03,103.56,1.07,0.2146,528,8.15,0.3173,0.4872,36.97,23.98,2,6.61,1,0
STR-500801,Control,B02,104.46,1.85,0.1911,455,30.13,0.3439,0.433,52.1,8.11,5,5.81,1,0
STR-500751,TreatmentB,B01,103.91,1.95,0.2419,208,29.04,0.2714,0.2801,16.2,23.15,3,6.65,1,0
STR-500054,Control,B03,85.05,2.08,0.2518,319,42.12,0.5125,0.1727,27.29,29.79,2,6.5,0,0
STR-500579,TreatmentB,B02,88.24,1.36,0.239,288,45.07,0.4427,0.2754,23.22,17.92,3,6.62,1,1
STR-500518,TreatmentB,B01,80.17,1.72,0.2431,221,39.98,0.4001,0.5304,25.49,17.81,4,7.94,0,1
STR-500274,Control,B02,108.7,2.09,0.2172,137,76.95,0.4642,0.2958,40.61,24.25,4,9.4,1,0
STR-500388,TreatmentA,B01,80.12,0.97,0.2143,400,35.42,0.2666,0.4484,37.73,32.59,3,8.89,1,0
STR-500900,Control,B02,111.85,1.48,0.2373,180,39.73,0.3024,0.2574,29.56,25.33,4,6.62,1,1
STR-500729,TreatmentA,B02,116.51,1.34,0.2724,299,103.56,0.2698,0.2994,27.82,23.86,0,7.93,0,1
STR-500844,TreatmentB,B03,117.89,1.53,0.2307,818,62.4,0.4973,0.5445,25.59,17.8,1,4.19,1,0
STR-500585,Control,B01,98.09,3.34,0.2277,355,48.85,0.4367,0.086,43.42,7.06,5,7.08,0,1
STR-500743,TreatmentA,B02,105.44,1.28,0.2746,130,22.55,0.4271,0.153,13.82,20.36,2,6.78,0,1
STR-500662,TreatmentA,B03,107.96,1.65,0.2034,490,20.08,0.5659,0.3853,35.2,29.67,0,8.56,1,0
STR-500978,Control,B02,122.97,5.95,0.1932,535,41.02,0.4469,0.226,36.92,27.42,3,6.61,0,0
STR-500479,TreatmentA,B03,93.3,1.52,0.2092,397,16.92,0.3479,0.269,8.95,19.83,4,4.63,1,0
STR-500828,TreatmentA,B03,106.63,1.93,0.2532,239,14.53,0.4542,0.2888,45.43,28.89,2,6.32,0,0
STR-500161,TreatmentA,B02,115.51,1.74,0.2606,425,22.91,0.6585,0.2557,23.79,12.35,6,8.76,0,0
STR-500795,TreatmentB,B02,90.79,0.85,0.2836,148,25.38,0.4454,0.1889,15.26,33.21,2,9.82,1,0
STR-500553,TreatmentA,B02,104.49,2.41,0.2428,189,42.18,0.3204,0.1791,18.39,18.94,2,8.21,0,1
STR-500778,TreatmentA,B02,99.58,1.34,0.205,86,53.17,0.6592,0.3028,27.74,21.61,1,6.98,1,1
STR-500272,TreatmentB,B03,116.55,1.22,0.1571,182,65.15,0.6608,0.1259,37.55,27.37,4,8.34,1,0
STR-500349,TreatmentB,B02,114.76,0.92,0.2437,387,39.32,0.3257,0.3337,37.4,26.28,4,6.74,0,1
STR-500270,TreatmentB,B02,83.62,1.09,0.3197,154,150.44,0.1784,0.2325,28.09,23.38,3,7.08,0,1
STR-500750,Control,B03,94.61,2.99,0.2401,237,39.77,0.4598,0.466,31.13,22.13,2,3.54,1,0
STR-500659,TreatmentB,B03,112.06,1.47,0.2379,105,7.94,0.6025,0.5169,26.49,31.89,0,4.8,0,1
STR-500033,TreatmentA,B02,103.47,1.82,0.2256,183,19.44,0.3814,0.321,45.6,36.7,1,5.21,1,0
STR-500882,TreatmentB,B03,87.37,1.1,0.2081,356,24.89,0.4011,0.3275,19.19,26.84,4,5.51,1,0
STR-500650,TreatmentB,B01,88.91,1.21,0.229,402,27.73,0.4018,0.2453,8.47,30.08,3,9.18,1,0
STR-500439,TreatmentA,B01,98.21,2.57,0.2816,281,24.64,0.2828,0.2198,29.16,27.22,2,6.36,1,1
STR-500451,Control,B02,96.21,3.32,0.258,329,19.42,0.4262,0.3116,36.73,14.87,4,7.21,0,1
STR-500961,TreatmentB,B03,100.1,1.23,0.2695,345,23.17,0.5957,0.4275,19.57,23.06,2,7.16,1,1
STR-500843,TreatmentB,B01,93.35,2.08,0.2425,243,21.73,0.3919,0.1738,19.15,25.06,3,6.75,0,1
STR-500220,TreatmentB,B03,97.24,1.6,0.1782,329,15.21,0.7009,0.2879,11.79,22.15,2,5.04,1,0
STR-500047,Control,B02,100.07,2.34,0.2076,106,28.69,0.4484,0.3642,18.32,25.89,5,8.23,0,0
STR-500766,TreatmentA,B01,88.97,1.71,0.2532,130,26.24,0.495,0.3627,36.29,29.52,1,7.51,1,1
STR-500707,TreatmentB,B03,107.22,1.7,0.1756,285,31.62,0.5745,0.4263,8.24,27.14,5,6.45,1,1
STR-500404,TreatmentB,B02,98.08,0.78,0.303,159,18.75,0.1927,0.275,35.46,30.56,2,8.56,0,0
STR-500490,Control,B01,103.63,3.14,0.2079,559,17.3,0.2562,0.3365,51.11,20.33,2,7.38,0,1
STR-500876,Control,B01,102.64,2.18,0.1876,203,34.61,0.2746,0.3027,33.23,22.13,1,6.73,1,1
STR-500012,TreatmentA,B02,90.76,1.2,0.2516,295,46.57,0.481,0.3872,39.39,27.73,3,4.86,0,0
STR-500156,Control,B01,85.29,1.38,0.1689,156,39.95,0.6057,0.1572,14.79,21.15,1,7.42,1,0
STR-500335,TreatmentB,B02,77.04,1.37,0.2732,132,73.89,0.4338,0.5667,34.28,27.68,7,8.47,0,1
STR-500019,TreatmentA,B02,57.14,1.0,0.1847,282,57.15,0.2688,0.2499,33.38,20.28,3,8.07,1,1
STR-500719,TreatmentB,B01,96.17,0.76,0.2409,451,25.05,0.5287,0.3486,41.1,28.13,3,7.06,1,1
STR-500089,TreatmentB,B01,58.7,1.3,0.2191,124,40.55,0.4565,0.4499,10.17,17.43,2,8.98,1,0
STR-500967,TreatmentB,B03,102.71,0.93,0.1948,193,66.48,0.5944,0.5298,21.09,26.11,4,7.07,0,1
STR-500264,Control,B01,98.44,2.24,0.2081,280,11.63,0.4967,0.2151,19.37,23.98,3,6.07,0,0
STR-500723,TreatmentA,B01,65.38,2.08,0.219,544,18.1,0.1267,0.3208,29.95,28.52,3,4.97,0,1
STR-500281,TreatmentA,B02,80.91,1.47,0.2945,180,34.83,0.4849,0.3686,42.79,29.06,3,8.84,0,0
STR-500366,TreatmentA,B03,103.87,2.7,0.2248,141,16.25,0.2566,0.45,75.93,20.36,0,12.18,0,0
STR-500597,TreatmentB,B02,106.72,1.63,0.2755,159,15.26,0.2423,0.1827,43.57,19.82,1,7.75,0,1
STR-500142,Control,B03,101.8,1.45,0.191,239,17.41,0.4562,0.4052,65.72,22.61,4,7.89,0,1
STR-500421,TreatmentB,B01,97.69,1.04,0.2203,138,48.0,0.205,0.1976,9.29,22.01,3,7.41,1,1
STR-500596,TreatmentA,B01,89.92,1.73,0.2231,317,58.73,0.446,0.4039,15.32,24.43,2,7.49,1,1
STR-500317,Control,B02,85.1,2.45,0.2697,115,43.75,0.1927,0.3742,40.7,19.04,4,8.68,0,0
STR-500104,Control,B03,104.55,1.99,0.2115,241,36.98,0.4063,0.222,18.04,33.51,0,4.74,1,0
STR-500975,Control,B03,115.19,1.51,0.2307,325,59.43,0.6173,0.3643,33.1,22.22,3,8.07,0,1
STR-500691,Control,B02,82.76,1.75,0.2419,139,46.01,0.4223,0.3276,31.72,26.41,2,8.92,0,0
STR-500151,TreatmentA,B01,106.44,1.52,0.1768,686,7.38,0.1448,0.2148,22.69,15.55,4,6.86,1,1
STR-500147,TreatmentA,B01,88.34,2.83,0.2517,199,64.98,0.4794,0.3584,38.15,33.41,1,8.8,0,0
STR-500516,TreatmentA,B01,96.32,2.83,0.1945,1619,51.28,0.1546,0.386,39.31,10.88,1,5.41,1,0
STR-500148,TreatmentB,B01,118.46,1.68,0.2285,274,54.35,0.5904,0.2053,15.35,26.41,0,4.07,1,0
STR-500544,TreatmentA,B01,100.05,1.64,0.2645,394,24.98,0.4246,0.1404,24.4,29.79,6,9.39,0,0
STR-500028,Control,B03,109.27,2.48,0.2868,111,58.05,0.6923,0.4196,20.51,34.48,4,5.53,0,1
STR-500214,TreatmentB,B03,106.09,1.21,0.2104,485,19.5,0.3461,0.2347,16.53,28.98,0,7.88,1,1
STR-500931,TreatmentB,B03,104.44,1.38,0.2503,221,21.82,0.5561,0.3306,9.57,27.32,2,8.44,1,1
STR-500592,Control,B02,123.76,3.07,0.2485,129,47.28,0.4205,0.2343,40.73,21.41,2,7.61,0,1
STR-500194,TreatmentA,B02,90.57,1.64,0.235,448,19.03,0.3344,0.2732,12.66,23.46,1,9.05,1,0
STR-500562,Control,B01,97.44,3.65,0.1898,175,24.75,0.5109,0.4044,75.37,16.0,2,7.54,0,1
STR-500351,Control,B02,97.82,1.28,0.1824,266,25.49,0.5072,0.1923,66.8,15.01,0,5.39,1,0
STR-500379,Control,B01,113.27,1.91,0.2552,245,30.06,0.3418,0.6028,115.53,29.42,3,8.01,0,0
STR-500690,TreatmentA,B03,92.88,2.22,0.2545,395,36.75,0.3186,0.3828,41.55,15.45,4,9.43,0,0
STR-500100,TreatmentB,B03,79.38,1.45,0.183,316,64.06,0.2771,0.3787,10.93,27.99,4,4.6,1,0
STR-500333,Control,B03,97.44,3.53,0.2481,372,37.59,0.5076,0.2015,68.97,19.01,4,6.24,0,0
STR-500953,TreatmentB,B01,105.67,1.26,0.2437,453,27.97,0.4502,0.3727,28.46,21.6,4,7.53,1,1
STR-500029,TreatmentB,B03,110.64,1.05,0.2274,422,23.44,0.5198,0.1837,32.72,31.54,1,9.95,1,0
STR-500152,Control,B01,70.6,3.0,0.232,265,37.42,0.1884,0.4124,32.18,12.81,1,11.64,0,0
STR-500132,TreatmentA,B03,110.14,1.04,0.2495,465,11.14,0.5755,0.2418,7.71,20.52,2,5.68,1,0
STR-500383,Control,B03,89.54,1.61,0.3023,116,22.0,0.6172,0.2321,58.24,26.79,4,3.36,0,0
STR-500354,Control,B01,72.4,2.39,0.2842,243,28.91,0.3246,0.2929,32.38,13.19,4,6.15,0,1
STR-500359,Control,B01,71.63,1.57,0.2414,193,20.42,0.3938,0.6553,50.13,13.52,5,6.01,1,0
STR-500799,TreatmentB,B02,109.02,0.61,0.2363,314,41.25,0.3451,0.3422,54.36,23.06,3,8.36,1,0
STR-500491,TreatmentA,B02,95.63,1.95,0.2541,849,6.99,0.523,0.159,65.22,31.25,1,4.04,1,0
STR-500172,Control,B02,109.02,2.36,0.2528,141,42.24,0.1941,0.5557,29.99,21.61,1,9.91,0,0
STR-500881,Control,B01,79.95,1.72,0.2644,176,88.33,0.4881,0.3577,42.61,27.17,1,6.9,1,1
STR-500675,TreatmentB,B02,102.41,2.51,0.3095,210,66.15,0.6485,0.2293,21.11,30.86,2,6.38,0,0
STR-500157,TreatmentB,B02,104.6,1.64,0.2096,574,18.16,0.1327,0.3599,15.73,27.59,0,7.41,1,0
STR-500529,TreatmentA,B01,102.2,2.31,0.2529,131,63.6,0.1829,0.5268,23.43,8.11,1,8.65,0,0
STR-500243,TreatmentA,B03,105.12,2.7,0.2766,405,129.48,0.2656,0.2818,44.74,31.92,4,5.77,0,0
STR-500630,TreatmentA,B02,96.33,2.13,0.2954,552,31.89,0.4536,0.602,29.31,18.29,4,6.69,0,1
STR-500177,TreatmentA,B01,92.19,1.07,0.1506,487,36.55,0.3014,0.4116,18.85,17.87,2,7.43,1,0
STR-500655,TreatmentA,B02,99.05,1.29,0.2684,97,9.73,0.3019,0.4576,34.87,30.41,2,5.14,1,0
STR-500760,TreatmentA,B01,118.46,3.17,0.1895,159,18.77,0.5119,0.1771,31.25,26.27,2,7.57,0,0
STR-500134,Control,B01,109.71,2.53,0.2308,232,17.31,0.2942,0.1155,41.12,10.82,2,7.57,1,1
STR-500909,TreatmentB,B01,112.25,0.56,0.2108,177,51.24,0.6576,0.2788,18.16,18.58,3,6.61,1,1
STR-500831,TreatmentB,B01,81.0,1.29,0.1939,293,22.0,0.4681,0.2881,76.6,23.33,2,6.7,1,1
STR-500730,TreatmentB,B03,63.67,0.84,0.2517,321,70.86,0.3981,0.2862,6.3,24.11,0,4.23,1,0
STR-500153,Control,B01,89.66,1.48,0.2205,263,48.69,0.4812,0.2694,47.89,17.95,0,10.11,0,0
STR-500838,TreatmentB,B03,76.1,0.89,0.216,212,35.64,0.4734,0.4691,13.44,8.15,1,7.0,1,1
STR-500641,TreatmentA,B02,101.48,1.07,0.1318,222,8.53,0.5193,0.1267,18.85,24.3,0,6.73,1,0
STR-500615,TreatmentB,B02,89.73,1.55,0.3044,276,58.55,0.6745,0.4263,14.02,17.36,5,6.45,1,1
STR-500233,TreatmentB,B01,86.34,2.02,0.2157,191,27.67,0.4095,0.2597,29.17,22.49,0,7.5,1,1
STR-500376,TreatmentA,B01,98.67,1.48,0.207,186,25.89,0.5316,0.2844,19.68,26.33,2,7.07,1,1
STR-500656,Control,B03,87.66,1.97,0.2414,419,14.97,0.479,0.4921,50.84,26.19,3,6.73,1,1
STR-500408,TreatmentB,B03,91.5,1.17,0.2538,318,30.57,0.4615,0.2065,68.31,25.46,1,7.46,0,1
STR-500854,TreatmentB,B01,89.41,2.07,0.2116,121,24.59,0.504,0.2373,21.13,29.01,4,5.31,1,0
STR-500130,TreatmentB,B03,102.27,0.71,0.2353,314,52.39,0.6474,0.4723,10.41,31.35,0,7.2,1,1
STR-500443,Control,B03,126.16,1.66,0.2417,51,18.94,0.6769,0.3235,23.62,10.4,4,8.05,0,1
STR-500006,TreatmentA,B03,66.82,1.67,0.2079,293,24.99,0.1903,0.5189,19.58,25.14,3,7.31,1,0
STR-500836,TreatmentB,B01,70.56,1.72,0.1929,102,36.52,0.598,0.3402,24.53,25.83,2,7.0,0,1
STR-500966,TreatmentA,B02,83.04,1.06,0.2939,604,22.31,0.5548,0.1823,32.88,32.61,2,6.19,0,0
STR-500356,TreatmentB,B02,102.55,1.2,0.2487,303,29.17,0.294,0.3823,23.09,15.45,1,6.93,1,0
STR-500241,TreatmentB,B02,103.78,1.02,0.2365,471,76.39,0.2815,0.2243,24.35,33.49,0,7.55,1,1
STR-500053,TreatmentB,B01,107.26,0.81,0.2271,175,13.97,0.6313,0.3506,9.02,32.53,3,6.82,1,1
STR-500179,TreatmentB,B01,112.04,4.78,0.1871,691,56.81,0.3921,0.3984,58.98,32.62,2,6.43,0,0
STR-500425,TreatmentB,B03,110.87,3.52,0.1972,59,23.41,0.3866,0.4573,3.97,29.34,4,7.21,1,1
STR-500833,TreatmentB,B01,112.28,1.17,0.2673,256,14.68,0.5314,0.4018,22.02,25.99,3,7.88,1,1
STR-500165,TreatmentA,B01,96.56,1.23,0.1884,218,36.28,0.3956,0.3789,49.6,29.12,2,4.22,1,0
STR-500051,Control,B01,91.64,1.35,0.2633,849,72.41,0.5261,0.263,35.49,24.76,4,8.38,0,0
STR-500886,Control,B01,126.57,2.74,0.1502,799,44.91,0.1785,0.3851,24.4,17.6,5,7.74,1,0
STR-500254,TreatmentA,B02,95.34,1.42,0.2536,129,29.52,0.4308,0.2144,19.33,26.67,4,5.15,1,1
STR-500023,TreatmentB,B03,106.75,2.35,0.259,159,20.33,0.3851,0.2218,17.04,31.59,3,7.02,1,1
STR-500839,TreatmentA,B02,93.94,1.61,0.2737,213,36.29,0.2211,0.1528,29.9,13.89,1,4.53,1,1
STR-500474,Control,B03,109.13,2.68,0.2319,239,35.95,0.1034,0.3551,30.6,30.69,2,6.51,0,1
STR-500761,TreatmentB,B03,96.62,0.77,0.1888,411,21.53,0.4056,0.1322,22.33,32.75,0,8.56,0,0
STR-500802,TreatmentA,B01,107.68,1.06,0.2099,205,33.63,0.7754,0.4426,56.04,12.61,3,8.25,0,1
STR-500566,TreatmentB,B02,109.95,0.73,0.2448,394,19.04,0.2057,0.2893,42.96,14.45,3,4.29,1,0
STR-500737,TreatmentA,B03,115.96,1.67,0.2472,258,31.07,0.4772,0.6073,75.16,16.46,2,6.43,0,1
STR-500654,Control,B01,93.68,1.71,0.1999,257,27.71,0.779,0.3203,50.35,27.38,1,7.82,1,1
STR-500857,TreatmentB,B01,107.25,1.8,0.2409,301,21.61,0.2431,0.4487,19.84,31.29,6,6.69,0,1
STR-500206,TreatmentB,B03,87.74,1.93,0.2617,340,31.3,0.5666,0.0989,28.86,24.72,2,6.62,1,0
STR-500108,Control,B01,83.57,2.32,0.2763,324,40.05,0.3489,0.5161,39.18,17.43,3,5.23,0,0
STR-500558,Control,B01,93.41,3.4,0.2361,208,64.93,0.5065,0.2771,17.26,20.96,2,7.57,1,0
STR-500610,TreatmentB,B02,81.93,1.81,0.2544,167,23.8,0.7814,0.1333,4.31,27.12,3,5.73,1,0
STR-500109,Control,B03,82.13,2.49,0.2698,243,21.04,0.4771,0.1907,39.49,33.65,3,6.59,0,1
STR-500106,TreatmentA,B01,87.93,1.88,0.2293,274,16.34,0.3039,0.1844,25.49,23.97,4,6.41,1,1
STR-500938,TreatmentB,B03,92.49,1.35,0.3664,217,38.81,0.3316,0.2858,21.49,23.05,3,7.17,0,1
STR-500501,Control,B03,101.32,1.91,0.2596,155,18.92,0.5233,0.4145,29.27,11.2,2,7.36,0,1
STR-500063,TreatmentA,B01,126.79,1.58,0.3041,702,41.87,0.3579,0.2408,36.59,32.65,2,5.26,1,0
STR-500958,Control,B02,89.54,1.79,0.2812,116,18.42,0.5609,0.4092,21.37,19.99,6,5.75,1,1
STR-500897,TreatmentB,B03,116.51,1.56,0.2316,304,49.45,0.4564,0.1779,26.34,31.86,4,6.17,1,1
STR-500569,TreatmentA,B01,106.39,2.17,0.207,224,56.95,0.3878,0.2237,69.28,25.66,3,7.63,1,1
STR-500068,TreatmentB,B02,113.21,2.4,0.206,213,93.13,0.2865,0.6122,0.32,17.56,0,10.6,1,0
STR-500671,TreatmentA,B02,116.09,3.01,0.2371,647,10.44,0.5231,0.1491,32.05,13.33,2,5.58,0,0
STR-500893,TreatmentB,B01,94.34,1.05,0.1978,133,23.92,0.2269,0.1586,34.11,27.7,3,9.15,1,1
STR-500861,TreatmentB,B01,84.99,0.61,0.2501,562,20.81,0.3442,0.385,64.56,19.13,2,9.79,0,0
STR-500512,TreatmentB,B01,116.94,1.62,0.2686,227,33.2,0.519,0.2699,18.11,18.01,1,4.71,0,0
STR-500583,TreatmentA,B02,109.11,1.11,0.1707,68,62.39,0.3361,0.2458,32.95,28.69,2,6.6,1,1
STR-500464,TreatmentB,B02,102.4,1.71,0.2472,277,100.82,0.319,0.5409,38.05,22.8,2,5.48,1,0
STR-500324,TreatmentA,B03,94.78,2.21,0.2429,411,25.78,0.6621,0.1729,22.96,36.54,2,8.51,1,0
STR-500378,TreatmentA,B03,117.65,1.13,0.2535,337,57.26,0.5814,0.3052,66.75,18.96,2,5.92,0,1
STR-500329,TreatmentA,B03,92.66,1.28,0.1958,238,45.41,0.5254,0.3689,36.49,37.69,6,6.31,1,1
STR-500181,Control,B01,89.4,2.11,0.3001,103,22.93,0.314,0.2024,36.21,37.04,1,6.27,0,1
STR-500231,Control,B01,102.41,1.89,0.2547,703,50.8,0.6229,0.2097,36.89,28.91,3,7.71,0,0
STR-500289,Control,B01,94.56,2.51,0.2082,731,19.07,0.405,0.629,37.04,15.99,3,4.86,0,0
STR-500763,TreatmentA,B02,112.87,3.03,0.2124,310,16.3,0.5865,0.2047,9.48,21.97,4,3.57,0,0
STR-500980,TreatmentA,B03,93.7,1.03,0.2407,476,41.83,0.4658,0.3943,32.78,28.39,5,5.44,0,1
STR-500537,Control,B03,83.98,3.19,0.2571,434,40.63,0.3236,0.3159,58.55,24.89,3,6.71,0,1
STR-500664,TreatmentB,B01,85.89,1.98,0.2754,328,48.89,0.3654,0.549,36.85,11.97,4,4.84,0,0
STR-500539,Control,B01,122.29,2.03,0.2396,313,35.23,0.548,0.1666,46.07,20.84,0,6.73,1,0
STR-500557,TreatmentA,B02,76.43,1.8,0.1827,372,27.13,0.5449,0.4009,24.44,3.97,0,6.98,1,1
STR-500293,TreatmentA,B01,96.29,2.0,0.1637,536,14.23,0.4283,0.3135,43.71,19.73,3,6.34,1,1
STR-500311,TreatmentB,B02,83.37,0.89,0.2973,215,48.57,0.276,0.3463,15.45,25.33,1,5.77,0,0
STR-500783,Control,B01,99.9,1.77,0.2521,198,26.03,0.6916,0.2862,26.63,16.1,1,7.99,0,0
STR-500297,TreatmentB,B01,72.83,1.09,0.1993,261,40.27,0.716,0.3256,-0.46,35.75,3,8.59,1,0
STR-500572,Control,B03,79.45,2.06,0.2305,419,43.91,0.2634,0.2638,28.47,23.56,4,2.9,1,0
STR-500002,TreatmentB,B02,85.84,2.31,0.2339,277,23.21,0.346,0.1926,14.0,30.86,5,4.39,0,0
STR-500725,Control,B01,111.14,3.39,0.2095,521,25.38,0.5847,0.2664,38.19,26.57,5,6.19,0,0
STR-500377,TreatmentA,B03,97.97,0.95,0.2341,180,70.87,0.376,0.1405,20.13,19.42,1,7.29,1,1
STR-500929,TreatmentB,B02,94.5,1.54,0.2309,318,58.85,0.6406,0.4209,26.11,39.01,1,8.44,0,1
STR-500217,TreatmentB,B01,95.98,1.13,0.2893,640,52.73,0.4494,0.4423,42.25,22.63,4,8.44,1,1
STR-500672,Control,B01,94.03,1.84,0.2504,511,19.6,0.4318,0.263,33.46,36.32,0,8.99,0,0
STR-500554,TreatmentB,B03,119.16,1.19,0.2504,239,14.78,0.1654,0.3589,2.13,19.81,4,4.5,1,0
STR-500275,TreatmentA,B02,94.91,1.88,0.2728,857,32.14,0.4319,0.3113,12.52,27.19,2,7.52,0,1
STR-500744,TreatmentA,B03,111.64,1.26,0.2204,476,21.4,0.5164,0.2475,78.34,18.83,3,6.17,0,1
STR-500208,TreatmentA,B03,84.9,1.27,0.2212,194,68.67,0.2907,0.1914,43.56,21.71,4,7.64,1,1
STR-500733,Control,B01,104.07,1.82,0.2724,290,45.08,0.3346,0.323,26.9,33.5,3,5.58,0,0
STR-500637,TreatmentB,B01,110.3,1.53,0.18,405,123.64,0.4448,0.1019,27.41,22.21,3,7.3,1,1
STR-500403,TreatmentA,B02,101.65,2.07,0.245,194,80.87,0.4598,0.185,12.83,36.43,3,1.9,1,0
STR-500064,TreatmentB,B02,105.18,2.28,0.2559,161,46.56,0.4896,0.2759,20.83,27.29,2,5.18,0,0
STR-500069,Control,B01,120.54,2.49,0.2472,135,32.01,0.5823,0.2335,90.07,29.12,3,6.03,0,1
STR-500371,TreatmentB,B01,89.86,1.54,0.2682,326,20.38,0.257,0.2214,15.4,23.18,3,6.74,0,1
STR-500428,Control,B02,92.06,2.28,0.2225,694,26.27,0.179,0.1351,50.18,26.45,4,7.88,0,1
STR-500380,Control,B03,66.22,2.55,0.3042,687,16.28,0.4385,0.369,98.95,31.76,2,7.21,0,1
STR-500626,TreatmentA,B02,84.28,1.31,0.2646,558,31.23,0.4058,0.1832,41.85,37.57,2,7.37,1,0
STR-500141,TreatmentB,B01,110.23,1.99,0.2211,593,32.5,0.3681,0.3939,41.16,15.26,2,6.36,1,1
STR-500326,TreatmentB,B02,75.2,0.47,0.2141,85,91.44,0.5192,0.5723,16.96,14.99,1,7.75,1,1
STR-500373,Control,B03,83.06,1.9,0.1961,249,43.96,0.4335,0.347,47.2,12.47,6,4.0,1,0
STR-500991,Control,B01,116.37,3.04,0.2586,46,43.46,0.4949,0.3788,26.36,24.46,0,5.64,0,1
STR-500465,TreatmentB,B02,111.9,0.77,0.238,130,26.52,0.5117,0.1809,25.89,31.72,1,5.47,1,0
STR-500204,TreatmentB,B02,99.75,1.93,0.2764,348,55.85,0.4194,0.2876,41.34,22.61,2,8.48,0,0
STR-500382,Control,B01,82.53,2.09,0.2686,421,37.23,0.3054,0.3559,53.23,20.8,1,8.27,1,0
STR-500435,Control,B01,112.79,1.35,0.243,175,34.83,0.4513,0.3863,27.92,16.32,1,7.41,1,1
STR-500767,Control,B01,97.29,2.08,0.2492,85,6.21,0.6027,0.2476,44.21,34.38,2,5.59,0,1
STR-500660,TreatmentA,B01,102.12,1.06,0.2837,279,42.05,0.4015,0.1298,32.49,23.32,1,5.62,1,1
STR-500210,Control,B02,74.51,2.42,0.3166,207,28.58,0.5558,0.223,76.11,30.39,4,6.73,0,1
STR-500790,Control,B03,78.02,2.18,0.2701,141,18.85,0.4929,0.3424,26.58,28.39,0,7.32,0,1
STR-500477,TreatmentA,B03,88.09,1.18,0.2891,259,156.67,0.667,0.2231,27.95,31.9,4,8.77,0,0
STR-500679,TreatmentB,B02,77.4,1.09,0.2264,170,46.79,0.4412,0.2765,10.16,30.08,1,6.65,0,1
STR-500993,TreatmentB,B02,92.81,0.55,0.192,192,56.13,0.5293,0.3732,21.54,28.08,2,5.24,1,1
STR-500144,Control,B02,81.92,1.92,0.237,342,96.07,0.3074,0.3968,77.39,19.75,5,7.87,0,1
STR-500230,Control,B03,99.8,2.82,0.2461,273,80.77,0.3234,0.391,26.93,34.02,1,7.02,0,1
STR-500125,TreatmentB,B01,125.01,1.37,0.2505,478,20.03,0.3063,0.2103,28.94,31.98,3,7.97,0,1
STR-500370,Control,B02,97.57,2.8,0.1627,242,63.94,0.4862,0.3709,46.13,20.18,2,7.06,0,1
STR-500123,Control,B03,136.06,4.12,0.2007,314,19.29,0.5305,0.1619,26.55,35.66,2,8.28,1,0
STR-500768,Control,B01,96.2,2.52,0.259,127,56.84,0.4314,0.1129,21.94,32.37,3,6.84,0,0
STR-500470,TreatmentA,B01,79.81,1.84,0.1973,587,28.66,0.4834,0.1511,31.11,26.82,5,6.97,1,1
STR-500935,TreatmentB,B01,104.24,1.38,0.2255,487,36.13,0.1618,0.3487,7.35,25.73,1,7.03,1,1
STR-500507,TreatmentB,B02,110.98,1.66,0.2434,718,28.5,0.5909,0.3009,48.07,23.6,3,8.22,0,1
STR-500390,TreatmentB,B01,92.47,1.28,0.2516,200,16.7,0.5185,0.3168,57.99,36.97,3,3.24,0,0
STR-500677,TreatmentB,B02,80.98,0.83,0.1694,76,8.32,0.246,0.1793,14.12,24.73,3,6.69,1,1
STR-500706,Control,B01,84.9,1.33,0.2416,229,26.36,0.5999,0.5193,73.07,20.25,0,7.05,0,1
STR-500669,TreatmentB,B02,59.73,2.69,0.2313,119,34.78,0.3015,0.1315,2.03,25.27,2,7.57,0,1
STR-500640,TreatmentB,B02,71.38,0.88,0.267,101,79.91,0.3076,0.3006,29.75,17.1,0,6.35,1,1
STR-500267,TreatmentA,B03,102.44,1.66,0.2858,170,36.27,0.4562,0.5431,20.6,19.46,4,3.9,1,0
STR-500186,TreatmentA,B03,86.1,1.4,0.2967,235,29.81,0.4339,0.3295,81.21,27.22,2,5.65,0,1
STR-500905,TreatmentB,B02,104.27,3.22,0.2501,755,39.75,0.5629,0.2788,30.52,23.2,1,6.86,0,1
STR-500118,TreatmentB,B03,92.83,0.73,0.2481,105,65.32,0.4214,0.296,23.34,18.17,1,7.48,1,1
STR-500353,TreatmentB,B03,90.22,2.2,0.2189,78,33.75,0.3454,0.3857,29.34,31.85,3,6.61,0,1
STR-500822,TreatmentA,B03,116.54,1.64,0.2488,193,82.95,0.2863,0.3413,42.01,15.03,3,7.08,1,1
STR-500738,TreatmentA,B03,99.47,2.77,0.2341,234,28.73,0.8658,0.2815,32.86,26.53,3,5.18,0,0
STR-500170,TreatmentA,B01,88.54,2.25,0.1961,131,22.67,0.5539,0.2948,21.75,17.64,1,5.5,0,1
STR-500661,Control,B01,108.5,1.62,0.2481,205,12.53,0.4101,0.319,51.14,20.31,0,7.6,0,0
STR-500431,TreatmentA,B03,80.52,1.11,0.2438,119,5.93,0.4963,0.3044,59.64,28.66,3,9.56,0,0
STR-500102,TreatmentB,B01,88.6,0.66,0.2632,356,88.35,0.543,0.1898,5.85,38.58,3,6.61,1,0
STR-500271,TreatmentB,B01,111.64,1.61,0.2425,318,18.96,0.4131,0.3926,9.45,22.5,4,5.13,1,0
STR-500088,TreatmentB,B03,97.96,1.06,0.235,367,33.02,0.273,0.3495,-0.13,25.67,3,8.98,0,0
STR-500235,Control,B01,83.91,1.7,0.2623,568,81.19,0.489,0.2074,75.33,31.21,4,6.05,0,1
STR-500437,TreatmentA,B01,71.85,1.67,0.2576,423,28.78,0.3925,0.2639,30.18,35.14,5,8.14,1,1
STR-500564,TreatmentB,B03,74.3,0.75,0.2645,240,26.67,0.4976,0.6206,29.1,23.19,3,6.55,1,1
STR-500815,TreatmentB,B01,105.0,2.03,0.2401,233,42.56,0.2281,0.2911,19.45,29.65,2,8.18,1,0
STR-500590,Control,B02,107.89,2.23,0.2212,239,81.66,0.4936,0.3426,29.98,29.14,2,6.79,0,0
STR-500901,TreatmentB,B02,126.98,1.66,0.2327,132,20.07,0.5851,0.4088,24.96,17.69,1,6.66,0,1
STR-500994,Control,B02,98.14,2.59,0.2474,232,26.43,0.256,0.2766,24.7,34.49,1,6.24,1,1
STR-500536,TreatmentA,B03,95.97,2.12,0.2766,281,76.09,0.3173,0.3095,66.81,15.56,5,8.75,0,0
STR-500568,TreatmentB,B01,118.72,0.89,0.2503,298,22.58,0.4182,0.4298,17.08,27.98,2,6.04,1,0
STR-500777,TreatmentB,B03,121.62,1.22,0.2232,471,34.34,0.2971,0.1085,31.27,18.7,2,8.93,1,1
STR-500245,TreatmentB,B02,112.48,0.36,0.2504,465,19.21,0.4751,0.3162,2.71,19.74,6,9.06,1,0
STR-500120,Control,B03,120.57,2.77,0.1939,412,12.07,0.4123,0.1181,72.85,31.39,3,8.79,0,0
STR-500555,TreatmentB,B02,106.93,0.58,0.2462,766,22.54,0.2696,0.2165,14.59,15.69,4,4.4,1,0
STR-500395,TreatmentA,B01,106.95,4.38,0.1915,196,89.21,0.3878,0.2015,25.12,23.17,3,5.92,0,0
STR-500681,TreatmentB,B03,115.35,1.42,0.2137,387,44.72,0.6368,0.2213,22.37,16.81,6,6.41,1,0
STR-500456,TreatmentA,B03,74.18,1.42,0.1948,129,59.88,0.3255,0.3667,43.45,16.0,0,7.16,1,1
STR-500771,Control,B02,98.88,1.56,0.2801,141,44.21,0.4956,0.6947,25.45,25.2,1,7.24,0,1
STR-500816,TreatmentB,B03,109.65,1.52,0.2463,226,23.12,0.4992,0.2212,33.37,26.5,2,6.05,0,0
STR-500552,TreatmentB,B02,103.37,1.42,0.2529,410,31.63,0.3869,0.3434,14.22,28.1,0,4.33,1,0
STR-500716,TreatmentB,B03,81.25,1.14,0.2432,197,16.64,0.4874,0.3747,18.14,23.14,6,7.66,0,1
STR-500169,Control,B01,107.7,1.73,0.263,99,42.72,0.3661,0.1572,25.04,26.89,3,7.5,1,1
STR-500605,TreatmentB,B01,110.09,1.11,0.2165,313,240.78,0.3705,0.3505,18.42,23.9,3,8.77,0,0
STR-500078,TreatmentB,B02,81.9,1.34,0.1853,303,28.61,0.3203,0.373,45.53,26.57,4,6.91,0,1
STR-500748,Control,B01,94.26,1.72,0.2372,184,20.86,0.3125,0.0967,79.61,30.0,2,7.14,0,1
STR-500381,TreatmentB,B01,93.92,0.97,0.224,1591,32.0,0.4828,0.3408,9.96,23.54,0,4.0,1,0
STR-500191,TreatmentB,B01,97.16,0.8,0.2049,328,18.74,0.7162,0.4002,90.26,22.81,0,6.23,0,1
STR-500280,TreatmentB,B02,100.99,0.65,0.261,737,18.82,0.4976,0.3194,35.67,18.15,1,7.54,1,0
STR-500081,TreatmentA,B03,103.49,2.43,0.2811,183,49.16,0.4803,0.2253,16.67,17.11,2,6.12,0,0
STR-500684,TreatmentB,B02,107.79,1.11,0.2049,338,22.38,0.5085,0.5922,4.17,24.64,2,7.12,1,1
STR-500405,TreatmentA,B03,94.41,1.73,0.2247,210,51.55,0.55,0.4394,23.41,33.05,0,8.8,0,1
STR-500696,TreatmentA,B02,96.9,2.85,0.2721,357,23.01,0.1787,0.4025,20.78,31.03,2,8.56,1,0
STR-500365,TreatmentA,B03,79.11,1.46,0.2477,332,16.55,0.4221,0.3494,20.16,29.05,5,6.77,1,1
STR-500406,Control,B03,54.16,2.36,0.2053,336,26.81,0.3627,0.1861,32.27,19.94,0,7.26,0,1
STR-500625,Control,B01,126.14,3.39,0.1908,350,17.8,0.3341,0.2484,19.09,42.4,2,8.43,0,0
STR-500701,TreatmentA,B03,115.01,1.69,0.2537,341,18.57,0.4029,0.486,28.6,31.71,3,6.67,1,1
STR-500211,Control,B02,101.09,3.07,0.2035,312,64.83,0.5998,0.404,26.2,15.23,0,2.47,0,1
STR-500922,TreatmentA,B02,110.26,2.02,0.2707,338,25.86,0.4247,0.2714,19.0,24.38,2,8.13,0,1
STR-500486,Control,B01,94.79,2.07,0.2447,287,14.46,0.6945,0.2403,58.56,15.21,0,8.8,1,0
STR-500095,TreatmentB,B01,129.92,4.28,0.1761,280,28.06,0.5629,0.3479,11.06,21.15,3,5.71,0,1
STR-500621,TreatmentB,B03,102.98,1.3,0.2123,380,21.45,0.2257,0.3023,86.75,16.08,3,6.19,1,1
STR-500694,TreatmentB,B03,134.26,1.34,0.2567,353,51.96,0.2905,0.3995,34.72,32.14,3,7.75,1,0
STR-500441,TreatmentA,B03,114.47,1.14,0.2732,193,63.73,0.4929,0.2782,49.59,17.55,4,6.95,1,1
STR-500058,Control,B03,82.41,2.48,0.2222,176,22.53,0.4723,0.2651,26.91,23.38,1,5.62,1,0
STR-500688,Control,B02,89.48,1.71,0.2337,161,11.49,0.1696,0.1776,66.38,34.56,3,9.69,0,0
STR-500497,TreatmentA,B03,107.67,1.91,0.2468,88,27.72,0.195,0.475,87.92,23.1,1,8.69,0,0
STR-500772,TreatmentA,B03,104.24,0.83,0.1658,700,26.46,0.1519,0.1454,13.49,17.99,4,8.25,1,1
STR-500430,TreatmentB,B02,98.33,0.6,0.285,208,16.65,0.5792,0.2942,12.53,29.37,1,6.03,1,1
STR-500845,TreatmentB,B02,95.23,1.16,0.2411,181,37.27,0.4602,0.3561,62.94,29.96,1,6.7,1,1
STR-500852,TreatmentA,B03,93.74,1.73,0.2502,256,34.36,0.2269,0.3185,35.13,27.93,1,6.44,0,1
STR-500225,TreatmentB,B01,121.7,0.61,0.2238,423,47.27,0.6432,0.3412,1.83,21.33,6,6.82,1,0
STR-500360,Control,B01,92.65,2.2,0.2071,153,19.63,0.578,0.4758,27.39,20.89,4,5.82,1,1
STR-500965,TreatmentA,B02,115.26,1.27,0.2708,207,51.09,0.4385,0.2293,60.66,21.02,2,7.51,1,1
STR-500407,TreatmentA,B02,99.89,1.15,0.2052,76,17.55,0.3088,0.5149,30.31,27.34,1,6.46,1,0
STR-500581,TreatmentA,B02,98.8,1.76,0.2049,501,39.56,0.4381,0.291,18.5,27.39,2,8.03,1,0
STR-500947,TreatmentB,B02,61.01,0.92,0.2208,251,112.1,0.449,0.3638,25.92,22.18,2,6.27,1,1
STR-500227,TreatmentA,B01,106.22,1.88,0.2363,505,33.15,0.5603,0.2013,37.77,18.36,2,4.64,0,0
STR-500221,Control,B01,104.04,1.82,0.1944,500,21.79,0.2588,0.5057,39.35,29.16,4,4.94,1,0
STR-500623,TreatmentA,B03,101.44,1.95,0.2408,164,36.85,0.2858,0.2936,33.88,23.35,2,5.98,1,1
STR-500313,Control,B03,69.99,1.4,0.2763,170,36.9,0.4495,0.1002,31.2,16.79,3,8.37,0,0
STR-500791,Control,B02,102.9,2.37,0.2243,147,33.72,0.3784,0.3709,43.16,30.18,4,5.73,0,0
STR-500879,Control,B02,112.96,1.8,0.2839,264,103.16,0.4777,0.2153,64.7,21.19,2,5.33,0,0
STR-500525,TreatmentA,B01,87.09,2.89,0.2611,821,40.22,0.2684,0.3961,64.48,24.84,1,7.05,0,0
STR-500195,TreatmentA,B03,106.1,1.59,0.2633,406,74.85,0.3854,0.2011,29.55,13.67,0,10.11,0,0
STR-500327,Control,B02,104.94,3.05,0.2021,152,36.65,0.4875,0.4346,50.11,22.71,3,7.71,0,1
STR-500084,TreatmentA,B02,121.29,1.5,0.231,607,42.39,0.3562,0.3071,28.39,28.45,2,7.85,0,0
STR-500449,TreatmentA,B03,97.85,1.09,0.1332,149,51.9,0.3735,0.1081,17.38,17.82,2,8.83,1,0
STR-500402,TreatmentA,B03,93.97,1.76,0.2397,240,56.32,0.2306,0.2426,26.28,23.08,2,9.22,1,0
STR-500942,Control,B01,89.93,1.82,0.1831,156,22.02,0.5933,0.1152,42.72,20.91,4,5.82,1,0
STR-500198,Control,B03,101.38,4.88,0.2147,155,109.3,0.3179,0.1484,31.1,22.45,4,7.6,0,1
STR-500325,TreatmentB,B01,93.47,0.95,0.1623,253,28.72,0.4888,0.282,19.66,17.09,2,7.11,1,0
STR-500752,TreatmentB,B01,88.63,0.98,0.2907,440,23.52,0.2741,0.11,14.68,30.59,2,4.82,1,1
STR-500076,Control,B03,58.66,1.72,0.2905,247,72.06,0.2767,0.2819,35.95,20.84,0,5.59,1,0
STR-500756,TreatmentA,B01,80.8,3.45,0.1806,92,59.65,0.4093,0.1983,32.48,30.78,1,8.57,1,0
STR-500066,TreatmentA,B01,134.25,0.92,0.2524,122,87.67,0.5963,0.3351,37.67,24.44,2,6.72,1,1
STR-500620,TreatmentB,B01,95.61,1.49,0.2734,243,32.18,0.2736,0.4064,41.64,21.96,2,6.62,0,0
STR-500785,Control,B02,75.87,3.57,0.1912,187,55.44,0.743,0.3884,32.52,29.56,3,6.84,0,1
STR-500698,TreatmentB,B03,89.19,1.08,0.2301,245,42.42,0.1129,0.2842,10.91,32.11,3,6.21,1,1
STR-500232,TreatmentA,B01,106.82,1.96,0.1709,357,12.25,0.2566,0.426,45.32,30.18,1,7.95,1,0
STR-500903,Control,B03,111.71,1.64,0.3202,329,67.62,0.1384,0.1464,45.45,25.86,2,7.38,1,1
STR-500279,TreatmentB,B03,88.52,1.91,0.2319,116,20.18,0.4281,0.0793,32.84,21.57,1,8.82,1,0
STR-500639,TreatmentA,B03,109.31,0.98,0.2458,164,46.12,0.6418,0.2069,47.19,35.01,1,5.62,0,0
STR-500634,TreatmentB,B02,104.08,0.98,0.217,522,37.42,0.2518,0.4619,22.59,30.61,3,6.97,1,0
STR-500234,TreatmentB,B03,117.43,0.67,0.2878,342,142.71,0.5805,0.2296,24.78,24.11,1,5.07,0,0
STR-500617,TreatmentB,B03,110.88,3.15,0.2751,271,30.01,0.4083,0.2801,41.21,15.86,1,7.21,0,1
STR-500057,TreatmentA,B03,93.16,2.1,0.2222,749,116.93,0.3381,0.3257,44.66,25.48,3,7.64,0,0
STR-500110,TreatmentB,B03,97.6,1.13,0.2521,138,12.44,0.4792,0.5884,10.67,18.42,2,5.25,1,0
STR-500039,TreatmentA,B03,107.56,1.72,0.2094,373,56.18,0.346,0.1948,55.99,15.31,1,5.63,0,0
STR-500111,TreatmentB,B01,112.93,1.17,0.1914,117,35.38,0.5069,0.2931,21.71,24.32,3,5.9,1,0
STR-500005,Control,B03,106.51,1.77,0.2525,362,12.69,0.2751,0.4295,29.54,32.74,2,6.44,1,0
STR-500629,Control,B03,111.63,1.3,0.2444,168,29.87,0.5332,0.278,34.12,16.47,3,5.64,1,0
